// Generated by scripts/build_monospace_fallback.py; SIL OFL 1.1.
0x4f, 0x54, 0x54, 0x4f, 0x00, 0x0c, 0x00, 0x80, 0x00, 0x03, 0x00, 0x40, 0x43, 0x46, 0x46, 0x20,
0x10, 0xde, 0xa1, 0x27, 0x00, 0x00, 0x05, 0xac, 0x00, 0x00, 0x64, 0xd8, 0x47, 0x53, 0x55, 0x42,
0x93, 0x15, 0x82, 0x16, 0x00, 0x00, 0x6a, 0x84, 0x00, 0x00, 0x00, 0x36, 0x4f, 0x53, 0x2f, 0x32,
0x74, 0xf6, 0xe2, 0x4a, 0x00, 0x00, 0x01, 0x30, 0x00, 0x00, 0x00, 0x60, 0x63, 0x6d, 0x61, 0x70,
0x3e, 0x5e, 0xfc, 0x9e, 0x00, 0x00, 0x03, 0x70, 0x00, 0x00, 0x02, 0x1c, 0x67, 0x61, 0x73, 0x70,
0x00, 0x00, 0x00, 0x10, 0x00, 0x00, 0x6a, 0xbc, 0x00, 0x00, 0x00, 0x08, 0x68, 0x65, 0x61, 0x64,
0x0c, 0xf9, 0x7e, 0x93, 0x00, 0x00, 0x00, 0xcc, 0x00, 0x00, 0x00, 0x36, 0x68, 0x68, 0x65, 0x61,
0x0d, 0x3c, 0x02, 0x70, 0x00, 0x00, 0x01, 0x04, 0x00, 0x00, 0x00, 0x24, 0x68, 0x6d, 0x74, 0x78,
0x4a, 0x79, 0x44, 0x25, 0x00, 0x00, 0x6a, 0xc4, 0x00, 0x00, 0x01, 0xc0, 0x6d, 0x61, 0x78, 0x70,
0x00, 0xdf, 0x50, 0x00, 0x00, 0x00, 0x01, 0x28, 0x00, 0x00, 0x00, 0x06, 0x6e, 0x61, 0x6d, 0x65,
0x29, 0x56, 0x44, 0x80, 0x00, 0x00, 0x01, 0x90, 0x00, 0x00, 0x01, 0xe0, 0x70, 0x6f, 0x73, 0x74,
0xff, 0x6d, 0x00, 0x64, 0x00, 0x00, 0x05, 0x8c, 0x00, 0x00, 0x00, 0x20, 0x70, 0x72, 0x65, 0x70,
0x68, 0x06, 0x8c, 0x85, 0x00, 0x00, 0x6c, 0x84, 0x00, 0x00, 0x00, 0x07, 0x00, 0x01, 0x00, 0x00,
0x00, 0x03, 0x00, 0x42, 0x2c, 0x6b, 0xc3, 0x14, 0x5f, 0x0f, 0x3c, 0xf5, 0x00, 0x0b, 0x08, 0x00,
0x00, 0x00, 0x00, 0x00, 0xc4, 0xf0, 0x11, 0x2e, 0x00, 0x00, 0x00, 0x00, 0xe4, 0x10, 0x21, 0xee,
0xff, 0xd6, 0xfd, 0xd5, 0x05, 0x01, 0x08, 0x62, 0x00, 0x01, 0x00, 0x09, 0x00, 0x02, 0x00, 0x00,
0x00, 0x00, 0x00, 0x00, 0x00, 0x01, 0x00, 0x00, 0x08, 0x62, 0xfd, 0xd5, 0x00, 0x00, 0x04, 0xcd,
0xff, 0xd6, 0xff, 0xcc, 0x05, 0x01, 0x00, 0x01, 0x00, 0x00, 0x00, 0x00, 0x00, 0x00, 0x00, 0x00,
0x00, 0x00, 0x00, 0x00, 0x00, 0x00, 0x00, 0x01, 0x00, 0x00, 0x50, 0x00, 0x00, 0xdf, 0x00, 0x00,
0x00, 0x04, 0x04, 0xcd, 0x02, 0xbc, 0x00, 0x05, 0x00, 0x00, 0x05, 0x9a, 0x05, 0x33, 0x00, 0x00,
0x01, 0x1f, 0x05, 0x9a, 0x05, 0x33, 0x00, 0x00, 0x03, 0xd1, 0x00, 0x66, 0x02, 0x00, 0x00, 0x00,
0x00, 0x00, 0x00, 0x00, 0x00, 0x00, 0x00, 0x00, 0x00, 0x00, 0x80, 0x00, 0x00, 0xaf, 0x00, 0x00,
0x00, 0x4a, 0x00, 0x00, 0x00, 0x20, 0x00, 0x00, 0x00, 0x00, 0x47, 0x4f, 0x4f, 0x47, 0x00, 0x20,
0x00, 0x20, 0xff, 0xfd, 0x08, 0x62, 0xfd, 0xd5, 0x00, 0x00, 0x08, 0x62, 0x02, 0x2b, 0x00, 0x00,
0x00, 0x01, 0x00, 0x00, 0x00, 0x00, 0x04, 0x3a, 0x05, 0xb0, 0x00, 0x00, 0x00, 0x20, 0x00, 0x01,
0x00, 0x00, 0x00, 0x08, 0x00, 0x66, 0x00, 0x03, 0x00, 0x01, 0x04, 0x09, 0x00, 0x00, 0x00, 0xb4,
0x00, 0x00, 0x00, 0x03, 0x00, 0x01, 0x04, 0x09, 0x00, 0x01, 0x00, 0x14, 0x00, 0xb4, 0x00, 0x03,
0x00, 0x01, 0x04, 0x09, 0x00, 0x02, 0x00, 0x08, 0x00, 0xc8, 0x00, 0x03, 0x00, 0x01, 0x04, 0x09,
0x00, 0x03, 0x00, 0x20, 0x00, 0xd0, 0x00, 0x03, 0x00, 0x01, 0x04, 0x09, 0x00, 0x04, 0x00, 0x1e,
0x00, 0xf0, 0x00, 0x03, 0x00, 0x01, 0x04, 0x09, 0x00, 0x05, 0x00, 0x1a, 0x01, 0x0e, 0x00, 0x03,
0x00, 0x01, 0x04, 0x09, 0x00, 0x06, 0x00, 0x1c, 0x01, 0x28, 0x00, 0x03, 0x00, 0x01, 0x04, 0x09,
0x00, 0x0e, 0x00, 0x36, 0x01, 0x44, 0x00, 0x43, 0x00, 0x6f, 0x00, 0x70, 0x00, 0x79, 0x00, 0x72,
0x00, 0x69, 0x00, 0x67, 0x00, 0x68, 0x00, 0x74, 0x00, 0x20, 0x00, 0x32, 0x00, 0x30, 0x00, 0x31,
0x00, 0x35, 0x00, 0x20, 0x00, 0x54, 0x00, 0x68, 0x00, 0x65, 0x00, 0x20, 0x00, 0x52, 0x00, 0x6f,
0x00, 0x62, 0x00, 0x6f, 0x00, 0x74, 0x00, 0x6f, 0x00, 0x20, 0x00, 0x4d, 0x00, 0x6f, 0x00, 0x6e,
0x00, 0x6f, 0x00, 0x20, 0x00, 0x50, 0x00, 0x72, 0x00, 0x6f, 0x00, 0x6a, 0x00, 0x65, 0x00, 0x63,
0x00, 0x74, 0x00, 0x20, 0x00, 0x41, 0x00, 0x75, 0x00, 0x74, 0x00, 0x68, 0x00, 0x6f, 0x00, 0x72,
0x00, 0x73, 0x00, 0x20, 0x00, 0x28, 0x00, 0x68, 0x00, 0x74, 0x00, 0x74, 0x00, 0x70, 0x00, 0x73,
0x00, 0x3a, 0x00, 0x2f, 0x00, 0x2f, 0x00, 0x67, 0x00, 0x69, 0x00, 0x74, 0x00, 0x68, 0x00, 0x75,
0x00, 0x62, 0x00, 0x2e, 0x00, 0x63, 0x00, 0x6f, 0x00, 0x6d, 0x00, 0x2f, 0x00, 0x67, 0x00, 0x6f,
0x00, 0x6f, 0x00, 0x67, 0x00, 0x6c, 0x00, 0x65, 0x00, 0x66, 0x00, 0x6f, 0x00, 0x6e, 0x00, 0x74,
0x00, 0x73, 0x00, 0x2f, 0x00, 0x72, 0x00, 0x6f, 0x00, 0x62, 0x00, 0x6f, 0x00, 0x74, 0x00, 0x6f,
0x00, 0x6d, 0x00, 0x6f, 0x00, 0x6e, 0x00, 0x6f, 0x00, 0x29, 0x00, 0x57, 0x00, 0x69, 0x00, 0x74,
0x00, 0x63, 0x00, 0x68, 0x00, 0x20, 0x00, 0x4d, 0x00, 0x6f, 0x00, 0x6e, 0x00, 0x6f, 0x00, 0x42,
0x00, 0x6f, 0x00, 0x6c, 0x00, 0x64, 0x00, 0x57, 0x00, 0x69, 0x00, 0x74, 0x00, 0x63, 0x00, 0x68,
0x00, 0x4d, 0x00, 0x6f, 0x00, 0x6e, 0x00, 0x6f, 0x00, 0x2d, 0x00, 0x42, 0x00, 0x6f, 0x00, 0x6c,
0x00, 0x64, 0x00, 0x2d, 0x00, 0x31, 0x00, 0x57, 0x00, 0x69, 0x00, 0x74, 0x00, 0x63, 0x00, 0x68,
0x00, 0x20, 0x00, 0x4d, 0x00, 0x6f, 0x00, 0x6e, 0x00, 0x6f, 0x00, 0x20, 0x00, 0x42, 0x00, 0x6f,
0x00, 0x6c, 0x00, 0x64, 0x00, 0x56, 0x00, 0x65, 0x00, 0x72, 0x00, 0x73, 0x00, 0x69, 0x00, 0x6f,
0x00, 0x6e, 0x00, 0x20, 0x00, 0x33, 0x00, 0x2e, 0x00, 0x30, 0x00, 0x30, 0x00, 0x31, 0x00, 0x57,
0x00, 0x69, 0x00, 0x74, 0x00, 0x63, 0x00, 0x68, 0x00, 0x4d, 0x00, 0x6f, 0x00, 0x6e, 0x00, 0x6f,
0x00, 0x2d, 0x00, 0x42, 0x00, 0x6f, 0x00, 0x6c, 0x00, 0x64, 0x00, 0x68, 0x00, 0x74, 0x00, 0x74,
0x00, 0x70, 0x00, 0x73, 0x00, 0x3a, 0x00, 0x2f, 0x00, 0x2f, 0x00, 0x6f, 0x00, 0x70, 0x00, 0x65,
0x00, 0x6e, 0x00, 0x66, 0x00, 0x6f, 0x00, 0x6e, 0x00, 0x74, 0x00, 0x6c, 0x00, 0x69, 0x00, 0x63,
0x00, 0x65, 0x00, 0x6e, 0x00, 0x73, 0x00, 0x65, 0x00, 0x2e, 0x00, 0x6f, 0x00, 0x72, 0x00, 0x67,
0x00, 0x00, 0x00, 0x02, 0x00, 0x00, 0x00, 0x03, 0x00, 0x00, 0x00, 0x14, 0x00, 0x03, 0x00, 0x01,
0x00, 0x00, 0x00, 0x14, 0x00, 0x04, 0x02, 0x08, 0x00, 0x00, 0x00, 0x3c, 0x00, 0x20, 0x00, 0x04,
0x00, 0x1c, 0x00, 0x2f, 0x00, 0x39, 0x00, 0x40, 0x00, 0x5a, 0x00, 0x60, 0x00, 0x7a, 0x00, 0x7e,
0x00, 0xff, 0x01, 0x31, 0x01, 0x53, 0x01, 0x78, 0x01, 0x92, 0x02, 0xc6, 0x02, 0xdc, 0x03, 0xbc,
0x20, 0x14, 0x20, 0x1a, 0x20, 0x1e, 0x20, 0x22, 0x20, 0x26, 0x20, 0x30, 0x20, 0x3a, 0x20, 0xac,
0x21, 0x22, 0x22, 0x12, 0x22, 0x1e, 0x22, 0x60, 0x22, 0x65, 0xff, 0xfd, 0xff, 0xff, 0x00, 0x00,
0x00, 0x20, 0x00, 0x30, 0x00, 0x3a, 0x00, 0x41, 0x00, 0x5b, 0x00, 0x61, 0x00, 0x7b, 0x00, 0xa0,
0x01, 0x31, 0x01, 0x52, 0x01, 0x78, 0x01, 0x92, 0x02, 0xc6, 0x02, 0xdc, 0x03, 0xbc, 0x20, 0x13,
0x20, 0x18, 0x20, 0x1c, 0x20, 0x20, 0x20, 0x26, 0x20, 0x30, 0x20, 0x39, 0x20, 0xac, 0x21, 0x22,
0x22, 0x12, 0x22, 0x1e, 0x22, 0x60, 0x22, 0x64, 0xff, 0xfd, 0xff, 0xff, 0x00, 0x00, 0x00, 0x06,
0x00, 0x00, 0xff, 0xc1, 0x00, 0x00, 0xff, 0xbb, 0x00, 0x00, 0x00, 0x00, 0xff, 0xa7, 0xfe, 0xf8,
0xff, 0x39, 0xfe, 0xc2, 0xfe, 0x0a, 0xfd, 0xf5, 0xfd, 0x22, 0xe0, 0x50, 0xe0, 0x4f, 0xe0, 0x4e,
0x00, 0x00, 0xe0, 0x38, 0xe0, 0x54, 0xe0, 0x3a, 0xe0, 0x2d, 0xdf, 0x69, 0xde, 0x64, 0xde, 0xbc,
0xde, 0x1b, 0xde, 0x1a, 0x00, 0x5b, 0x00, 0x01, 0x00, 0x3c, 0x00, 0x00, 0x00, 0x58, 0x00, 0x00,
0x00, 0x62, 0x00, 0x00, 0x00, 0x6a, 0x00, 0x70, 0x00, 0x00, 0x00, 0x00, 0x00, 0x00, 0x00, 0x00,
0x00, 0x00, 0x00, 0x00, 0x00, 0x00, 0x00, 0x00, 0x00, 0x00, 0x00, 0x00, 0x01, 0x1a, 0x00, 0x00,
0x00, 0x00, 0x00, 0x00, 0x00, 0x00, 0x00, 0x00, 0x00, 0x00, 0x00, 0x00, 0x00, 0x00, 0x00, 0x00,
0x00, 0x00, 0x00, 0x00, 0x00, 0x01, 0x00, 0x56, 0x00, 0x66, 0x00, 0x8e, 0x00, 0x50, 0x00, 0x83,
0x00, 0x8f, 0x00, 0x65, 0x00, 0x6d, 0x00, 0x6e, 0x00, 0x8d, 0x00, 0x75, 0x00, 0x5a, 0x00, 0x62,
0x00, 0x5b, 0x00, 0x81, 0x00, 0x5c, 0x00, 0x5d, 0x00, 0x7c, 0x00, 0x7a, 0x00, 0x7d, 0x00, 0x58,
0x00, 0x90, 0x00, 0x6f, 0x00, 0x82, 0x00, 0x70, 0x00, 0x93, 0x00, 0x61, 0x00, 0xce, 0x00, 0x71,
0x00, 0x85, 0x00, 0x72, 0x00, 0x94, 0x00, 0xdc, 0x00, 0x57, 0x00, 0x51, 0x00, 0x52, 0x00, 0x55,
0x00, 0x53, 0x00, 0x86, 0x00, 0x91, 0x00, 0xd3, 0x00, 0x89, 0x00, 0x43, 0x00, 0xd5, 0x00, 0x80,
0x00, 0xdd, 0x00, 0x8a, 0x00, 0xd2, 0x00, 0x8c, 0x00, 0x77, 0x00, 0x41, 0x00, 0x42, 0x00, 0xcf,
0x00, 0xd6, 0x00, 0x92, 0x00, 0x5f, 0x00, 0xd4, 0x00, 0x40, 0x00, 0x44, 0x00, 0xd7, 0x00, 0x46,
0x00, 0x45, 0x00, 0x47, 0x00, 0x59, 0x00, 0x98, 0x00, 0x95, 0x00, 0x96, 0x00, 0x9a, 0x00, 0x97,
0x00, 0x99, 0x00, 0x48, 0x00, 0x9b, 0x00, 0x9f, 0x00, 0x9c, 0x00, 0x9d, 0x00, 0x9e, 0x00, 0xa4,
0x00, 0xa1, 0x00, 0xa2, 0x00, 0xa3, 0x00, 0xa0, 0x00, 0xa5, 0x00, 0xa9, 0x00, 0xa6, 0x00, 0xa7,
0x00, 0xab, 0x00, 0xa8, 0x00, 0x78, 0x00, 0xaa, 0x00, 0xaf, 0x00, 0xac, 0x00, 0xad, 0x00, 0xae,
0x00, 0xb0, 0x00, 0x4d, 0x00, 0x4f, 0x00, 0xb5, 0x00, 0xb2, 0x00, 0xb3, 0x00, 0xb7, 0x00, 0xb4,
0x00, 0xb6, 0x00, 0x49, 0x00, 0xb8, 0x00, 0xbc, 0x00, 0xb9, 0x00, 0xba, 0x00, 0xbb, 0x00, 0xc0,
0x00, 0xbd, 0x00, 0xbe, 0x00, 0xbf, 0x00, 0x4c, 0x00, 0xc1, 0x00, 0xc5, 0x00, 0xc2, 0x00, 0xc3,
0x00, 0xc7, 0x00, 0xc4, 0x00, 0x79, 0x00, 0xc6, 0x00, 0xcb, 0x00, 0xc8, 0x00, 0xc9, 0x00, 0xca,
0x00, 0xcc, 0x00, 0x4e, 0x00, 0xcd, 0x00, 0x87, 0x00, 0x88, 0x00, 0x60, 0x00, 0x03, 0x00, 0x00,
0x00, 0x00, 0x00, 0x00, 0xff, 0x6a, 0x00, 0x64, 0x00, 0x00, 0x00, 0x00, 0x00, 0x00, 0x00, 0x00,
0x00, 0x00, 0x00, 0x00, 0x00, 0x00, 0x00, 0x00, 0x00, 0x00, 0x00, 0x00, 0x01, 0x00, 0x04, 0x02,
0x00, 0x01, 0x01, 0x01, 0x0f, 0x57, 0x69, 0x74, 0x63, 0x68, 0x4d, 0x6f, 0x6e, 0x6f, 0x2d, 0x42,
0x6f, 0x6c, 0x64, 0x00, 0x01, 0x01, 0x01, 0x3f, 0xf8, 0x24, 0x00, 0xf8, 0x25, 0x01, 0xf8, 0x26,
0x0c, 0x00, 0xf8, 0x27, 0x02, 0xf8, 0x28, 0x03, 0xfb, 0x2a, 0x0c, 0x03, 0xef, 0x0c, 0x04, 0x1e,
0x48, 0x82, 0x8c, 0x8f, 0x8b, 0x8b, 0x1e, 0x48, 0x82, 0x8c, 0x8f, 0x8b, 0x8b, 0x0c, 0x07, 0x61,
0xfc, 0xbf, 0x1c, 0x05, 0x01, 0x1c, 0x08, 0x62, 0x05, 0x1c, 0x19, 0x57, 0x0f, 0x91, 0x1c, 0x56,
0x6d, 0x12, 0x1c, 0x1a, 0x84, 0x11, 0x00, 0x0e, 0x01, 0x01, 0x09, 0x12, 0x1e, 0x22, 0x2a, 0x31,
0x41, 0x48, 0x4f, 0x52, 0x77, 0xcb, 0xda, 0xe4, 0x6e, 0x6f, 0x74, 0x65, 0x71, 0x75, 0x61, 0x6c,
0x6c, 0x65, 0x73, 0x73, 0x65, 0x71, 0x75, 0x61, 0x6c, 0x67, 0x72, 0x65, 0x61, 0x74, 0x65, 0x72,
0x65, 0x71, 0x75, 0x61, 0x6c, 0x45, 0x75, 0x72, 0x6f, 0x69, 0x6e, 0x66, 0x69, 0x6e, 0x69, 0x74,
0x79, 0x75, 0x6e, 0x69, 0x46, 0x46, 0x46, 0x44, 0x6e, 0x6f, 0x6e, 0x62, 0x72, 0x65, 0x61, 0x6b,
0x69, 0x6e, 0x67, 0x73, 0x70, 0x61, 0x63, 0x65, 0x75, 0x6e, 0x69, 0x30, 0x30, 0x41, 0x44, 0x75,
0x6e, 0x69, 0x30, 0x33, 0x42, 0x43, 0x33, 0x2e, 0x31, 0x52, 0x6f, 0x62, 0x6f, 0x74, 0x6f, 0x20,
0x4d, 0x6f, 0x6e, 0x6f, 0x20, 0x69, 0x73, 0x20, 0x61, 0x20, 0x74, 0x72, 0x61, 0x64, 0x65, 0x6d,
0x61, 0x72, 0x6b, 0x20, 0x6f, 0x66, 0x20, 0x47, 0x6f, 0x6f, 0x67, 0x6c, 0x65, 0x2e, 0x43, 0x6f,
0x70, 0x79, 0x72, 0x69, 0x67, 0x68, 0x74, 0x20, 0x32, 0x30, 0x31, 0x35, 0x20, 0x54, 0x68, 0x65,
0x20, 0x52, 0x6f, 0x62, 0x6f, 0x74, 0x6f, 0x20, 0x4d, 0x6f, 0x6e, 0x6f, 0x20, 0x50, 0x72, 0x6f,
0x6a, 0x65, 0x63, 0x74, 0x20, 0x41, 0x75, 0x74, 0x68, 0x6f, 0x72, 0x73, 0x20, 0x68, 0x74, 0x74,
0x70, 0x73, 0x3a, 0x67, 0x69, 0x74, 0x68, 0x75, 0x62, 0x2e, 0x63, 0x6f, 0x6d, 0x67, 0x6f, 0x6f,
0x67, 0x6c, 0x65, 0x66, 0x6f, 0x6e, 0x74, 0x73, 0x72, 0x6f, 0x62, 0x6f, 0x74, 0x6f, 0x6d, 0x6f,
0x6e, 0x6f, 0x57, 0x69, 0x74, 0x63, 0x68, 0x20, 0x4d, 0x6f, 0x6e, 0x6f, 0x20, 0x42, 0x6f, 0x6c,
0x64, 0x57, 0x69, 0x74, 0x63, 0x68, 0x20, 0x4d, 0x6f, 0x6e, 0x6f, 0x00, 0x6c, 0x02, 0x00, 0x01,
0x00, 0x50, 0x00, 0x6b, 0x00, 0x8a, 0x01, 0x87, 0x01, 0x93, 0x02, 0x2e, 0x02, 0x4c, 0x02, 0x50,
0x02, 0x54, 0x02, 0x58, 0x02, 0x5c, 0x02, 0x60, 0x02, 0x64, 0x02, 0x68, 0x02, 0x6c, 0x02, 0x9c,
0x02, 0xb8, 0x02, 0xd1, 0x02, 0xd6, 0x03, 0xdd, 0x04, 0x67, 0x04, 0xd7, 0x04, 0xe4, 0x06, 0x1a,
0x06, 0xdd, 0x06, 0xe2, 0x06, 0xe7, 0x07, 0xf9, 0x08, 0x3a, 0x08, 0x6b, 0x08, 0x8a, 0x08, 0x9c,
0x08, 0xb7, 0x08, 0xc0, 0x08, 0xcc, 0x08, 0xd4, 0x08, 0xda, 0x08, 0xe0, 0x08, 0xe6, 0x09, 0x3d,
0x09, 0x6c, 0x09, 0x89, 0x09, 0x92, 0x0a, 0x7a, 0x0a, 0xfe, 0x0b, 0x01, 0x0b, 0x36, 0x0b, 0x39,
0x0b, 0x5d, 0x0b, 0x78, 0x0b, 0x92, 0x0b, 0xc2, 0x0b, 0xe3, 0x0c, 0x01, 0x0c, 0x1e, 0x0c, 0x39,
0x0c, 0x41, 0x0e, 0x4a, 0x0f, 0x7f, 0x10, 0x58, 0x11, 0x3a, 0x11, 0xa3, 0x12, 0x30, 0x12, 0xae,
0x12, 0xb1, 0x13, 0x14, 0x13, 0x87, 0x13, 0xd9, 0x14, 0x19, 0x14, 0x1c, 0x14, 0x24, 0x14, 0x5a,
0x14, 0x8d, 0x14, 0xc0, 0x14, 0xd8, 0x14, 0xfd, 0x15, 0x1e, 0x15, 0x40, 0x15, 0x5e, 0x15, 0x70,
0x15, 0x8b, 0x15, 0xa6, 0x15, 0xb8, 0x15, 0xd2, 0x15, 0xea, 0x15, 0xff, 0x16, 0x11, 0x16, 0x22,
0x16, 0x33, 0x16, 0x44, 0x16, 0x55, 0x16, 0x66, 0x16, 0x75, 0x16, 0x83, 0x16, 0x91, 0x16, 0x9e,
0x16, 0xab, 0x16, 0xb8, 0x16, 0xc5, 0x16, 0xd1, 0x16, 0xdd, 0x16, 0xe9, 0x16, 0xf5, 0x17, 0x00,
0x17, 0x0b, 0x17, 0x16, 0x17, 0x21, 0x17, 0x2c, 0x15, 0xae, 0x43, 0x1d, 0xac, 0x97, 0xb3, 0x1b,
0xb3, 0xac, 0x41, 0x1d, 0x68, 0x1a, 0x68, 0x7e, 0x6d, 0x72, 0x74, 0x1e, 0x73, 0x71, 0x6a, 0x7f,
0x64, 0x1b, 0x64, 0x6a, 0x97, 0xa3, 0x71, 0x1f, 0x72, 0xa2, 0x7e, 0xa9, 0xae, 0x1a, 0xf8, 0x74,
0x16, 0xad, 0x43, 0x1d, 0xab, 0x97, 0xb4, 0x1b, 0xb4, 0xab, 0x41, 0x1d, 0x69, 0x1a, 0x67, 0x7e,
0x6d, 0x72, 0x73, 0x1e, 0x73, 0x72, 0x6a, 0x7f, 0x63, 0x1b, 0x63, 0x6a, 0x97, 0xa3, 0x72, 0x1f,
0x72, 0xa3, 0x7e, 0xa9, 0xaf, 0x1a, 0x0e, 0x15, 0x6f, 0xfb, 0x71, 0x07, 0xfb, 0x2e, 0xf7, 0x13,
0xfb, 0x2d, 0xfb, 0x13, 0x05, 0xfb, 0x6d, 0xa9, 0x06, 0xf7, 0xb6, 0xf7, 0x85, 0x05, 0xf7, 0x35,
0x06, 0x0e, 0xf9, 0xe3, 0xf7, 0xc4, 0x15, 0x7a, 0x1d, 0xf7, 0x93, 0x06, 0xf8, 0x68, 0x32, 0x1d,
0xfb, 0xbc, 0x06, 0xfc, 0x59, 0xf8, 0xb3, 0x15, 0xf7, 0xc2, 0x06, 0xfb, 0x29, 0xf8, 0xac, 0x05,
0x0b, 0xf9, 0xc5, 0x16, 0x84, 0x98, 0x86, 0x9b, 0x86, 0x9c, 0x86, 0x9c, 0x87, 0x9e, 0x88, 0x9e,
0x68, 0x1d, 0xc7, 0x97, 0xc0, 0xa2, 0xba, 0x1e, 0xa2, 0xb9, 0xae, 0xb1, 0xba, 0xa9, 0xb5, 0xa6,
0xbf, 0xa0, 0xc9, 0x9a, 0x08, 0x99, 0xc8, 0xd2, 0x92, 0xdb, 0x1b, 0xf7, 0x2f, 0xcb, 0x06, 0xa4,
0x87, 0xa2, 0x83, 0xa0, 0x1e, 0x83, 0x9f, 0x7f, 0x9c, 0x7b, 0x9a, 0x7a, 0x9a, 0x77, 0x97, 0x72,
0x94, 0x08, 0x93, 0x72, 0x6d, 0x8f, 0x6a, 0x1b, 0x6e, 0x71, 0x88, 0x84, 0x76, 0x1f, 0x76, 0x84,
0x79, 0x81, 0x7e, 0x7e, 0x7f, 0x80, 0x82, 0x7d, 0x86, 0x7b, 0x08, 0x85, 0x7b, 0x88, 0x79, 0x78,
0x1a, 0xfb, 0xaa, 0x06, 0xb9, 0x95, 0xb7, 0xa0, 0xb4, 0x1e, 0x9f, 0xb4, 0xa9, 0xb0, 0xb2, 0xaa,
0xb2, 0xaa, 0xba, 0xa4, 0xc4, 0x9e, 0x08, 0x9d, 0xc3, 0xcb, 0x94, 0xd4, 0x1b, 0xcc, 0xc8, 0x83,
0x7b, 0xc4, 0x1f, 0xc3, 0x7b, 0xbc, 0x73, 0xb4, 0x6c, 0xb4, 0x6c, 0xac, 0x63, 0xa2, 0x5c, 0x08,
0xa2, 0x5b, 0x97, 0x54, 0x4c, 0x1a, 0xfc, 0x64, 0x07, 0x51, 0x8f, 0x5b, 0x92, 0x65, 0x1e, 0x92,
0x65, 0x96, 0x6a, 0x99, 0x70, 0x08, 0x7a, 0x07, 0xfc, 0xb7, 0xf7, 0x57, 0x15, 0xa7, 0xa5, 0x8e,
0x92, 0xa3, 0x1f, 0xa3, 0x92, 0xa1, 0x93, 0x9e, 0x96, 0x9e, 0x96, 0x9c, 0x97, 0x99, 0x99, 0x99,
0x98, 0x96, 0x99, 0x93, 0x99, 0x08, 0xf7, 0x4e, 0xfb, 0x22, 0x07, 0x60, 0x66, 0x87, 0x83, 0x6c,
0x1f, 0x6c, 0x82, 0x72, 0x80, 0x78, 0x7c, 0x78, 0x7c, 0x7c, 0x79, 0x82, 0x76, 0x08, 0x82, 0x76,
0x86, 0x74, 0x72, 0x1a, 0x78, 0x8f, 0x79, 0x92, 0x7b, 0x1e, 0x92, 0x7a, 0x95, 0x7d, 0x98, 0x80,
0x98, 0x80, 0x9c, 0x83, 0x9f, 0x85, 0x08, 0x84, 0x9e, 0xa2, 0x88, 0xa5, 0x1b, 0x0b, 0x15, 0xfb,
0x6f, 0x06, 0xfb, 0x9c, 0xf7, 0xab, 0x05, 0x2c, 0x1d, 0x0e, 0x15, 0x6d, 0x86, 0x6d, 0x81, 0x6e,
0x1e, 0x80, 0x6e, 0x7d, 0x71, 0x78, 0x74, 0x78, 0x74, 0x74, 0x78, 0x71, 0x7d, 0x08, 0x7d, 0x70,
0x6e, 0x84, 0x6a, 0x1b, 0x6b, 0x6f, 0x90, 0x94, 0x74, 0x1f, 0x73, 0x94, 0x75, 0x95, 0x76, 0x96,
0x76, 0x96, 0x76, 0x95, 0x76, 0x28, 0x1d, 0x76, 0x74, 0x8f, 0x71, 0x1b, 0x7f, 0x80, 0x89, 0x87,
0x80, 0x1f, 0x80, 0x86, 0x82, 0x85, 0x83, 0x82, 0x82, 0x83, 0x85, 0x81, 0x86, 0x7f, 0x08, 0x86,
0x7e, 0x89, 0x7d, 0x7c, 0x1a, 0xfb, 0x20, 0xa9, 0x05, 0xa8, 0x90, 0xa9, 0x96, 0xa8, 0x1e, 0x95,
0xa8, 0x99, 0xa6, 0x9e, 0xa2, 0x9e, 0xa2, 0xa1, 0x9e, 0xa6, 0x9a, 0x08, 0x9a, 0xa5, 0xa8, 0x92,
0xac, 0x1b, 0xa6, 0xa4, 0x87, 0x82, 0xa2, 0x1f, 0xa2, 0x82, 0xa2, 0x81, 0xa2, 0x80, 0xa1, 0x80,
0xa1, 0x81, 0xa2, 0x82, 0x08, 0x82, 0xa2, 0xa3, 0x86, 0xa4, 0x1b, 0x98, 0x97, 0x8e, 0x90, 0x97,
0x1f, 0x96, 0x90, 0x95, 0x92, 0x93, 0x94, 0x92, 0x93, 0x91, 0x95, 0x90, 0x97, 0x08, 0x8f, 0x96,
0x8d, 0x98, 0x99, 0x1a, 0x0e, 0xfa, 0x97, 0xf9, 0x12, 0x15, 0xfc, 0xea, 0xfc, 0x2f, 0xf9, 0x4f,
0xfb, 0x77, 0xfe, 0x69, 0x1c, 0x05, 0xb0, 0xfa, 0x66, 0xfb, 0x79, 0xfd, 0x4c, 0xfc, 0x03, 0xf8,
0xea, 0x06, 0x0b, 0x90, 0x08, 0x90, 0x0b, 0x94, 0x08, 0x94, 0x0b, 0xa8, 0x1f, 0xa8, 0x0b, 0x84,
0x08, 0x84, 0x0b, 0x86, 0x08, 0x86, 0x0b, 0xf7, 0xc6, 0x06, 0x0b, 0x98, 0x08, 0x98, 0x0b, 0x7e,
0x08, 0x7e, 0x0b, 0xf9, 0xe3, 0x16, 0x7b, 0xf7, 0x2c, 0x66, 0x55, 0x5f, 0x61, 0x58, 0x6c, 0x19,
0x64, 0x1d, 0xa8, 0xa6, 0x8e, 0x91, 0xa3, 0x1f, 0xa2, 0x91, 0xa0, 0x94, 0x9d, 0x96, 0x9a, 0x95,
0x99, 0x97, 0x97, 0x99, 0x97, 0x99, 0x95, 0x9b, 0x94, 0x9c, 0x08, 0xf9, 0x8b, 0xf7, 0xab, 0xfe,
0xce, 0x07, 0x0b, 0xf9, 0x08, 0xf9, 0xa5, 0x15, 0xf7, 0xb3, 0xf9, 0x33, 0x05, 0xf7, 0xc9, 0x06,
0xfc, 0x5e, 0xfe, 0x4c, 0x89, 0x1d, 0xfc, 0x57, 0xfa, 0x40, 0x05, 0xf7, 0xc8, 0x06, 0x0b, 0xf7,
0x5b, 0xfa, 0xce, 0x15, 0xf8, 0xf1, 0xfd, 0xec, 0xf7, 0xca, 0xfb, 0x76, 0xfe, 0x27, 0xf7, 0x76,
0xf7, 0xd8, 0xf9, 0x09, 0xfb, 0xd8, 0x06, 0x0b, 0x1c, 0xfa, 0x50, 0x05, 0x0b, 0x1c, 0x04, 0x76,
0xf8, 0x5c, 0x15, 0x86, 0x42, 0x7c, 0x49, 0x70, 0x50, 0x70, 0x50, 0x66, 0x59, 0x5e, 0x62, 0x5e,
0x62, 0x55, 0x6b, 0x4c, 0x75, 0x08, 0x74, 0x4c, 0x46, 0x80, 0x3f, 0x1b, 0x4f, 0x54, 0x93, 0x9b,
0x58, 0x1f, 0x58, 0x9a, 0x5d, 0xa2, 0x62, 0xa8, 0x66, 0xa6, 0x6a, 0xac, 0x6e, 0xb2, 0x6e, 0xb2,
0x72, 0xb5, 0x77, 0xba, 0x78, 0xba, 0x7c, 0xbe, 0x81, 0xc3, 0x08, 0x80, 0xc3, 0x86, 0xc6, 0xca,
0x1a, 0xf7, 0x58, 0x07, 0xc6, 0x90, 0xc3, 0x94, 0xc0, 0x1e, 0x94, 0xc0, 0x99, 0xbc, 0x9e, 0xb8,
0xa0, 0xc2, 0xa7, 0xbd, 0xae, 0xb6, 0xae, 0xb6, 0xb2, 0xb0, 0xb7, 0xa9, 0xb2, 0xa4, 0xb7, 0x9f,
0xba, 0x99, 0x08, 0x98, 0xba, 0xbd, 0x92, 0xc1, 0x1b, 0xdb, 0xd2, 0x80, 0x74, 0xca, 0x1f, 0xc9,
0x74, 0xc0, 0x6b, 0xb7, 0x61, 0xb7, 0x61, 0xae, 0x58, 0xa4, 0x4e, 0xa4, 0x4e, 0x9b, 0x47, 0x92,
0x3f, 0x08, 0xfb, 0xac, 0x06, 0x88, 0xb6, 0x85, 0xb1, 0x81, 0xac, 0x80, 0xac, 0x7c, 0xa6, 0x78,
0xa1, 0x77, 0xa0, 0x72, 0x9c, 0x6e, 0x96, 0x08, 0x96, 0x6d, 0x67, 0x90, 0x62, 0x1b, 0x75, 0x77,
0x89, 0x86, 0x78, 0x1f, 0x78, 0x86, 0x79, 0x84, 0x7b, 0x82, 0x70, 0x7b, 0x74, 0x74, 0x78, 0x6e,
0x78, 0x6d, 0x7b, 0x68, 0x80, 0x64, 0x82, 0x6c, 0x85, 0x6a, 0x87, 0x66, 0x08, 0x87, 0x66, 0x89,
0x63, 0x60, 0x1a, 0xfb, 0x5a, 0x07, 0x51, 0x8e, 0x57, 0x92, 0x5e, 0x1e, 0x91, 0x5d, 0x95, 0x63,
0x98, 0x69, 0x94, 0x74, 0x97, 0x76, 0x98, 0x79, 0x98, 0x79, 0x99, 0x7c, 0x9c, 0x7f, 0x9d, 0x7e,
0x9f, 0x81, 0xa2, 0x85, 0x08, 0x84, 0xa1, 0xa4, 0x88, 0xa6, 0x1b, 0xb0, 0xac, 0x90, 0x94, 0x29,
0x1d, 0x94, 0xa4, 0x9a, 0xa0, 0x9f, 0xa0, 0x9f, 0x9b, 0xa5, 0x97, 0xaa, 0x97, 0xaa, 0x92, 0xb1,
0x8e, 0xb7, 0x08, 0x0b, 0xf9, 0x00, 0x54, 0x1d, 0x53, 0x80, 0x57, 0x73, 0x5b, 0x72, 0x5b, 0x6a,
0x62, 0x61, 0x68, 0x61, 0x68, 0x5a, 0x70, 0x54, 0x78, 0x08, 0x77, 0x53, 0x50, 0x81, 0x4d, 0x1b,
0x37, 0x41, 0x99, 0xa8, 0x4c, 0x1f, 0x4c, 0xa7, 0x56, 0xb2, 0x61, 0xbc, 0x60, 0xbc, 0x6b, 0xc5,
0x76, 0xce, 0x08, 0x75, 0xcd, 0x80, 0xd2, 0xd7, 0x1a, 0xa9, 0x07, 0xd7, 0x96, 0xd2, 0xa0, 0xce,
0x1e, 0xa0, 0xcd, 0xab, 0xc5, 0xb6, 0xbc, 0xb6, 0xbc, 0xc0, 0xb2, 0xca, 0xa8, 0x08, 0xa8, 0xca,
0xd4, 0x99, 0xde, 0x1b, 0xce, 0xc8, 0x81, 0x77, 0xc4, 0x1f, 0xc4, 0x77, 0xbc, 0x6f, 0xb4, 0x67,
0xb4, 0x66, 0xaa, 0x5f, 0xa2, 0x58, 0xa2, 0x57, 0x95, 0x51, 0x8a, 0x4b, 0x55, 0x1d, 0x5f, 0x67,
0x82, 0x79, 0x6e, 0x1f, 0x6e, 0x79, 0x75, 0x73, 0x7a, 0x6d, 0x7a, 0x6d, 0x7f, 0x7e, 0x1d, 0x8e,
0x82, 0x1d, 0xa2, 0x73, 0xa8, 0x79, 0x08, 0x79, 0xa8, 0xaf, 0x82, 0xb8, 0x1b, 0x0b, 0x15, 0x80,
0x53, 0x9e, 0x88, 0x9d, 0x85, 0x9d, 0x84, 0x19, 0x9d, 0x83, 0x9b, 0x80, 0x99, 0x7e, 0x99, 0x7d,
0x96, 0x7a, 0x94, 0x77, 0x08, 0x94, 0x76, 0x8f, 0x73, 0x6e, 0x1a, 0x68, 0x84, 0x6b, 0x7c, 0x6e,
0x1e, 0x7c, 0x6e, 0x76, 0x73, 0x6e, 0x77, 0x6e, 0x76, 0x67, 0x7b, 0x60, 0x80, 0x08, 0x80, 0x60,
0x5a, 0x85, 0x52, 0x1b, 0x84, 0xf7, 0x34, 0x05, 0x9c, 0x9a, 0x8d, 0x8e, 0x9a, 0x1f, 0x99, 0x8e,
0x97, 0x8f, 0x96, 0x91, 0x96, 0x92, 0x93, 0x93, 0x92, 0x96, 0x08, 0x91, 0x96, 0x8e, 0x98, 0x9a,
0x1a, 0x98, 0x88, 0x97, 0x86, 0x94, 0x1e, 0x86, 0x94, 0x82, 0x93, 0x80, 0x91, 0x80, 0x92, 0x7c,
0x90, 0x78, 0x8e, 0x78, 0x8e, 0x75, 0x8d, 0x71, 0x8d, 0xaa, 0xf7, 0x21, 0x18, 0x0e, 0x15, 0xfb,
0x17, 0xce, 0xf8, 0x93, 0xfa, 0x3e, 0xf7, 0x17, 0x48, 0x05, 0x0e, 0xf9, 0xdb, 0xf7, 0xbd, 0x15,
0x9c, 0x87, 0x99, 0x84, 0x98, 0x1e, 0x83, 0x98, 0x7d, 0x97, 0x78, 0x96, 0x77, 0x96, 0x71, 0x95,
0x6a, 0x94, 0x6a, 0x94, 0x62, 0x95, 0x59, 0x94, 0x4c, 0x98, 0x51, 0x9b, 0x57, 0x9e, 0x56, 0x9e,
0x5e, 0xa2, 0x66, 0xa6, 0x66, 0xa6, 0x6e, 0xaa, 0x76, 0xae, 0x08, 0x76, 0xae, 0x80, 0xb4, 0xb9,
0x1a, 0xb8, 0x96, 0xb5, 0xa0, 0xb4, 0x1e, 0xa0, 0xb4, 0xaa, 0xae, 0xb3, 0xaa, 0xb3, 0xaa, 0xbc,
0xa3, 0xc4, 0x9d, 0x08, 0x9d, 0xc4, 0xcc, 0x94, 0xd3, 0x1b, 0xd6, 0xcf, 0x82, 0x7a, 0xc7, 0x1f,
0xc7, 0x79, 0xbe, 0x73, 0xb5, 0x6c, 0xb4, 0x6c, 0xab, 0x66, 0xa1, 0x60, 0x08, 0xa1, 0x60, 0x96,
0x5d, 0x59, 0x1a, 0xfb, 0xaa, 0x06, 0x9d, 0x88, 0x9c, 0x85, 0x9b, 0x1e, 0x85, 0x9a, 0x82, 0x99,
0x7f, 0x98, 0x7a, 0x9c, 0x75, 0x98, 0x6f, 0x95, 0x08, 0x95, 0x6e, 0x69, 0x90, 0x63, 0x1b, 0x69,
0x6d, 0x88, 0x84, 0x72, 0x1f, 0x72, 0x84, 0x76, 0x82, 0x7b, 0x7f, 0x7c, 0x80, 0x80, 0x7f, 0x84,
0x7d, 0x08, 0x83, 0x7c, 0x87, 0x7c, 0x7b, 0x1a, 0x7b, 0x8e, 0x7c, 0x92, 0x7e, 0x1e, 0x92, 0x7d,
0x97, 0x7f, 0x9c, 0x80, 0x9c, 0x80, 0xa2, 0x81, 0xa8, 0x82, 0xa8, 0x82, 0xb1, 0x83, 0xb8, 0x84,
0xcc, 0x80, 0xc8, 0x7e, 0xc3, 0x7a, 0xc3, 0x7a, 0xbb, 0x76, 0xb4, 0x71, 0xb4, 0x70, 0xab, 0x6b,
0xa2, 0x66, 0x08, 0xa2, 0x65, 0x96, 0x5e, 0x57, 0x1a, 0x5b, 0x80, 0x5f, 0x74, 0x63, 0x1e, 0x74,
0x62, 0x6a, 0x68, 0x61, 0x6e, 0x60, 0x6e, 0x58, 0x74, 0x4f, 0x7b, 0x08, 0x7a, 0x4f, 0x48, 0x83,
0x41, 0x1b, 0x3a, 0x43, 0x96, 0xa0, 0x4d, 0x1f, 0x4c, 0xa0, 0x57, 0xa7, 0x61, 0xae, 0x61, 0xad,
0x6b, 0xb2, 0x76, 0xb7, 0x08, 0x75, 0xb6, 0x80, 0xb7, 0xb7, 0x1a, 0xf7, 0x9d, 0x06, 0x8d, 0x6e,
0x93, 0x72, 0x99, 0x76, 0x99, 0x76, 0x9d, 0x7a, 0xa1, 0x7e, 0xa1, 0x7e, 0xa4, 0x81, 0xa8, 0x85,
0x08, 0x85, 0xa7, 0xa8, 0x88, 0xa9, 0x1b, 0xaf, 0xab, 0x8e, 0x92, 0xa6, 0x1f, 0xa6, 0x91, 0xa1,
0x93, 0x9c, 0x96, 0x9c, 0x96, 0x97, 0x97, 0x94, 0x99, 0x08, 0x93, 0x99, 0x8f, 0x9a, 0x9c, 0x1a,
0x0b, 0x15, 0xa7, 0x91, 0xa5, 0x96, 0xa3, 0x1e, 0x96, 0xa3, 0x9a, 0xa0, 0x9e, 0x9c, 0x9e, 0x9c,
0xa2, 0x99, 0xa5, 0x95, 0x08, 0x95, 0xa5, 0xa7, 0x90, 0xa8, 0x1b, 0xa8, 0xa7, 0x86, 0x81, 0xa4,
0x1f, 0xa4, 0x81, 0xa1, 0x7d, 0x9e, 0x7a, 0x9e, 0x7a, 0x99, 0x76, 0x96, 0x73, 0x08, 0x96, 0x73,
0x90, 0x71, 0x6f, 0x1a, 0x6f, 0x86, 0x71, 0x80, 0x74, 0x1e, 0x80, 0x73, 0x7d, 0x77, 0x78, 0x7a,
0x78, 0x7a, 0x75, 0x7d, 0x72, 0x82, 0x08, 0x82, 0x72, 0x6f, 0x86, 0x6e, 0x1b, 0x6e, 0x6f, 0x90,
0x94, 0x71, 0x1f, 0x71, 0x94, 0x74, 0x99, 0x78, 0x9c, 0x78, 0x9c, 0x7c, 0x9f, 0x80, 0xa3, 0x08,
0x80, 0xa2, 0x85, 0xa5, 0xa7, 0x1a, 0xf7, 0x06, 0x16, 0x7c, 0x8e, 0x7e, 0x90, 0x7f, 0x1e, 0x90,
0x7e, 0x92, 0x81, 0x94, 0x82, 0x94, 0x83, 0x95, 0x85, 0x97, 0x2b, 0x1d, 0x97, 0x98, 0x89, 0x99,
0x1b, 0x98, 0x98, 0x8d, 0x90, 0x96, 0x1f, 0x96, 0x8f, 0x95, 0x91, 0x93, 0x93, 0x94, 0x94, 0x93,
0x95, 0x90, 0x98, 0x08, 0x90, 0x97, 0x8d, 0x99, 0x9a, 0x1a, 0x9a, 0x89, 0x98, 0x45, 0x1d, 0x85,
0x95, 0x83, 0x94, 0x82, 0x94, 0x81, 0x91, 0x80, 0x27, 0x1d, 0x7f, 0x7e, 0x8d, 0x7d, 0x1b, 0x7d,
0x7e, 0x58, 0x1d, 0x83, 0x82, 0x82, 0x83, 0x82, 0x85, 0x81, 0x86, 0x7f, 0x08, 0x86, 0x7f, 0x88,
0x7e, 0x7c, 0x1a, 0x0e, 0xfa, 0xd8, 0x72, 0x1d, 0x0b, 0x74, 0x73, 0x7a, 0x6e, 0x0b, 0x1c, 0x04,
0x6c, 0xf7, 0x3e, 0x15, 0x79, 0x75, 0x72, 0x75, 0x6c, 0x74, 0x6c, 0x74, 0x66, 0x77, 0x60, 0x79,
0x60, 0x78, 0x5a, 0x7c, 0x56, 0x80, 0x08, 0x80, 0x56, 0x51, 0x85, 0x4e, 0x1b, 0x56, 0x59, 0x91,
0x98, 0x5c, 0x1f, 0x5c, 0x97, 0x5f, 0x9d, 0x64, 0xa2, 0x64, 0xa3, 0x68, 0xa8, 0x6c, 0xae, 0x6b,
0xae, 0x70, 0xb2, 0x75, 0xb8, 0x72, 0xbc, 0x78, 0xc3, 0x7e, 0xc9, 0x08, 0x7e, 0xc9, 0x84, 0xce,
0xd4, 0x1a, 0xf7, 0x5a, 0x07, 0xd0, 0x91, 0xcc, 0x98, 0xc7, 0x1e, 0x98, 0xc6, 0x9d, 0xc1, 0xa2,
0xbc, 0xa1, 0xb6, 0xa5, 0xb2, 0xa8, 0xae, 0xa8, 0xae, 0xaa, 0xa9, 0xae, 0xa4, 0xb4, 0xa8, 0xb7,
0xa0, 0xbb, 0x9a, 0x08, 0x9a, 0xbb, 0xbe, 0x92, 0xc0, 0x1b, 0xdd, 0xd3, 0x81, 0x76, 0xc8, 0x1f,
0xc8, 0x76, 0xbe, 0x6e, 0xb5, 0x64, 0xb5, 0x64, 0xac, 0x5b, 0xa3, 0x53, 0xa2, 0x53, 0x9b, 0x4c,
0x92, 0x45, 0x08, 0xfb, 0xa6, 0x06, 0x86, 0xae, 0x84, 0xab, 0x82, 0xa6, 0x81, 0xa6, 0x7e, 0xa2,
0x7a, 0x9e, 0x78, 0xa0, 0x74, 0x9a, 0x6f, 0x96, 0x08, 0x95, 0x6e, 0x69, 0x90, 0x64, 0x1b, 0x76,
0x76, 0x88, 0x84, 0x77, 0x1f, 0x77, 0x84, 0x78, 0x82, 0x7a, 0x7e, 0x74, 0x7a, 0x77, 0x74, 0x79,
0x6f, 0x78, 0x6f, 0x7c, 0x6a, 0x7f, 0x65, 0x82, 0x6e, 0x84, 0x6a, 0x86, 0x67, 0x08, 0x86, 0x67,
0x88, 0x64, 0x61, 0x1a, 0xfb, 0x5c, 0x07, 0x56, 0x8f, 0x5b, 0x92, 0x60, 0x1e, 0x92, 0x60, 0x94,
0x64, 0x98, 0x6a, 0x93, 0x78, 0x94, 0x79, 0x96, 0x7b, 0x95, 0x7a, 0x96, 0x7d, 0x98, 0x7e, 0xa0,
0x76, 0xa4, 0x7b, 0xa8, 0x80, 0xa7, 0x80, 0xab, 0x85, 0xaf, 0x8a, 0x08, 0xa1, 0xa1, 0x8d, 0x8e,
0xa0, 0x1f, 0xa0, 0x8e, 0x9f, 0x90, 0x9e, 0x91, 0x9e, 0x91, 0x9b, 0x92, 0x9a, 0x93, 0x99, 0x92,
0x96, 0x93, 0x92, 0x94, 0x8c, 0xf7, 0x9c, 0x18, 0xfb, 0x85, 0xf7, 0x66, 0xf8, 0x9d, 0x06, 0x0b,
0xf7, 0x71, 0x16, 0xfb, 0x56, 0xfa, 0xce, 0x05, 0xf7, 0x92, 0x06, 0xdc, 0xfd, 0x17, 0x98, 0x24,
0x9e, 0xf2, 0xf7, 0x09, 0xf9, 0x17, 0x05, 0xf7, 0x4e, 0x06, 0xf7, 0x09, 0xfd, 0x14, 0x9e, 0x24,
0x99, 0xf4, 0xdb, 0xf9, 0x12, 0x05, 0xf7, 0x93, 0x06, 0xfb, 0x56, 0xfe, 0xce, 0x05, 0xfb, 0x88,
0x06, 0xfb, 0x0b, 0xf8, 0xd6, 0x74, 0xf7, 0x02, 0x75, 0xfb, 0x02, 0xfb, 0x07, 0xfc, 0xd6, 0x05,
0x0b, 0xbe, 0x9c, 0xb7, 0xad, 0xaf, 0x1e, 0xae, 0xad, 0xba, 0x9d, 0xc8, 0x1b, 0xc7, 0xba, 0x79,
0x68, 0xae, 0x1f, 0xad, 0x68, 0x9c, 0x5f, 0x57, 0x1a, 0x57, 0x7a, 0x60, 0x68, 0x69, 0x1e, 0x68,
0x68, 0x5c, 0x7a, 0x50, 0x1b, 0x50, 0x5c, 0x9c, 0xae, 0x68, 0x1f, 0x68, 0xae, 0x7a, 0xb6, 0xbe,
0x1a, 0x0b, 0xf8, 0x43, 0xf7, 0x77, 0x15, 0xf9, 0x66, 0xfb, 0x77, 0xfe, 0xbc, 0xf7, 0x40, 0x06,
0xf9, 0x56, 0xfa, 0xb3, 0x05, 0xfd, 0x54, 0xf7, 0x79, 0xfa, 0xa8, 0x06, 0x8c, 0xfb, 0x3b, 0x05,
0x0b, 0xf8, 0x44, 0xf7, 0x77, 0x15, 0xf9, 0x3e, 0xfb, 0x77, 0xfe, 0x58, 0x1c, 0x05, 0xb0, 0xf7,
0xae, 0x06, 0x0b, 0x15, 0xda, 0x96, 0xd4, 0xa2, 0xce, 0x1e, 0xa2, 0xce, 0xac, 0xc5, 0xb7, 0xbc,
0xb6, 0xbc, 0xc1, 0xb2, 0xca, 0xa7, 0x08, 0xa7, 0xca, 0xd3, 0x99, 0xdc, 0x1b, 0x0b, 0x7f, 0x73,
0xa4, 0x1f, 0xa4, 0x72, 0x98, 0x6e, 0x0b, 0x29, 0x1d, 0x6f, 0x99, 0x67, 0x60, 0x1a, 0x60, 0x7d,
0x67, 0x6e, 0x0b, 0x98, 0xa8, 0xa4, 0xa4, 0x1e, 0xa3, 0xa4, 0x0b, 0x7e, 0x68, 0x83, 0x64, 0x08,
0x0b, 0x86, 0x98, 0x1e, 0x86, 0x98, 0x0b, 0xce, 0x81, 0xd3, 0xda, 0x1a, 0x0b, 0xfa, 0x2a, 0xfa,
0xe2, 0x15, 0xb5, 0xb2, 0x88, 0x86, 0xaf, 0x1f, 0xae, 0x85, 0xa8, 0x85, 0xa1, 0x84, 0x62, 0xfb,
0xa9, 0x18, 0x66, 0x94, 0x66, 0x91, 0x65, 0x90, 0x08, 0x8f, 0x64, 0x67, 0x8d, 0x68, 0x1b, 0x67,
0x6b, 0x88, 0x85, 0x6e, 0x1f, 0x6e, 0x84, 0x71, 0x82, 0x74, 0x7e, 0x70, 0x7c, 0x73, 0x79, 0x78,
0x74, 0x78, 0x74, 0x7b, 0x71, 0x7e, 0x6c, 0x08, 0xfd, 0x1e, 0xfb, 0xaa, 0xfa, 0xce, 0xf7, 0x97,
0x07, 0x96, 0xfb, 0x2d, 0x8d, 0x73, 0xb7, 0xc8, 0xc0, 0xbc, 0xc8, 0xae, 0x19, 0xae, 0xc8, 0xce,
0x9c, 0xd4, 0x1b, 0x0b, 0xf8, 0xc9, 0xf8, 0xea, 0x15, 0xfb, 0x2e, 0xfb, 0x3d, 0x05, 0xfc, 0x41,
0xfb, 0xae, 0x1c, 0x05, 0xb0, 0xf7, 0xae, 0xfd, 0x2f, 0x07, 0xf7, 0x18, 0xf7, 0x46, 0xf7, 0xf6,
0xf8, 0x7d, 0x05, 0xf7, 0xec, 0x06, 0xfc, 0x7e, 0xfd, 0x18, 0xf8, 0x90, 0xfd, 0xc0, 0x05, 0xfb,
0xe2, 0x06, 0x0b, 0xf8, 0x86, 0xf7, 0x73, 0x15, 0xf9, 0x11, 0xfb, 0x73, 0xfe, 0x8d, 0xf7, 0x40,
0x06, 0xf8, 0xf2, 0xf9, 0x40, 0x05, 0xfc, 0xe4, 0xf7, 0x76, 0xfa, 0x66, 0xfb, 0x3b, 0x06, 0x0b,
0x15, 0xfd, 0xf0, 0xf7, 0x77, 0xf9, 0xf0, 0x06, 0x0e, 0xf7, 0x15, 0x16, 0x1c, 0x05, 0xb0, 0xf8,
0x7d, 0x07, 0xda, 0xd4, 0x83, 0x7b, 0xcc, 0x1f, 0xcc, 0x7b, 0xc2, 0x73, 0xb9, 0x6a, 0xb9, 0x6a,
0xaf, 0x62, 0xa4, 0x59, 0x08, 0xa4, 0x59, 0x97, 0x50, 0x47, 0x1a, 0x8a, 0x5f, 0x84, 0x62, 0x7c,
0x64, 0x7c, 0x64, 0x74, 0x68, 0x6e, 0x6e, 0x7b, 0x7b, 0x79, 0x7c, 0x77, 0x7e, 0x76, 0x7e, 0x75,
0x7f, 0x72, 0x82, 0x08, 0x8a, 0x07, 0xbb, 0x7e, 0xb1, 0x7a, 0xa8, 0x76, 0xa7, 0x76, 0xa3, 0x73,
0x9e, 0x70, 0x9f, 0x6e, 0x9a, 0x6b, 0x95, 0x69, 0x08, 0x94, 0x68, 0x90, 0x68, 0x66, 0x1a, 0x45,
0x7f, 0x4d, 0x73, 0x56, 0x1e, 0x73, 0x56, 0x69, 0x5e, 0x5e, 0x67, 0x5e, 0x67, 0x55, 0x70, 0x4b,
0x79, 0x08, 0x79, 0x4b, 0x43, 0x82, 0x3b, 0x1b, 0xfb, 0x8d, 0xf9, 0x16, 0x15, 0xfc, 0x33, 0xf7,
0x8e, 0x07, 0xb0, 0xac, 0x90, 0x94, 0x29, 0x1d, 0x94, 0xa3, 0x98, 0x9e, 0x9b, 0xa0, 0x9d, 0x9c,
0xa1, 0x96, 0xa4, 0x08, 0x96, 0xa4, 0x90, 0xa8, 0xaa, 0x1a, 0xac, 0x87, 0xa8, 0x83, 0xa5, 0x1e,
0x82, 0xa5, 0x7e, 0xa1, 0x79, 0x9d, 0x79, 0x9e, 0x74, 0x99, 0x6e, 0x95, 0x6e, 0x95, 0x69, 0x90,
0x64, 0x8c, 0x08, 0xfb, 0x9a, 0xf7, 0x5f, 0x15, 0xf7, 0x65, 0x06, 0xb6, 0x8c, 0xb0, 0x90, 0xac,
0x95, 0xac, 0x94, 0xa5, 0x9a, 0x9f, 0x9e, 0x9c, 0x9a, 0x98, 0x9e, 0x94, 0xa1, 0x08, 0x94, 0xa1,
0x8f, 0xa4, 0xa7, 0x1a, 0xa8, 0x87, 0xa5, 0x84, 0xa1, 0x1e, 0x83, 0xa1, 0x7f, 0x9d, 0x7c, 0x9a,
0x77, 0xa0, 0x70, 0x9a, 0x6a, 0x94, 0x69, 0x94, 0x63, 0x90, 0x5e, 0x8c, 0x08, 0xfb, 0x64, 0x06,
0x0e, 0x56, 0x1d, 0x3a, 0x42, 0x99, 0xa7, 0x4c, 0x1f, 0x4b, 0xa6, 0x55, 0xb2, 0x60, 0xbc, 0x5f,
0xbc, 0x6a, 0xc6, 0x74, 0xce, 0x08, 0x74, 0xce, 0x80, 0xd4, 0xda, 0x1a, 0xf7, 0xaa, 0x16, 0x5e,
0x8f, 0x60, 0x94, 0x64, 0x1e, 0x94, 0x63, 0x98, 0x68, 0x9e, 0x6e, 0x9e, 0x6d, 0xa3, 0x73, 0xa9,
0x7a, 0x08, 0x7a, 0xa8, 0xaf, 0x82, 0xb5, 0x1b, 0xb4, 0xae, 0x94, 0x9c, 0x29, 0x1d, 0x9c, 0xa3,
0xa3, 0x9e, 0xa9, 0x9d, 0xa8, 0x98, 0xae, 0x94, 0xb3, 0x08, 0x94, 0xb2, 0x8f, 0xb6, 0xb8, 0x1a,
0xa0, 0x07, 0xb7, 0x87, 0xb5, 0x82, 0xb2, 0x1e, 0x82, 0xb2, 0x7e, 0xae, 0x79, 0xa9, 0x78, 0xa9,
0x73, 0xa3, 0x6e, 0x9c, 0x08, 0x9c, 0x6e, 0x67, 0x94, 0x61, 0x1b, 0x62, 0x67, 0x82, 0x7a, 0x6e,
0x1f, 0x6e, 0x7a, 0x73, 0x73, 0x78, 0x6d, 0x78, 0x6d, 0x7e, 0x68, 0x82, 0x64, 0x08, 0x82, 0x64,
0x87, 0x61, 0x5f, 0x1a, 0x0b, 0x4e, 0x1d, 0x0e, 0xf8, 0x70, 0x1c, 0x05, 0xb0, 0x15, 0xf7, 0x1e,
0xfc, 0xb7, 0xf7, 0x31, 0xf8, 0xb7, 0x05, 0xf7, 0xf1, 0x1c, 0xfa, 0x50, 0xfb, 0x96, 0xf8, 0x43,
0x06, 0x97, 0xf9, 0x3d, 0xfb, 0x53, 0xfd, 0x0c, 0x05, 0xfb, 0x1f, 0x06, 0xfb, 0x3f, 0xf8, 0xf1,
0x97, 0xfd, 0x22, 0x05, 0xfc, 0x43, 0xfb, 0x96, 0x1c, 0x05, 0xb0, 0x07, 0x0b, 0x50, 0x1d, 0x0e,
0xf9, 0x04, 0xfa, 0x3a, 0x15, 0xf7, 0x97, 0xf8, 0x9e, 0x05, 0xf7, 0xde, 0x06, 0xfc, 0x2e, 0xfd,
0x66, 0xf8, 0x38, 0xfd, 0x72, 0x78, 0x1d, 0xf8, 0x38, 0xf9, 0x72, 0xfc, 0x2d, 0xf9, 0x66, 0x05,
0xf7, 0xdc, 0x06, 0x0b, 0xf7, 0x5b, 0x1c, 0x06, 0x00, 0x15, 0xf8, 0xf1, 0x1c, 0xfa, 0xe2, 0xf7,
0xca, 0xfb, 0x76, 0xfe, 0x27, 0xf7, 0x76, 0xf7, 0xd8, 0xfa, 0xcf, 0xfb, 0xd8, 0x06, 0x0b, 0xdd,
0x95, 0xd6, 0x9e, 0xcf, 0x1e, 0x9e, 0xcf, 0xa6, 0xc5, 0xb0, 0xbc, 0xb0, 0xbc, 0xb7, 0xb0, 0xc0,
0xa6, 0x08, 0xa6, 0xbf, 0xc7, 0x98, 0xce, 0x1b, 0x0b, 0x15, 0x69, 0x86, 0x68, 0x82, 0x67, 0x1e,
0x82, 0x66, 0x7e, 0x68, 0x7a, 0x69, 0x7a, 0x68, 0x78, 0x6b, 0x75, 0x6c, 0x75, 0x6c, 0x73, 0x6f,
0x71, 0x74, 0xfb, 0x13, 0xda, 0x18, 0xa4, 0xb6, 0xa0, 0xba, 0x9c, 0xbd, 0x08, 0x9b, 0xbd, 0x93,
0xc4, 0xcc, 0x1a, 0xf7, 0x41, 0xf7, 0x73, 0x07, 0x0b, 0xf7, 0x5e, 0x15, 0xa6, 0xa5, 0x8f, 0x93,
0xa4, 0x1f, 0xa4, 0x93, 0xa0, 0x96, 0x9e, 0x9a, 0x9e, 0x9a, 0x99, 0x9c, 0x96, 0xa0, 0x95, 0xa0,
0x8f, 0xa2, 0x8a, 0xa4, 0x08, 0xf7, 0x9a, 0x06, 0x8c, 0x0b, 0x08, 0xfb, 0x9a, 0x06, 0x8c, 0xa6,
0x87, 0xa4, 0x82, 0xa3, 0x82, 0xa3, 0x7d, 0xa0, 0x79, 0x9c, 0x79, 0x9c, 0x75, 0x99, 0x72, 0x96,
0x08, 0x95, 0x72, 0x6f, 0x90, 0x6d, 0x1b, 0x0b, 0x1a, 0x76, 0x07, 0x3c, 0x80, 0x42, 0x74, 0x48,
0x1e, 0x74, 0x48, 0x6a, 0x50, 0x60, 0x5a, 0x60, 0x5a, 0x55, 0x64, 0x4c, 0x70, 0x08, 0x6f, 0x4c,
0x43, 0x7d, 0x3a, 0x1b, 0x0b, 0x15, 0x2e, 0x7f, 0x35, 0x72, 0x3c, 0x1e, 0x72, 0x3c, 0x68, 0x48,
0x5c, 0x52, 0x5c, 0x52, 0x53, 0x5f, 0x48, 0x6c, 0x08, 0x6b, 0x48, 0x3f, 0x7b, 0x37, 0x1b, 0x0b,
0x89, 0x86, 0x7e, 0x1f, 0x7e, 0x86, 0x81, 0x0b, 0xf9, 0xf8, 0x77, 0x15, 0x67, 0x6a, 0x8f, 0x92,
0x6d, 0x1f, 0x6c, 0x92, 0x6f, 0x96, 0x72, 0x9a, 0x7a, 0x94, 0x7c, 0x96, 0x7c, 0x98, 0x7c, 0x98,
0x7e, 0x99, 0x7f, 0x9a, 0x7f, 0x7b, 0x7d, 0x7c, 0x7c, 0x7c, 0x7b, 0x7c, 0x79, 0x7f, 0x78, 0x80,
0x77, 0x80, 0x76, 0x83, 0x74, 0x85, 0x08, 0x84, 0x74, 0x71, 0x88, 0x70, 0x1b, 0x58, 0x5d, 0x93,
0x9a, 0x64, 0x1f, 0x64, 0x9a, 0x6a, 0xa0, 0x70, 0xa6, 0x70, 0xa6, 0x76, 0xad, 0x7d, 0xb2, 0x08,
0x7d, 0xb2, 0x84, 0xb7, 0xbb, 0x1a, 0xbc, 0x92, 0xb7, 0x9a, 0xb3, 0x1e, 0x99, 0xb2, 0xa0, 0xad,
0xa7, 0xa8, 0xb0, 0xb1, 0xbd, 0xa8, 0xc8, 0x9f, 0x08, 0x9e, 0xc8, 0xd4, 0x95, 0xdf, 0x1b, 0x8e,
0xf7, 0x0b, 0x06, 0xa0, 0x89, 0x9e, 0x87, 0x9a, 0x1e, 0x86, 0x9a, 0x85, 0x97, 0x82, 0x94, 0x84,
0x92, 0x84, 0x90, 0x83, 0x8e, 0x08, 0x8e, 0x82, 0x81, 0x8c, 0x80, 0x1b, 0x7a, 0x7c, 0x58, 0x1d,
0x84, 0x84, 0x80, 0x85, 0x83, 0x87, 0x81, 0x88, 0x80, 0x08, 0x88, 0x7f, 0x8a, 0x7d, 0x7b, 0x1a,
0xfb, 0x99, 0x94, 0x05, 0xbb, 0x93, 0xb7, 0x9b, 0xb2, 0x1e, 0x9a, 0xb2, 0xa2, 0xad, 0xa8, 0xa6,
0xa8, 0xa6, 0xaf, 0xa1, 0xb5, 0x9a, 0x08, 0x9a, 0xb4, 0xba, 0x92, 0xc0, 0x1b, 0xa9, 0xa7, 0x89,
0x86, 0xa6, 0x1f, 0xa5, 0x86, 0xa3, 0x84, 0xa1, 0x82, 0x99, 0x85, 0x98, 0x84, 0x98, 0x84, 0x97,
0x83, 0x97, 0x82, 0x96, 0x81, 0x96, 0x95, 0x98, 0x94, 0x98, 0x94, 0x98, 0x93, 0x9a, 0x92, 0x9a,
0x91, 0xa0, 0x94, 0xa1, 0x91, 0xa4, 0x90, 0xa4, 0x90, 0xa5, 0x8d, 0xa7, 0x8a, 0x08, 0xbc, 0xb8,
0x82, 0x78, 0xb4, 0x1f, 0xb3, 0x78, 0xad, 0x71, 0xa8, 0x68, 0xa7, 0x68, 0xa1, 0x61, 0x9b, 0x59,
0x08, 0x9a, 0x59, 0x93, 0x53, 0x4d, 0x1a, 0xfb, 0x89, 0xfc, 0x57, 0x30, 0x07, 0x7c, 0x8c, 0x7d,
0x8e, 0x7e, 0x1e, 0x8d, 0x7e, 0x8e, 0x7e, 0x90, 0x80, 0x91, 0x7f, 0x93, 0x7f, 0x94, 0x80, 0x94,
0x81, 0x97, 0x82, 0x99, 0x84, 0x98, 0x84, 0x9a, 0x86, 0x9c, 0x88, 0x08, 0x88, 0x9c, 0x9e, 0x89,
0xa0, 0x1b, 0xa2, 0x9f, 0x8d, 0x8e, 0x9d, 0x1f, 0x9d, 0x8e, 0x9c, 0x8e, 0x9a, 0x90, 0x9a, 0x8f,
0x99, 0x90, 0x98, 0x91, 0x98, 0x91, 0x99, 0x91, 0x99, 0x91, 0xc2, 0xfb, 0x54, 0x18, 0x7e, 0x80,
0x7a, 0x81, 0x77, 0x82, 0x76, 0x81, 0x74, 0x82, 0x72, 0x84, 0x71, 0x84, 0x6f, 0x85, 0x6d, 0x87,
0x08, 0x86, 0x6d, 0x6b, 0x89, 0x6a, 0x1b, 0xfc, 0x46, 0xf7, 0x61, 0x15, 0x92, 0x92, 0x8c, 0x8d,
0x93, 0x1f, 0x92, 0x8d, 0x92, 0x8e, 0x92, 0x8e, 0x90, 0x8d, 0x8f, 0x8e, 0x8f, 0x8e, 0x8f, 0x8e,
0x8e, 0x8f, 0x8e, 0x8e, 0x08, 0xab, 0x8b, 0xa4, 0x9d, 0x9d, 0x8b, 0xa0, 0xa3, 0x9d, 0x8b, 0x9c,
0x9c, 0x9c, 0x8b, 0x9f, 0xa2, 0x1a, 0x8a, 0x06, 0x6e, 0x72, 0x86, 0x82, 0x76, 0x1f, 0x75, 0x82,
0x79, 0x7e, 0x7c, 0x7c, 0x7c, 0x7b, 0x7f, 0x79, 0x84, 0x76, 0x08, 0x83, 0x76, 0x87, 0x76, 0x74,
0x1a, 0x7b, 0x8d, 0x7d, 0x90, 0x7e, 0x1e, 0x8f, 0x7e, 0x91, 0x7f, 0x94, 0x82, 0x94, 0x81, 0x96,
0x83, 0x9a, 0x2b, 0x1d, 0x99, 0x9c, 0x88, 0x9e, 0x1b, 0xf8, 0x8c, 0xf8, 0x5e, 0x15, 0xf7, 0x04,
0x07, 0x9e, 0x89, 0x9d, 0x88, 0x9a, 0x1e, 0x87, 0x9a, 0x85, 0x98, 0x84, 0x96, 0x84, 0x95, 0x81,
0x93, 0x80, 0x27, 0x1d, 0x80, 0x7d, 0x8e, 0x7b, 0x1b, 0x7e, 0x7f, 0x8a, 0x88, 0x81, 0x1f, 0x81,
0x88, 0x82, 0x86, 0x84, 0x86, 0x80, 0x83, 0x83, 0x80, 0x85, 0x7e, 0x85, 0x7d, 0x87, 0x7b, 0x88,
0x7a, 0x89, 0x80, 0x8a, 0x7f, 0x8a, 0x7e, 0x08, 0x8a, 0x7e, 0x8b, 0x7d, 0x7d, 0x1a, 0x4e, 0x07,
0x0b, 0xf9, 0x01, 0x15, 0x4c, 0x85, 0x50, 0x80, 0x53, 0x1e, 0x80, 0x52, 0x7a, 0x57, 0x76, 0x5b,
0x74, 0x5b, 0x6f, 0x5f, 0x6a, 0x63, 0x6a, 0x63, 0x65, 0x6a, 0x60, 0x70, 0x64, 0x74, 0x61, 0x79,
0x5d, 0x2e, 0x1d, 0x5c, 0x59, 0x84, 0x56, 0x1b, 0x52, 0x57, 0x92, 0x9a, 0x5b, 0x1f, 0x5b, 0x9a,
0x5f, 0x9f, 0x64, 0xa6, 0x64, 0xa7, 0x68, 0xac, 0x6d, 0xb3, 0x6c, 0xb3, 0x72, 0xb8, 0x76, 0xbd,
0x78, 0xb9, 0x7d, 0xbd, 0x82, 0xc1, 0x08, 0x81, 0xc1, 0x86, 0xc4, 0xc7, 0x1a, 0xf7, 0x68, 0x07,
0xcb, 0x91, 0xc8, 0x96, 0xc4, 0x1e, 0x96, 0xc4, 0x9b, 0xc0, 0xa0, 0xbc, 0xa0, 0xb9, 0xa4, 0xb5,
0xa9, 0xb0, 0xa8, 0xb0, 0xad, 0xab, 0xb2, 0xa6, 0xb1, 0xa5, 0xb6, 0x9f, 0xba, 0x99, 0x08, 0x99,
0xba, 0xbf, 0x92, 0xc2, 0x1b, 0xc3, 0xc0, 0x84, 0x7d, 0xbc, 0x1f, 0xbc, 0x7c, 0xb7, 0x77, 0xb2,
0x70, 0xb2, 0x72, 0xae, 0x6c, 0xa9, 0x67, 0xa8, 0x67, 0xa5, 0x63, 0xa0, 0x60, 0xa2, 0x5a, 0x9d,
0x55, 0x98, 0x50, 0x08, 0x97, 0x50, 0x91, 0x4d, 0x49, 0x1a, 0xfb, 0xb1, 0x8d, 0x15, 0xb0, 0x89,
0xaf, 0x88, 0xad, 0x1e, 0x87, 0xac, 0x85, 0xaa, 0x83, 0xa8, 0x81, 0xaf, 0x7e, 0xab, 0x7a, 0xa8,
0x7a, 0xa7, 0x78, 0xa2, 0x74, 0x9d, 0x79, 0x98, 0x77, 0x96, 0x75, 0x92, 0x08, 0x92, 0x74, 0x72,
0x8f, 0x70, 0x1b, 0x71, 0x74, 0x88, 0x84, 0x76, 0x1f, 0x76, 0x84, 0x78, 0x82, 0x7a, 0x7e, 0x74,
0x78, 0x78, 0x74, 0x7c, 0x6f, 0x7b, 0x6f, 0x7f, 0x6a, 0x82, 0x66, 0x84, 0x6e, 0x87, 0x6c, 0x88,
0x69, 0x08, 0x88, 0x69, 0x89, 0x67, 0x66, 0x1a, 0xfb, 0x6a, 0x07, 0x68, 0x8c, 0x69, 0x8e, 0x6a,
0x1e, 0x8e, 0x6a, 0x8f, 0x6d, 0x92, 0x6f, 0x93, 0x67, 0x95, 0x6b, 0x9a, 0x6e, 0x99, 0x6f, 0x9b,
0x73, 0x9f, 0x79, 0x9d, 0x7b, 0xa0, 0x7f, 0xa2, 0x82, 0x08, 0x82, 0xa2, 0xa5, 0x87, 0xa8, 0x1b,
0xa7, 0xa5, 0x8f, 0x93, 0xa2, 0x1f, 0xa2, 0x93, 0xa0, 0x97, 0x9d, 0x9a, 0xa2, 0x9e, 0x9e, 0xa2,
0x9b, 0xa8, 0x9a, 0xa7, 0x98, 0xab, 0x94, 0xaf, 0x92, 0xa7, 0x91, 0xaa, 0x8f, 0xac, 0x08, 0x8e,
0xac, 0x8d, 0xae, 0xaf, 0x1a, 0x0b, 0xf2, 0xf8, 0xbb, 0x40, 0x1d, 0xae, 0xac, 0x88, 0x86, 0xab,
0x1f, 0xab, 0x86, 0xa9, 0x83, 0xa8, 0x80, 0xd2, 0xf7, 0x25, 0x18, 0xf7, 0x31, 0x06, 0x23, 0xfb,
0x69, 0xa7, 0x76, 0xa4, 0x73, 0xa1, 0x70, 0x19, 0xa1, 0x70, 0x9e, 0x6d, 0x9b, 0x6c, 0xa0, 0x62,
0x9b, 0x5e, 0x96, 0x5a, 0x08, 0x96, 0x5a, 0x90, 0x57, 0x54, 0x56, 0x1d, 0x6c, 0x6d, 0x8d, 0x90,
0x6e, 0x1f, 0x6e, 0x8f, 0x6e, 0x91, 0x70, 0x94, 0x44, 0xfb, 0x26, 0x18, 0xfb, 0x31, 0x06, 0xf1,
0xf7, 0x64, 0x46, 0xbb, 0x57, 0xcb, 0x67, 0xdc, 0x19, 0x67, 0xdb, 0x79, 0xe5, 0xef, 0x1a, 0xf7,
0xaa, 0x16, 0x5f, 0x8f, 0x62, 0x93, 0x65, 0x1e, 0x92, 0x64, 0x98, 0x69, 0x9c, 0x6e, 0xf7, 0xa3,
0xf8, 0xbf, 0x18, 0x7e, 0x91, 0x7d, 0x8f, 0x7d, 0x8e, 0x08, 0x8e, 0x7c, 0x7b, 0x8c, 0x7b, 0x1b,
0x62, 0x67, 0x82, 0x7a, 0x6e, 0x1f, 0x6e, 0x7a, 0x73, 0x73, 0x78, 0x6d, 0x78, 0x6d, 0x7e, 0x68,
0x82, 0x64, 0x08, 0x82, 0x64, 0x87, 0x61, 0x5f, 0x1a, 0xf8, 0x64, 0x16, 0xa0, 0x8a, 0x9f, 0x8a,
0x9e, 0x1e, 0x89, 0x9e, 0x88, 0x9e, 0x87, 0x9d, 0x88, 0x9a, 0x87, 0x9a, 0x86, 0x9a, 0x86, 0x9a,
0x86, 0x98, 0x85, 0x98, 0xfb, 0x9c, 0xfc, 0xb0, 0x18, 0x97, 0x88, 0x97, 0x88, 0x97, 0x89, 0x08,
0x89, 0x97, 0x97, 0x8a, 0x98, 0x1b, 0xb4, 0xae, 0x94, 0x9c, 0x29, 0x1d, 0x9c, 0xa3, 0xa3, 0x9e,
0xa9, 0x9d, 0xa8, 0x98, 0xae, 0x94, 0xb3, 0x08, 0x94, 0xb2, 0x8f, 0xb6, 0xb8, 0x1a, 0x0b, 0xf7,
0xce, 0xfa, 0xce, 0x15, 0x93, 0xfb, 0x17, 0xa0, 0xba, 0xa7, 0xb0, 0xb0, 0xa6, 0x19, 0xa6, 0xaf,
0xb7, 0x98, 0xbf, 0x1b, 0xa4, 0xa2, 0x88, 0x85, 0x9f, 0x1f, 0x9f, 0x85, 0x9c, 0x82, 0x9a, 0x7e,
0x96, 0x82, 0x95, 0x80, 0x94, 0x7e, 0x93, 0x7e, 0x92, 0x7c, 0x91, 0x7a, 0x94, 0x9b, 0x96, 0x9a,
0x97, 0x98, 0x96, 0x98, 0x98, 0x96, 0x99, 0x94, 0x9c, 0x97, 0x9f, 0x94, 0xa1, 0x92, 0x08, 0x92,
0xa1, 0xa3, 0x8e, 0xa5, 0x1b, 0xac, 0xa9, 0x85, 0x7f, 0xa8, 0x1f, 0xa7, 0x7f, 0xa4, 0x78, 0xa0,
0x71, 0xa0, 0x70, 0x9b, 0x69, 0x97, 0x62, 0x08, 0x96, 0x61, 0x91, 0x58, 0x4f, 0x1a, 0xfd, 0x98,
0xfb, 0x91, 0xf9, 0x99, 0x07, 0xa0, 0x89, 0x9c, 0x87, 0x98, 0x1e, 0x86, 0x98, 0x85, 0x96, 0x84,
0x93, 0x84, 0x92, 0x82, 0x91, 0x82, 0x8e, 0x08, 0x8e, 0x81, 0x81, 0x8c, 0x81, 0x1b, 0x80, 0x82,
0x8a, 0x88, 0x83, 0x1f, 0x82, 0x88, 0x83, 0x88, 0x84, 0x86, 0x85, 0x86, 0x86, 0x86, 0x86, 0x86,
0x86, 0x85, 0x87, 0x84, 0x88, 0x84, 0x08, 0x8a, 0x8b, 0x88, 0x86, 0x86, 0x8b, 0x85, 0x83, 0x1a,
0xfd, 0xb2, 0xfb, 0x89, 0xf9, 0x9a, 0x07, 0xa0, 0x89, 0x9c, 0x87, 0x98, 0x1e, 0x87, 0x98, 0x86,
0x96, 0x84, 0x92, 0x84, 0x92, 0x82, 0x91, 0x82, 0x8e, 0x08, 0x8e, 0x82, 0x81, 0x8c, 0x80, 0x1b,
0x7f, 0x80, 0x89, 0x87, 0x82, 0x1f, 0x82, 0x87, 0x82, 0x85, 0x84, 0x84, 0x86, 0x86, 0x86, 0x84,
0x87, 0x84, 0x87, 0x84, 0x87, 0x83, 0x88, 0x82, 0x08, 0xfd, 0xbe, 0xfb, 0x91, 0xfa, 0xce, 0x07,
0x0b, 0xf7, 0xc7, 0xfa, 0xce, 0x15, 0xf8, 0xbe, 0xfe, 0xe7, 0x06, 0x43, 0x81, 0x4d, 0x76, 0x58,
0x1e, 0x76, 0x57, 0x6d, 0x7b, 0x1d, 0x7a, 0x79, 0x8b, 0x8c, 0x7a, 0x1f, 0x79, 0x8c, 0x79, 0x8c,
0x7a, 0x8d, 0x7e, 0x8c, 0x7f, 0x8d, 0x7f, 0x8d, 0x7e, 0x8d, 0x7f, 0x8d, 0x7f, 0x75, 0x1d, 0x99,
0x8a, 0x99, 0x1b, 0x8a, 0x98, 0x95, 0x8b, 0x92, 0x1b, 0xa6, 0xa4, 0x8e, 0x91, 0xa3, 0x1f, 0xa2,
0x91, 0xa0, 0x95, 0x9c, 0x99, 0x9c, 0x99, 0x98, 0x80, 0x1d, 0xfb, 0xa5, 0x07, 0xf7, 0x92, 0xf8,
0x8c, 0x15, 0xb5, 0x99, 0xae, 0xa8, 0xa7, 0x1e, 0xa8, 0xa7, 0xb2, 0x6f, 0x1d, 0x5b, 0x64, 0x99,
0xa7, 0x6e, 0x1f, 0x6e, 0xa7, 0x7d, 0xae, 0xb6, 0x1a, 0x0e, 0xf7, 0x20, 0x16, 0xf9, 0x17, 0xfb,
0x4a, 0xf7, 0x48, 0xf7, 0x4a, 0xf9, 0x0d, 0xf8, 0x0d, 0x07, 0xec, 0xe2, 0x7b, 0x6a, 0xda, 0x1f,
0xd9, 0x6a, 0xce, 0x5d, 0xc3, 0x50, 0xc2, 0x50, 0xb6, 0x44, 0xaa, 0x39, 0x08, 0xa9, 0x39, 0x9a,
0x31, 0x29, 0x1a, 0xfb, 0x0c, 0x07, 0x29, 0x7c, 0x31, 0x6d, 0x3a, 0x1e, 0x6c, 0x39, 0x61, 0x45,
0x54, 0x50, 0x54, 0x50, 0x4a, 0x5d, 0x3e, 0x6a, 0x08, 0x6a, 0x3e, 0x37, 0x7b, 0x2e, 0x1b, 0xf7,
0x0b, 0xf9, 0x17, 0x15, 0xfb, 0x77, 0xfc, 0x35, 0xf7, 0x00, 0x06, 0xc0, 0xba, 0x95, 0x9f, 0xb5,
0x1f, 0xb4, 0x9f, 0xaf, 0xa8, 0xa8, 0xb1, 0xa8, 0xb1, 0xa1, 0xb9, 0x9a, 0xc2, 0x08, 0x9a, 0xc1,
0x93, 0xc9, 0xd0, 0x1a, 0xf7, 0x0e, 0x07, 0xcc, 0x84, 0xc7, 0x7c, 0xc1, 0x1e, 0x7c, 0xc0, 0x74,
0xb9, 0x6e, 0xb2, 0x6d, 0xb2, 0x66, 0xa9, 0x60, 0xa0, 0x08, 0xa0, 0x5f, 0x58, 0x96, 0x52, 0x1b,
0x2d, 0xfc, 0x29, 0xf7, 0x77, 0x06, 0x0e, 0x15, 0xfb, 0x9d, 0xf8, 0x28, 0xfb, 0x61, 0xfc, 0x28,
0xfc, 0x65, 0x07, 0x64, 0x90, 0x6a, 0x94, 0x71, 0x1e, 0x94, 0x70, 0x97, 0x76, 0x9c, 0x7c, 0x9c,
0x7b, 0x9f, 0x80, 0xa3, 0x2a, 0x1d, 0xa2, 0xa6, 0x88, 0xa8, 0x1b, 0xa0, 0xa1, 0x8c, 0x8d, 0xa2,
0x1f, 0xa1, 0x8d, 0xa0, 0x8e, 0xa0, 0x8e, 0x9f, 0x8e, 0x9e, 0x8e, 0x9d, 0x8e, 0x9c, 0x8e, 0x9a,
0x8f, 0x98, 0x8e, 0xa6, 0xfb, 0x53, 0x18, 0x78, 0x80, 0x74, 0x81, 0x71, 0x83, 0x71, 0x82, 0x6f,
0x84, 0x6e, 0x86, 0x6e, 0x86, 0x6c, 0x87, 0x6c, 0x88, 0x08, 0x88, 0x6b, 0x6c, 0x89, 0x6c, 0x1b,
0x50, 0x55, 0x93, 0x9b, 0x5b, 0x1f, 0x5a, 0x9a, 0x62, 0xa4, 0x69, 0xac, 0x68, 0xac, 0x71, 0xb5,
0x78, 0xbe, 0x08, 0x78, 0xbe, 0x82, 0xc8, 0xd2, 0x1a, 0xf8, 0x80, 0xfb, 0x8b, 0xf7, 0x61, 0xf7,
0x8b, 0xf7, 0x9d, 0x07, 0x0b, 0x61, 0x1d, 0x0e, 0xf8, 0x37, 0xfa, 0x39, 0x15, 0x99, 0xa0, 0x9b,
0x9e, 0x9c, 0x9d, 0x9c, 0x9c, 0x9c, 0x9b, 0x9e, 0x98, 0xa8, 0xa0, 0xaa, 0x9b, 0xae, 0x96, 0x08,
0x96, 0xae, 0xaf, 0x91, 0xb2, 0x71, 0x1d, 0xfd, 0x23, 0xfb, 0xaa, 0xf9, 0x25, 0x07, 0xb2, 0x86,
0xac, 0x82, 0xa7, 0x1e, 0x81, 0xa7, 0x7d, 0xa2, 0x79, 0x9c, 0x79, 0x9c, 0x75, 0x98, 0x72, 0x94,
0x08, 0x93, 0x72, 0x6e, 0x8f, 0x6b, 0x1b, 0x72, 0x74, 0x89, 0x86, 0x76, 0x1f, 0x76, 0x86, 0x77,
0x84, 0x7a, 0x82, 0x7b, 0x83, 0x7d, 0x81, 0x7e, 0x80, 0x7e, 0x80, 0x7f, 0x7e, 0x80, 0x7d, 0x08,
0xfd, 0xa1, 0xfb, 0xaa, 0x1c, 0x06, 0x00, 0xf7, 0xaa, 0x07, 0x0b, 0xf8, 0x56, 0xfa, 0xce, 0x15,
0xfd, 0x00, 0x07, 0x56, 0x90, 0x5f, 0x94, 0x6a, 0x1e, 0x94, 0x6a, 0x97, 0x71, 0x9c, 0x78, 0x9b,
0x78, 0x9e, 0x7e, 0xa2, 0x2a, 0x1d, 0xa2, 0xa4, 0x88, 0xa6, 0x1b, 0xac, 0xa8, 0x8f, 0x92, 0xa4,
0x1f, 0xa4, 0x92, 0xa0, 0x95, 0x9d, 0x98, 0x98, 0x94, 0x96, 0x95, 0x94, 0x96, 0x94, 0x96, 0x94,
0x98, 0x92, 0x98, 0x08, 0xf9, 0x95, 0xf7, 0xab, 0xfe, 0xce, 0xfb, 0x97, 0x07, 0x85, 0xd3, 0x81,
0x80, 0x80, 0x82, 0x80, 0x82, 0x19, 0x80, 0x82, 0x7f, 0x82, 0x7e, 0x84, 0x74, 0x7e, 0x73, 0x82,
0x70, 0x2a, 0x1d, 0x70, 0x6f, 0x88, 0x6c, 0x1b, 0x68, 0x6a, 0x8f, 0x93, 0x6d, 0x1f, 0x6d, 0x93,
0x70, 0x97, 0x72, 0x9b, 0x08, 0xfc, 0x4f, 0xfb, 0xaa, 0x1c, 0x05, 0xda, 0x07, 0x0e, 0xf7, 0x6b,
0xfa, 0xce, 0x15, 0xf8, 0xe1, 0xfd, 0xec, 0xf7, 0xb9, 0xfb, 0x76, 0xfe, 0x06, 0x7c, 0x1d, 0xa0,
0x8f, 0x9f, 0x93, 0x9e, 0x1e, 0x92, 0x9d, 0x96, 0x9b, 0x99, 0x98, 0x99, 0x98, 0x9c, 0x95, 0x9f,
0x92, 0x08, 0x92, 0x9e, 0xa1, 0x8f, 0xa3, 0x1b, 0xbc, 0xb3, 0x7d, 0x70, 0x42, 0x1d, 0x70, 0x1e,
0x6f, 0x6e, 0x63, 0x7d, 0x5a, 0x1b, 0x73, 0x75, 0x8f, 0x92, 0x78, 0x1f, 0x77, 0x92, 0x7a, 0x96,
0x7d, 0x98, 0x7d, 0x98, 0x80, 0x9a, 0x84, 0x9e, 0x08, 0x83, 0x9d, 0x87, 0x9f, 0xa0, 0x1a, 0x0b,
0x6c, 0x57, 0x52, 0x7c, 0x4e, 0x1b, 0x53, 0x58, 0x94, 0x9c, 0x5c, 0x1f, 0x5c, 0x9c, 0x63, 0xa7,
0x6a, 0xb1, 0x6a, 0xb0, 0x71, 0xbb, 0x79, 0xc6, 0x08, 0x78, 0xc5, 0x82, 0xd1, 0xdd, 0x1a, 0xf9,
0x14, 0xf7, 0xaa, 0xfd, 0x16, 0x07, 0x5f, 0x8e, 0x66, 0x92, 0x6d, 0x1e, 0x91, 0x6d, 0x95, 0x73,
0x99, 0x79, 0x99, 0x78, 0x9d, 0x7e, 0xa2, 0x83, 0x08, 0x83, 0xa2, 0xa6, 0x87, 0xac, 0x1b, 0x0b,
0x67, 0x1d, 0x0e, 0xf9, 0x9c, 0x1c, 0x05, 0x6b, 0x53, 0x1d, 0x0e, 0x1c, 0x04, 0x99, 0x16, 0xfc,
0xac, 0xf7, 0xe2, 0xfb, 0x6d, 0x06, 0x2d, 0xfb, 0xe2, 0x05, 0xfb, 0xae, 0x06, 0xf8, 0x73, 0x1c,
0x05, 0xb0, 0x05, 0xf9, 0x09, 0xfb, 0x78, 0xfb, 0x8c, 0xfc, 0x02, 0xf7, 0x6d, 0xfb, 0x77, 0xfb,
0x6d, 0xfc, 0x2d, 0xf7, 0xa1, 0x06, 0xfd, 0x42, 0xf7, 0xf0, 0x15, 0xf7, 0x2a, 0xf8, 0xa8, 0x06,
0x0b, 0x7c, 0x7a, 0x79, 0x7c, 0x77, 0x7c, 0x77, 0x7c, 0x75, 0x7f, 0x73, 0x80, 0x72, 0x80, 0x70,
0x82, 0x6e, 0x85, 0x08, 0x84, 0x6e, 0x6b, 0x88, 0x69, 0x1b, 0x54, 0x58, 0x93, 0x9b, 0x5d, 0x1f,
0x5c, 0x9b, 0x63, 0xa1, 0x6a, 0xa8, 0x6a, 0xa8, 0x71, 0xad, 0x78, 0xb3, 0x08, 0x78, 0xb2, 0x82,
0xb6, 0xba, 0x1a, 0x0b, 0x1c, 0x04, 0xa4, 0x15, 0xad, 0x90, 0xae, 0x94, 0xb0, 0x1e, 0x94, 0xaf,
0x98, 0xae, 0x9c, 0xae, 0x9c, 0xae, 0x9e, 0xab, 0xa1, 0xaa, 0xa1, 0xaa, 0xa3, 0xa6, 0xa5, 0xa2,
0xf7, 0x14, 0x3c, 0x18, 0x72, 0x60, 0x76, 0x5c, 0x7a, 0x5a, 0x08, 0x7a, 0x59, 0x83, 0x52, 0x4a,
0x1a, 0xfb, 0x45, 0xfb, 0x73, 0x07, 0x0b, 0xf8, 0xb8, 0xf8, 0x53, 0x15, 0xfb, 0x12, 0xfb, 0x09,
0x05, 0xfb, 0xde, 0xfb, 0xaa, 0x1c, 0x06, 0x00, 0xf7, 0xaa, 0xfe, 0x02, 0x74, 0x1d, 0x0b, 0x08,
0xf9, 0x32, 0xfb, 0x76, 0xfe, 0xb3, 0xf7, 0x76, 0xe4, 0x06, 0x9b, 0x8f, 0x98, 0x94, 0x95, 0x98,
0x94, 0x98, 0x93, 0x9a, 0x91, 0x9d, 0x90, 0x9d, 0x8f, 0x9f, 0x8d, 0xa0, 0x08, 0x8c, 0xa0, 0x8c,
0x9f, 0x9f, 0x1a, 0x0b, 0xf8, 0x79, 0x16, 0xfc, 0x31, 0xfa, 0xce, 0x05, 0xf7, 0xb6, 0x06, 0xf7,
0x82, 0xfd, 0x8f, 0x9a, 0x3f, 0x9a, 0xd7, 0xf7, 0x81, 0xf9, 0x8f, 0x05, 0xf7, 0xb6, 0x06, 0xfc,
0x2f, 0xfe, 0xce, 0x05, 0x0e, 0xb8, 0x87, 0xb6, 0x83, 0xb3, 0x1e, 0x82, 0xb2, 0x7e, 0xae, 0x7a,
0xa8, 0x79, 0xa8, 0x74, 0xa1, 0x70, 0x9c, 0x08, 0x9c, 0x6f, 0x69, 0x93, 0x64, 0x1b, 0x74, 0x77,
0x89, 0x87, 0x78, 0x1f, 0x78, 0x86, 0x0b, 0xfa, 0x0b, 0xf8, 0x10, 0x15, 0xa5, 0x87, 0xa3, 0x82,
0xa2, 0x1e, 0x82, 0xa2, 0x7b, 0xa0, 0x76, 0x9f, 0x75, 0x9e, 0x6f, 0x9d, 0x68, 0x9c, 0x68, 0x9b,
0x5f, 0x9a, 0x57, 0x99, 0x0b, 0x99, 0xbc, 0x1b, 0xbc, 0xb3, 0x7d, 0x70, 0x42, 0x1d, 0x70, 0x1e,
0x6f, 0x6e, 0x63, 0x7d, 0x5a, 0x1b, 0x0b, 0x1b, 0x5e, 0x65, 0x81, 0x77, 0x6c, 0x1f, 0x6c, 0x76,
0x73, 0x6f, 0x78, 0x67, 0x78, 0x67, 0x7e, 0x60, 0x83, 0x59, 0x08, 0x83, 0x59, 0x87, 0x54, 0x50,
0x1a, 0x0b, 0x1b, 0xc4, 0xbf, 0x83, 0x7a, 0xba, 0x1f, 0xba, 0x7a, 0xb4, 0x70, 0xad, 0x67, 0xad,
0x67, 0xa6, 0x5d, 0x9e, 0x53, 0x08, 0x9e, 0x52, 0x94, 0x47, 0x3c, 0x1a, 0x0b, 0x16, 0x88, 0x1d,
0x1c, 0x05, 0xb0, 0xf7, 0xab, 0xfc, 0xe9, 0xf8, 0x30, 0xf8, 0xe9, 0xf7, 0xaa, 0x06, 0x0b, 0xfa,
0xb3, 0xf8, 0xef, 0x15, 0xfd, 0x04, 0xfc, 0xef, 0xfb, 0xae, 0x1c, 0x05, 0xb0, 0xfa, 0x6c, 0xfb,
0x79, 0xfd, 0x52, 0xfc, 0x20, 0xf9, 0x04, 0x06, 0x0b, 0x07, 0xdf, 0xeb, 0xf7, 0xbf, 0xf7, 0xdc,
0x05, 0xf7, 0xe2, 0x06, 0xfc, 0x2c, 0xfc, 0x57, 0xf8, 0x65, 0xfd, 0x0b, 0x05, 0xfb, 0xe9, 0x06,
0x0b, 0x8e, 0x99, 0xf7, 0x76, 0x18, 0x93, 0x89, 0x96, 0x89, 0x9a, 0x8a, 0x99, 0x89, 0x9a, 0x8a,
0x9a, 0x8a, 0x08, 0x8a, 0x9a, 0x0b, 0x74, 0xc4, 0x1e, 0x74, 0xc4, 0x6b, 0xbc, 0x63, 0xb5, 0x63,
0xb5, 0x5c, 0xac, 0x56, 0xa3, 0x08, 0xa2, 0x0b, 0x81, 0x1f, 0x81, 0x84, 0x83, 0x83, 0x85, 0x80,
0x85, 0x80, 0x87, 0x7e, 0x89, 0x7d, 0x08, 0x88, 0x0b, 0x05, 0xfb, 0xdc, 0x06, 0xfb, 0x9f, 0xf8,
0xa6, 0xfb, 0x9e, 0xfc, 0xa6, 0x05, 0xfb, 0xe0, 0x06, 0x0b, 0x3c, 0x82, 0x42, 0x79, 0x48, 0x1e,
0x78, 0x48, 0x70, 0x51, 0x68, 0x5a, 0x67, 0x5a, 0x5f, 0x64, 0x0b, 0xfc, 0x49, 0x06, 0x35, 0xfb,
0xc4, 0x05, 0xfb, 0xbc, 0x06, 0xf8, 0x71, 0x1c, 0x05, 0xb0, 0x05, 0x0b, 0x60, 0x64, 0x6a, 0x64,
0x69, 0x5b, 0x72, 0x52, 0x7b, 0x08, 0x7b, 0x52, 0x4b, 0x83, 0x42, 0x1b, 0x0b, 0xf7, 0x76, 0xf7,
0xc8, 0xf9, 0x09, 0xfb, 0xc8, 0x06, 0xf7, 0xb4, 0xf8, 0x8c, 0x15, 0x0b, 0x1b, 0xd0, 0xc7, 0x7e,
0x71, 0xc0, 0x1f, 0xc0, 0x70, 0xb7, 0x66, 0xaf, 0x5b, 0x0b, 0x69, 0x84, 0x64, 0x08, 0x84, 0x64,
0x87, 0x63, 0x62, 0x1a, 0x6d, 0x07, 0x61, 0x0b, 0x8e, 0x92, 0x95, 0x1f, 0x95, 0x91, 0x93, 0x94,
0x90, 0x96, 0x90, 0x96, 0x0b, 0x9e, 0x95, 0xa2, 0x08, 0x95, 0xa2, 0x90, 0xa7, 0xae, 0x1a, 0xfa,
0x04, 0x0b, 0xbe, 0x65, 0xc6, 0x6f, 0xd0, 0x08, 0x6f, 0xcf, 0x7d, 0xd5, 0xda, 0x1a, 0x0b, 0x63,
0x92, 0x64, 0x1e, 0x92, 0x64, 0x97, 0x68, 0x9c, 0x6e, 0x9c, 0x6d, 0x0b, 0x8d, 0x9d, 0x8c, 0x9e,
0x08, 0x8c, 0x9e, 0x8b, 0xa0, 0xa2, 0x1a, 0x0b, 0x1a, 0x8c, 0xfa, 0x59, 0x05, 0xf7, 0xad, 0x06,
0x8c, 0xfe, 0x59, 0x0b, 0x1e, 0xa8, 0xa8, 0xb2, 0x9a, 0xbe, 0x1b, 0xbc, 0xb3, 0x7c, 0x6e, 0x0b,
0xba, 0x1b, 0xba, 0xb1, 0x7e, 0x70, 0xa6, 0x1f, 0xa6, 0x70, 0x99, 0x0b, 0x82, 0x82, 0x83, 0x81,
0x84, 0x80, 0x84, 0x80, 0x84, 0x7f, 0x0b, 0xfb, 0xaa, 0xf9, 0x0b, 0xfc, 0x30, 0xfd, 0x0b, 0xfb,
0xab, 0x0b, 0x8a, 0xfc, 0x8c, 0x05, 0xfb, 0xac, 0x06, 0x8a, 0xf8, 0x98, 0x0b, 0xa2, 0x52, 0x1e,
0xa2, 0x52, 0xaa, 0x59, 0xb3, 0x61, 0xb3, 0x0b, 0x66, 0xad, 0x5e, 0xa3, 0x56, 0x08, 0xa3, 0x56,
0x97, 0x4e, 0x0b, 0x01, 0x00, 0x01, 0x00, 0x00, 0x22, 0x19, 0x00, 0x42, 0x19, 0x00, 0x11, 0x09,
0x00, 0x96, 0x00, 0x00, 0xa4, 0x00, 0x00, 0xa9, 0x00, 0x00, 0x8b, 0x00, 0x00, 0x8f, 0x00, 0x00,
0x9b, 0x00, 0x00, 0x9e, 0x00, 0x00, 0xa3, 0x00, 0x00, 0x8a, 0x00, 0x00, 0x90, 0x00, 0x00, 0x8e,
0x00, 0x00, 0x94, 0x00, 0x00, 0xa7, 0x00, 0x00, 0x9d, 0x00, 0x00, 0xa2, 0x00, 0x00, 0x95, 0x00,
0x00, 0x05, 0x00, 0x00, 0x61, 0x01, 0x00, 0x64, 0x01, 0x00, 0x67, 0x00, 0x00, 0x02, 0x00, 0x00,
0x60, 0x00, 0x00, 0x20, 0x00, 0x00, 0x7b, 0x00, 0x00, 0x0d, 0x00, 0x00, 0x0f, 0x00, 0x00, 0x1b,
0x01, 0x00, 0x79, 0x00, 0x00, 0x72, 0x00, 0x00, 0x74, 0x00, 0x00, 0x40, 0x00, 0x00, 0x0e, 0x00,
0x00, 0x6f, 0x00, 0x00, 0x89, 0x00, 0x00, 0x68, 0x00, 0x00, 0x03, 0x00, 0x00, 0x41, 0x00, 0x00,
0x08, 0x00, 0x00, 0x75, 0x00, 0x00, 0x69, 0x00, 0x00, 0x77, 0x00, 0x00, 0x76, 0x00, 0x00, 0x09,
0x01, 0x00, 0x3c, 0x00, 0x00, 0x3e, 0x00, 0x00, 0x5c, 0x00, 0x00, 0x5e, 0x00, 0x00, 0x6b, 0x01,
0x00, 0x0c, 0x00, 0x00, 0xa6, 0x00, 0x00, 0x9c, 0x00, 0x00, 0xa8, 0x00, 0x00, 0x9f, 0x00, 0x00,
0x1e, 0x00, 0x01, 0x87, 0x00, 0x00, 0x1d, 0x00, 0x00, 0x1f, 0x00, 0x01, 0x88, 0x01, 0x00, 0x97,
0x00, 0x00, 0x10, 0x00, 0x00, 0x3d, 0x00, 0x00, 0x06, 0x00, 0x00, 0x7a, 0x00, 0x00, 0x5d, 0x00,
0x00, 0xa0, 0x00, 0x00, 0x70, 0x01, 0x00, 0xaa, 0x00, 0x00, 0xa5, 0x00, 0x00, 0x99, 0x00, 0x00,
0xa1, 0x00, 0x00, 0x0b, 0x00, 0x00, 0x04, 0x00, 0x00, 0x07, 0x00, 0x00, 0x21, 0x00, 0x00, 0x66,
0x00, 0x00, 0x73, 0x00, 0x00, 0x3f, 0x00, 0x00, 0x5f, 0x00, 0x00, 0xab, 0x0a, 0x00, 0x9a, 0x00,
0x00, 0xb6, 0x08, 0x00, 0x8d, 0x00, 0x00, 0xbf, 0x00, 0x00, 0xc1, 0x05, 0x00, 0xc8, 0x13, 0x00,
0x93, 0x00, 0x00, 0xdc, 0x00, 0x00, 0xde, 0x05, 0x00, 0x7c, 0x04, 0x00, 0x83, 0x00, 0x00, 0x85,
0x00, 0x00, 0x6a, 0x00, 0x00, 0x98, 0x00, 0x00, 0x78, 0x00, 0x00, 0x91, 0x00, 0x01, 0x8a, 0x05,
0x00, 0xdf, 0x02, 0x00, 0x01, 0x00, 0x02, 0x00, 0x03, 0x00, 0x06, 0x00, 0x08, 0x00, 0x0b, 0x00,
0x0e, 0x00, 0x11, 0x00, 0x14, 0x00, 0x17, 0x00, 0x1a, 0x00, 0x1d, 0x00, 0x1f, 0x00, 0x22, 0x00,
0x25, 0x00, 0x27, 0x00, 0x2a, 0x00, 0x2d, 0x00, 0x2f, 0x01, 0x75, 0x01, 0x78, 0x01, 0x7b, 0x01,
0x7e, 0x01, 0x81, 0x01, 0xa1, 0x01, 0xa4, 0x01, 0xa6, 0x01, 0xa9, 0x01, 0xac, 0x01, 0xaf, 0x02,
0xbf, 0x02, 0xc2, 0x02, 0xc4, 0x02, 0xc7, 0x03, 0x3a, 0x03, 0x3d, 0x03, 0x3f, 0x03, 0x41, 0x03,
0x43, 0x03, 0x46, 0x03, 0x49, 0x03, 0x4c, 0x03, 0x4f, 0x03, 0x52, 0x03, 0x54, 0x04, 0x2c, 0x04,
0x2f, 0x04, 0x32, 0x04, 0x35, 0x04, 0x38, 0x04, 0x3a, 0x04, 0x3d, 0x04, 0x3f, 0x04, 0x42, 0x04,
0x45, 0x05, 0x41, 0x05, 0x59, 0x06, 0x07, 0x07, 0x40, 0x07, 0x6d, 0x08, 0x34, 0x09, 0x42, 0x09,
0x5f, 0x0a, 0xfb, 0x0c, 0x0d, 0x0c, 0x26, 0x0c, 0xd5, 0x0d, 0xfd, 0x0f, 0x2a, 0x10, 0x02, 0x10,
0xba, 0x10, 0xf1, 0x11, 0x28, 0x11, 0x2a, 0x11, 0x2c, 0x11, 0xe8, 0x13, 0xba, 0x14, 0xe8, 0x15,
0x68, 0x16, 0x10, 0x17, 0x5f, 0x18, 0xa3, 0x19, 0x29, 0x19, 0x88, 0x19, 0xce, 0x1a, 0x84, 0x1b,
0x85, 0x1b, 0x8a, 0x1b, 0xc4, 0x1c, 0xbf, 0x1d, 0xc1, 0x1d, 0xe8, 0x1d, 0xef, 0x1d, 0xfb, 0x1e,
0x07, 0x1e, 0x46, 0x1e, 0x72, 0x1e, 0xdd, 0x1e, 0xea, 0x1e, 0xec, 0x1e, 0xf1, 0x1e, 0xf3, 0x1e,
0xf5, 0x1e, 0xf7, 0x1e, 0xfc, 0x1e, 0xfe, 0x1f, 0x31, 0x1f, 0x69, 0x1f, 0x76, 0x1f, 0xdc, 0x20,
0x7e, 0x21, 0x20, 0x21, 0x38, 0x21, 0x50, 0x21, 0xfe, 0x22, 0xdc, 0x22, 0xe2, 0x22, 0xe7, 0x23,
0x04, 0x23, 0x0a, 0x23, 0x2d, 0x23, 0x60, 0x23, 0x95, 0x23, 0xac, 0x23, 0xe9, 0x24, 0x0c, 0x24,
0x2d, 0x24, 0x54, 0x24, 0x79, 0x24, 0x8a, 0x24, 0x9c, 0x24, 0xad, 0x26, 0x3c, 0x27, 0xe6, 0x27,
0xf4, 0x28, 0x0b, 0x28, 0x28, 0x28, 0x53, 0x29, 0x9b, 0x2a, 0x72, 0x2a, 0xb1, 0x2b, 0x83, 0x2b,
0xbc, 0x2c, 0x22, 0x2d, 0xc1, 0x2f, 0xb0, 0x31, 0xf4, 0x32, 0x34, 0x32, 0x57, 0x33, 0x28, 0x33,
0x2f, 0x33, 0x37, 0x33, 0x3f, 0x33, 0x51, 0x33, 0x59, 0x33, 0x61, 0x33, 0x69, 0x33, 0x71, 0x33,
0x78, 0x33, 0x80, 0x33, 0x88, 0x33, 0x8a, 0x33, 0x92, 0x33, 0x9a, 0x33, 0xa1, 0x33, 0xa9, 0x33,
0xb1, 0x33, 0xba, 0x33, 0xc2, 0x33, 0xca, 0x33, 0xd2, 0x33, 0xd5, 0x33, 0xde, 0x33, 0xf0, 0x33,
0xf8, 0x34, 0x58, 0x34, 0x5e, 0x34, 0x66, 0x34, 0x6d, 0x34, 0x76, 0x34, 0x7e, 0x34, 0x87, 0x34,
0x8f, 0x34, 0x98, 0x34, 0xa1, 0x34, 0xa8, 0x34, 0xb9, 0x34, 0xc1, 0x34, 0xc9, 0x34, 0xd0, 0x34,
0xd8, 0x34, 0xf9, 0x35, 0x00, 0x35, 0x08, 0x35, 0x11, 0x35, 0x19, 0x35, 0x21, 0x35, 0x29, 0x35,
0x31, 0x35, 0x34, 0x35, 0x3c, 0x35, 0x45, 0x35, 0x4d, 0x35, 0x56, 0x35, 0x5f, 0x35, 0x68, 0x35,
0x70, 0x35, 0x77, 0x35, 0x7e, 0x35, 0x85, 0x35, 0x8c, 0x35, 0x93, 0x35, 0x9a, 0x36, 0x0c, 0x36,
0x18, 0x36, 0x1a, 0x36, 0x3a, 0x36, 0x3d, 0x37, 0x01, 0x39, 0x3c, 0x3a, 0x22, 0x3a, 0x23, 0x3a,
0x25, 0x3a, 0x27, 0x0e, 0x0e, 0x22, 0x1d, 0x0e, 0x4b, 0x1d, 0x33, 0x1d, 0x0e, 0x49, 0x0a, 0x0e,
0x26, 0x1d, 0x0e, 0x73, 0x1d, 0x0e, 0x3b, 0x1d, 0x0e, 0x39, 0x1d, 0x0e, 0x26, 0x0a, 0x0e, 0x4b,
0x0a, 0x48, 0x1d, 0x0e, 0x3f, 0x1d, 0x0e, 0x4d, 0x1d, 0x35, 0x0a, 0x0e, 0x23, 0x0a, 0x0e, 0x3d,
0x0a, 0x1c, 0x04, 0x84, 0xf8, 0xd5, 0x15, 0x8a, 0x59, 0x86, 0x5a, 0x82, 0x5c, 0x81, 0x5c, 0x7d,
0x5e, 0x78, 0x61, 0x7c, 0x6a, 0x7a, 0x6c, 0x77, 0x6e, 0x76, 0x6d, 0x74, 0x70, 0x71, 0x72, 0xf7,
0x85, 0xfb, 0x6e, 0x18, 0xfb, 0x49, 0xfb, 0x35, 0xfb, 0xa9, 0xf7, 0x94, 0x74, 0x85, 0x73, 0x86,
0x73, 0x88, 0x19, 0x88, 0x72, 0x72, 0x89, 0x71, 0x1b, 0x50, 0x55, 0x93, 0x9b, 0x5a, 0x1f, 0x5a,
0x9b, 0x5e, 0xa1, 0x63, 0xa8, 0x63, 0xa9, 0x67, 0xae, 0x6d, 0xb3, 0x6c, 0xb4, 0x73, 0xb6, 0x78,
0xba, 0x7a, 0xb4, 0x7f, 0xb6, 0x82, 0xb9, 0x08, 0x82, 0xb8, 0x87, 0xba, 0xbb, 0x1a, 0xf7, 0x90,
0x07, 0xc2, 0x8f, 0xc1, 0x94, 0xbe, 0x1e, 0x93, 0xbe, 0x97, 0xba, 0x9b, 0xb6, 0x9e, 0xc1, 0xa4,
0xbc, 0xaa, 0xb7, 0xaa, 0xb6, 0xb1, 0xb0, 0xb6, 0xaa, 0xb2, 0xa7, 0xb7, 0xa1, 0xbc, 0x9a, 0x08,
0x9a, 0xbc, 0xc0, 0x93, 0xc4, 0x1b, 0xc4, 0xc1, 0x83, 0x7c, 0xbd, 0x1f, 0xbd, 0x7c, 0xb8, 0x75,
0xb4, 0x6f, 0xb9, 0x6a, 0xb3, 0x63, 0xae, 0x5c, 0xae, 0x5c, 0xa6, 0x56, 0x9f, 0x50, 0x9a, 0x62,
0x96, 0x5f, 0x92, 0x5c, 0x08, 0x92, 0x5c, 0x8f, 0x59, 0x58, 0x1a, 0xfb, 0xb1, 0x8d, 0x15, 0xb2,
0x89, 0xb1, 0x87, 0xaf, 0x1e, 0x87, 0xaf, 0x84, 0xac, 0x82, 0xa9, 0x83, 0xaa, 0x7f, 0xa8, 0x7c,
0xa5, 0x7c, 0xa4, 0x79, 0xa1, 0x78, 0x9d, 0x78, 0x9a, 0x76, 0x97, 0x73, 0x94, 0x08, 0x94, 0x72,
0x70, 0x8f, 0x6d, 0x1b, 0x6e, 0x72, 0x87, 0x83, 0x74, 0x1f, 0x74, 0x83, 0x77, 0x7f, 0x7a, 0x7c,
0x72, 0x75, 0x77, 0x6f, 0x7c, 0x69, 0x7c, 0x68, 0x80, 0x65, 0x84, 0x60, 0x87, 0x72, 0x88, 0x71,
0x89, 0x70, 0x08, 0x89, 0x6f, 0x8a, 0x6e, 0x6d, 0x1a, 0xfb, 0x92, 0x07, 0x72, 0x8c, 0x71, 0x8e,
0x72, 0x1e, 0x8d, 0x72, 0x8f, 0x72, 0x90, 0x74, 0x93, 0x67, 0x96, 0x6a, 0x9b, 0x6e, 0x9a, 0x6d,
0x9f, 0x73, 0xa2, 0x78, 0x9c, 0x7c, 0x9e, 0x80, 0xa2, 0x83, 0x08, 0x83, 0xa1, 0xa4, 0x87, 0xa7,
0x1b, 0xa8, 0xa5, 0x8f, 0x94, 0xa2, 0x1f, 0xa2, 0x93, 0xa0, 0x96, 0x9e, 0x99, 0xa2, 0x9e, 0x9f,
0xa3, 0x9c, 0xa8, 0x9b, 0xa8, 0x98, 0xa9, 0x94, 0xac, 0x92, 0xa4, 0x90, 0xa4, 0x8e, 0xa6, 0x08,
0x8e, 0xa5, 0x8d, 0xa5, 0xa6, 0x1a, 0x0e, 0x39, 0x0a, 0x0e, 0x32, 0x0a, 0x0e, 0x31, 0x0a, 0x0e,
0x2c, 0x0a, 0x0e, 0xf8, 0x6b, 0x16, 0xfc, 0x4c, 0x21, 0x0a, 0x05, 0xf7, 0xca, 0x06, 0xf7, 0x8b,
0xfe, 0x4b, 0xa4, 0x29, 0xa6, 0xee, 0xf7, 0x8c, 0xfa, 0x4a, 0x05, 0xf7, 0xca, 0x06, 0xfc, 0x4d,
0x32, 0x1d, 0x0e, 0x38, 0x0a, 0x0e, 0x4f, 0x1d, 0x30, 0x1d, 0x0e, 0x3e, 0x1d, 0x0e, 0x23, 0x1d,
0x0e, 0xfa, 0xf0, 0xf8, 0xa6, 0x15, 0x57, 0x87, 0x5a, 0x84, 0x5d, 0x1e, 0x84, 0x5c, 0x80, 0x60,
0x7d, 0x64, 0x7c, 0x60, 0x77, 0x63, 0x72, 0x68, 0x72, 0x68, 0x6d, 0x6d, 0x69, 0x74, 0x6c, 0x75,
0x69, 0x7a, 0x65, 0x80, 0x08, 0x7f, 0x64, 0x61, 0x85, 0x5d, 0x1b, 0x61, 0x65, 0x90, 0x96, 0x69,
0x1f, 0x68, 0x95, 0x6c, 0x9a, 0x70, 0x9f, 0x7c, 0x95, 0x7e, 0x96, 0x7e, 0x98, 0x7e, 0x97, 0x7f,
0x98, 0x80, 0x9a, 0x7e, 0xfb, 0x07, 0x18, 0xfb, 0x8e, 0x1c, 0x06, 0x00, 0xf7, 0xaa, 0xfc, 0xbc,
0x06, 0x98, 0x9a, 0x9a, 0x9a, 0x9a, 0x98, 0x9a, 0x98, 0x9c, 0x96, 0x9c, 0x94, 0xa4, 0x99, 0xa6,
0x96, 0xa8, 0x29, 0x0a, 0xa8, 0xaa, 0x8e, 0xad, 0x1b, 0xba, 0xb6, 0x85, 0x7f, 0xb2, 0x1f, 0xb2,
0x7f, 0xad, 0x7a, 0xaa, 0x74, 0xa4, 0x7a, 0xa1, 0x76, 0x9f, 0x73, 0x9f, 0x72, 0x9d, 0x71, 0x9a,
0x6e, 0xa3, 0x5d, 0x9d, 0x57, 0x97, 0x52, 0x08, 0x96, 0x52, 0x91, 0x4d, 0x4a, 0x1a, 0xfb, 0xaa,
0x16, 0xa8, 0x8a, 0xa6, 0x88, 0xa6, 0x1e, 0x88, 0xa6, 0x87, 0xa4, 0x85, 0xa2, 0x84, 0xa6, 0x81,
0xa4, 0x80, 0xa0, 0x7f, 0xa1, 0x79, 0x9f, 0x74, 0x9d, 0x7c, 0x96, 0x79, 0x94, 0x78, 0x91, 0x08,
0x90, 0x78, 0x75, 0x8e, 0x72, 0x1b, 0x6a, 0x6d, 0x86, 0x82, 0x72, 0x1f, 0x72, 0x82, 0x75, 0x7d,
0x79, 0x79, 0x82, 0x82, 0x83, 0x82, 0x84, 0x80, 0x84, 0x80, 0x84, 0x7f, 0x85, 0x7e, 0x08, 0xfc,
0x43, 0x07, 0x93, 0x7a, 0x94, 0x7c, 0x96, 0x7e, 0x95, 0x7d, 0x97, 0x7f, 0x99, 0x81, 0x9c, 0x7e,
0x9e, 0x82, 0xa2, 0x84, 0x08, 0x84, 0xa1, 0xa4, 0x88, 0xa8, 0x1b, 0xa4, 0xa1, 0x8e, 0x91, 0x9f,
0x1f, 0x9f, 0x91, 0x9c, 0x93, 0x9a, 0x96, 0xa0, 0x9a, 0x9c, 0x9e, 0x98, 0xa3, 0x98, 0xa2, 0x94,
0xa6, 0x92, 0xa9, 0x90, 0xa1, 0x8f, 0xa3, 0x8e, 0xa5, 0x08, 0x8d, 0xa5, 0x8c, 0xa6, 0xa7, 0x1a,
0x0e, 0x34, 0x1d, 0x0e, 0x48, 0x0a, 0x22, 0x0a, 0x0e, 0xf8, 0x2e, 0x16, 0xfa, 0x01, 0xfb, 0xb0,
0xf7, 0x61, 0xf7, 0xb0, 0xc6, 0x07, 0xd2, 0x96, 0xca, 0xa2, 0xc2, 0x1e, 0xa2, 0xc2, 0xab, 0xb9,
0xb5, 0xb0, 0xb5, 0xb0, 0xbe, 0xa8, 0xc7, 0x9e, 0x08, 0x9e, 0xc7, 0xce, 0x94, 0xd5, 0x1b, 0xa2,
0xa2, 0x8a, 0x8a, 0xa1, 0x1f, 0xa0, 0x89, 0xa0, 0x89, 0xa0, 0x88, 0xa0, 0x88, 0xa0, 0x88, 0xa0,
0x88, 0xa0, 0x88, 0xa0, 0x87, 0xa2, 0x87, 0x79, 0xfb, 0x6e, 0x18, 0x72, 0x90, 0x6e, 0x90, 0x6b,
0x8f, 0x08, 0x8f, 0x6b, 0x65, 0x8d, 0x60, 0x1b, 0x5c, 0x64, 0x86, 0x80, 0x6a, 0x1f, 0x6a, 0x80,
0x71, 0x7c, 0x78, 0x76, 0x7a, 0x7a, 0x7e, 0x75, 0x83, 0x72, 0x08, 0x82, 0x72, 0x87, 0x6e, 0x6b,
0x1a, 0x50, 0xf8, 0x1a, 0xfb, 0x61, 0xfc, 0x1a, 0xfe, 0x01, 0x07, 0x0e, 0x37, 0x0a, 0x0e, 0x60,
0x1d, 0x4d, 0x0a, 0x5d, 0x1d, 0x6a, 0x1d, 0x0e, 0x51, 0x1d, 0x0e, 0x5c, 0x1d, 0x0e, 0x33, 0x0a,
0x0e, 0x24, 0x0a, 0x0e, 0x47, 0x0a, 0xf7, 0x05, 0xf8, 0xba, 0x15, 0xdd, 0x94, 0xd6, 0x9e, 0xcf,
0x1e, 0x9e, 0xcf, 0xa6, 0xc5, 0xb0, 0xbc, 0xaf, 0xbb, 0xb8, 0xb0, 0xc0, 0xa6, 0x08, 0xa6, 0xc0,
0xc7, 0x98, 0xd0, 0x1b, 0xaf, 0xac, 0x87, 0x83, 0xaa, 0x1f, 0xa9, 0x83, 0xa7, 0x80, 0xa4, 0x7c,
0x9d, 0x80, 0x9c, 0x7f, 0x9b, 0x7d, 0x9b, 0x7d, 0x9a, 0x7b, 0x99, 0x7a, 0x9c, 0xf7, 0x02, 0x18,
0xf7, 0x89, 0x1c, 0xfa, 0x26, 0xfb, 0xab, 0xf8, 0x90, 0x06, 0x7d, 0x7b, 0x7c, 0x7d, 0x7a, 0x7e,
0x7a, 0x7e, 0x7a, 0x80, 0x79, 0x82, 0x74, 0x80, 0x71, 0x82, 0x70, 0x85, 0x08, 0x84, 0x6f, 0x6d,
0x88, 0x6b, 0x1b, 0x47, 0x4f, 0x99, 0xa7, 0x56, 0x1f, 0x56, 0xa6, 0x5f, 0xb2, 0x67, 0xbc, 0x67,
0xbc, 0x70, 0xc5, 0x78, 0xce, 0x08, 0x78, 0x46, 0x1d, 0xf7, 0xaa, 0x16, 0x5e, 0x8f, 0x61, 0x93,
0x64, 0x1e, 0x93, 0x64, 0x98, 0x68, 0x9c, 0x6e, 0x9c, 0x6d, 0xa2, 0x73, 0xa7, 0x7a, 0x08, 0x7a,
0xa6, 0xad, 0x82, 0xb2, 0x1b, 0xa3, 0xa1, 0x8e, 0x90, 0x9f, 0x1f, 0x9e, 0x90, 0x9d, 0x91, 0x9b,
0x94, 0x9b, 0x94, 0x99, 0x97, 0x97, 0x99, 0x97, 0x98, 0x96, 0x9b, 0x94, 0x9c, 0x08, 0xf8, 0x60,
0x07, 0x82, 0x9c, 0x80, 0x9a, 0x7f, 0x98, 0x7f, 0x98, 0x7d, 0x96, 0x7b, 0x94, 0x7c, 0x94, 0x79,
0x91, 0x78, 0x27, 0x1d, 0x77, 0x75, 0x8d, 0x74, 0x1b, 0x64, 0x69, 0x83, 0x7a, 0x70, 0x1f, 0x6f,
0x7a, 0x3a, 0x1d, 0x79, 0x6e, 0x44, 0x1d, 0x82, 0x63, 0x87, 0x60, 0x5d, 0x1a, 0x0e, 0x47, 0x1d,
0x0e, 0x37, 0x1d, 0x0e, 0x3c, 0x0a, 0x0e, 0x2f, 0x1d, 0x0e, 0x6c, 0x1d, 0x3c, 0x1d, 0x0e, 0x3e,
0x0a, 0x2b, 0x0a, 0x0e, 0x49, 0x1d, 0x0e, 0xfa, 0xd5, 0xf8, 0xbe, 0x15, 0x2d, 0x80, 0x38, 0x76,
0x44, 0x1e, 0x75, 0x43, 0x6c, 0x4f, 0x62, 0x5b, 0x62, 0x5a, 0x5a, 0x67, 0x50, 0x72, 0x08, 0x72,
0x50, 0x49, 0x7f, 0x42, 0x1b, 0x42, 0x4a, 0x97, 0xa4, 0x50, 0x1f, 0x50, 0xa4, 0x5a, 0xaf, 0x62,
0xbc, 0x62, 0xbb, 0x6b, 0xc7, 0x75, 0xd3, 0x08, 0x74, 0xd2, 0x80, 0xde, 0xe9, 0x1a, 0xf7, 0xf0,
0x07, 0xe9, 0x96, 0xde, 0xa1, 0xd3, 0x1e, 0xa1, 0xd2, 0xab, 0xc7, 0xb4, 0xbc, 0xb4, 0xbb, 0xbc,
0xaf, 0xc6, 0xa4, 0x08, 0xa4, 0xc5, 0xcc, 0x97, 0xd4, 0x1b, 0xd4, 0xcd, 0x7f, 0x72, 0xc6, 0x1f,
0xc6, 0x72, 0xbd, 0x67, 0xb4, 0x5b, 0xb4, 0x5a, 0xaa, 0x4f, 0xa1, 0x44, 0x08, 0xa1, 0x43, 0x96,
0x38, 0x2d, 0x1a, 0xfd, 0x30, 0xfb, 0x78, 0x15, 0xf8, 0x18, 0xf7, 0xb5, 0x8a, 0xc2, 0x85, 0xba,
0x81, 0xb2, 0x19, 0x80, 0xb2, 0x7c, 0xaa, 0x77, 0xa2, 0x7c, 0x9e, 0x78, 0x99, 0x75, 0x94, 0x08,
0x94, 0x74, 0x72, 0x8f, 0x6f, 0x1b, 0x6c, 0x6f, 0x85, 0x80, 0x74, 0x1f, 0x73, 0x7f, 0x77, 0x79,
0x7b, 0x74, 0x7a, 0x72, 0x7e, 0x6b, 0x83, 0x64, 0x08, 0x82, 0x64, 0x87, 0x5c, 0x55, 0x1a, 0xfb,
0x35, 0x07, 0x6b, 0x8b, 0x76, 0x80, 0x80, 0x8b, 0x7c, 0x76, 0x1a, 0xf8, 0x18, 0xfb, 0x36, 0x15,
0xf7, 0x3d, 0x07, 0xa1, 0x8b, 0x9b, 0x96, 0x95, 0x8b, 0x9a, 0x9e, 0x1a, 0xfc, 0x18, 0xfb, 0xb4,
0x8c, 0x5f, 0x90, 0x64, 0x93, 0x69, 0x19, 0x92, 0x69, 0x96, 0x6f, 0x99, 0x74, 0x9b, 0x70, 0x9f,
0x76, 0xa4, 0x2e, 0x1d, 0xa4, 0xa8, 0x84, 0xad, 0x1b, 0xaa, 0xa7, 0x91, 0x97, 0xa3, 0x1f, 0xa3,
0x96, 0x9f, 0x9d, 0x9b, 0xa3, 0x9c, 0xa4, 0x97, 0xac, 0x94, 0xb3, 0x08, 0x93, 0xb2, 0x8f, 0xba,
0xc1, 0x1a, 0x0e, 0xf9, 0xca, 0x16, 0xfb, 0xad, 0xfa, 0xf1, 0x06, 0xfc, 0x04, 0xfb, 0x18, 0x05,
0xf7, 0x86, 0x07, 0xf9, 0x0e, 0xf7, 0x79, 0x05, 0x9a, 0x06, 0x0e, 0xfa, 0xd9, 0x16, 0xfe, 0x75,
0xf7, 0x52, 0x06, 0xf8, 0x6b, 0xf8, 0x8e, 0xb0, 0xb3, 0xaa, 0xaf, 0xa4, 0xac, 0x19, 0xa4, 0xac,
0xa0, 0xa9, 0x9b, 0xa6, 0x9a, 0xa6, 0x97, 0xa4, 0x92, 0xa2, 0x08, 0x92, 0xa2, 0x8e, 0xa2, 0xa1,
0x1a, 0xac, 0x86, 0xa8, 0x82, 0xa4, 0x1e, 0x82, 0xa4, 0x7e, 0xa1, 0x7a, 0x9d, 0x7a, 0x9c, 0x76,
0x99, 0x74, 0x94, 0x08, 0x94, 0x73, 0x71, 0x90, 0x6e, 0x1b, 0x66, 0x6a, 0x86, 0x81, 0x6f, 0x1f,
0x6e, 0x80, 0x74, 0x7c, 0x78, 0x77, 0x78, 0x76, 0x7c, 0x72, 0x81, 0x6c, 0x08, 0x81, 0x6c, 0x86,
0x68, 0x64, 0x1a, 0xfb, 0xab, 0x06, 0xcc, 0x97, 0xc8, 0xa4, 0xc5, 0x1e, 0xa4, 0xc4, 0xae, 0xbe,
0xb8, 0xb6, 0xb8, 0xb6, 0xc1, 0xae, 0xcb, 0xa4, 0x08, 0xa4, 0xca, 0xd2, 0x97, 0xd8, 0x1b, 0xd5,
0xcd, 0x81, 0x76, 0xc4, 0x1f, 0xc4, 0x76, 0xba, 0x6e, 0xb2, 0x66, 0xb1, 0x66, 0xa8, 0x5e, 0x9f,
0x57, 0x08, 0x9f, 0x56, 0x95, 0x51, 0x4c, 0x1a, 0x5b, 0x84, 0x5d, 0x7c, 0x60, 0x1e, 0x7c, 0x5f,
0x75, 0x60, 0x70, 0x60, 0x6f, 0x60, 0x6a, 0x60, 0x64, 0x5f, 0x64, 0x5e, 0x60, 0x5d, 0x5c, 0x5a,
0xfb, 0xa6, 0xfb, 0xb6, 0x18, 0xf9, 0x13, 0x06, 0x0e, 0xf8, 0x39, 0xf9, 0xe6, 0x15, 0xf7, 0x2b,
0x06, 0xb3, 0xae, 0x91, 0x96, 0x29, 0x1d, 0x96, 0xa2, 0x9a, 0x9d, 0x9f, 0x9c, 0x9c, 0x97, 0xa1,
0x94, 0xa4, 0x08, 0x93, 0xa4, 0x8f, 0xa6, 0xa8, 0x1a, 0xa8, 0x87, 0xa5, 0x83, 0xa3, 0x1e, 0x82,
0xa2, 0x7f, 0xa0, 0x7a, 0x9c, 0x7a, 0x9c, 0x76, 0x98, 0x72, 0x28, 0x1d, 0x71, 0x6d, 0x90, 0x69,
0x1b, 0x6f, 0x71, 0x87, 0x83, 0x73, 0x1f, 0x72, 0x83, 0x76, 0x80, 0x79, 0x7c, 0x78, 0x7c, 0x7d,
0x78, 0x80, 0x76, 0x08, 0x80, 0x76, 0x86, 0x73, 0x70, 0x1a, 0xfb, 0xaa, 0x06, 0xc6, 0x97, 0xc1,
0xa4, 0xbc, 0x1e, 0xa3, 0xbc, 0xac, 0xb5, 0xb6, 0xae, 0xb6, 0xae, 0xbd, 0xa6, 0xc5, 0x9e, 0x08,
0x9e, 0xc4, 0xc9, 0x95, 0xce, 0x1b, 0xd3, 0xcd, 0x82, 0x7a, 0xc7, 0x1f, 0xc7, 0x79, 0xbe, 0x71,
0xb6, 0x68, 0xb6, 0x68, 0xac, 0x5f, 0xa3, 0x58, 0x08, 0xa2, 0x57, 0x97, 0x4f, 0x47, 0x1a, 0x6c,
0x86, 0x6c, 0x82, 0x6d, 0x1e, 0x82, 0x6c, 0x7d, 0x6e, 0x79, 0x70, 0x79, 0x70, 0x75, 0x72, 0x70,
0x74, 0x70, 0x74, 0x6d, 0x77, 0x68, 0x7a, 0xb4, 0x7c, 0xae, 0x79, 0xa9, 0x74, 0xa8, 0x74, 0xa4,
0x72, 0x9e, 0x6e, 0x9e, 0x6e, 0x9a, 0x6b, 0x94, 0x68, 0x08, 0x94, 0x68, 0x90, 0x67, 0x64, 0x1a,
0x47, 0x7e, 0x4e, 0x71, 0x56, 0x1e, 0x71, 0x56, 0x67, 0x5e, 0x5e, 0x67, 0x5e, 0x66, 0x55, 0x70,
0x4d, 0x78, 0x08, 0x78, 0x4c, 0x48, 0x81, 0x43, 0x1b, 0x4d, 0x4f, 0x94, 0x9c, 0x50, 0x1f, 0x50,
0x9c, 0x56, 0xa4, 0x5d, 0xae, 0x5d, 0xad, 0x66, 0xb6, 0x70, 0xbf, 0x08, 0x6f, 0xbf, 0x7d, 0xc8,
0xd2, 0x1a, 0xf7, 0xaa, 0x06, 0x6f, 0x90, 0x71, 0x96, 0x74, 0x1e, 0x96, 0x73, 0x9a, 0x77, 0x9f,
0x7a, 0x9e, 0x7a, 0xa2, 0x7d, 0xa6, 0x82, 0x08, 0x81, 0xa6, 0xa8, 0x86, 0xab, 0x1b, 0xaf, 0xab,
0x90, 0x95, 0x29, 0x1d, 0x95, 0xa3, 0x9a, 0x9e, 0x9e, 0x9e, 0x9c, 0x99, 0xa1, 0x95, 0xa4, 0x08,
0x94, 0xa4, 0x90, 0xa8, 0xaa, 0x1a, 0xb2, 0x85, 0xad, 0x80, 0xa7, 0x1e, 0x80, 0xa7, 0x7a, 0xa2,
0x76, 0x9d, 0x75, 0x9d, 0x71, 0x98, 0x6d, 0x28, 0x1d, 0x6c, 0x69, 0x8f, 0x65, 0x1b, 0xfb, 0x2b,
0x06, 0x0e, 0xfa, 0x4d, 0xf8, 0xb1, 0x15, 0xf7, 0x3d, 0xfb, 0x75, 0xfb, 0x3d, 0xfb, 0xd0, 0xfb,
0xaa, 0xf7, 0xd0, 0xfc, 0xf1, 0x06, 0x80, 0xf7, 0x42, 0xf8, 0xf8, 0xfa, 0x5a, 0x05, 0xf7, 0xae,
0x06, 0xfd, 0x01, 0xfe, 0x27, 0x15, 0xf7, 0xeb, 0xf8, 0xb1, 0x06, 0x70, 0x5b, 0x05, 0x0e, 0xf7,
0x2f, 0xf9, 0x61, 0x15, 0xde, 0xf9, 0x77, 0x05, 0xf9, 0xbc, 0xfb, 0x80, 0xfc, 0xd7, 0x06, 0x68,
0xfb, 0xd4, 0xa0, 0x97, 0xa8, 0x97, 0xb1, 0x98, 0x19, 0x98, 0xb1, 0xb7, 0x91, 0xbc, 0x1b, 0xd1,
0xca, 0x80, 0x75, 0xc2, 0x1f, 0xc2, 0x74, 0xb9, 0x6b, 0xb1, 0x61, 0xb0, 0x61, 0xa8, 0x58, 0x9f,
0x4e, 0x08, 0x9f, 0x4e, 0x95, 0x47, 0x3e, 0x1a, 0x4a, 0x81, 0x4d, 0x78, 0x50, 0x1e, 0x78, 0x50,
0x6d, 0x58, 0x63, 0x5e, 0x63, 0x5e, 0x59, 0x68, 0x4e, 0x71, 0x08, 0x71, 0x4e, 0x44, 0x7e, 0x38,
0x1b, 0x4c, 0x4f, 0x94, 0x9e, 0x51, 0x1f, 0x50, 0x9e, 0x57, 0xa6, 0x5e, 0xaf, 0x5e, 0xaf, 0x66,
0xb7, 0x6f, 0xc0, 0x6e, 0xbf, 0x7c, 0xc7, 0x89, 0xce, 0x08, 0xf7, 0xa6, 0x06, 0x92, 0x4c, 0xa2,
0x5a, 0xb2, 0x68, 0x08, 0x68, 0xb2, 0xbc, 0x7a, 0xc8, 0x1b, 0xb0, 0xab, 0x92, 0x99, 0xa6, 0x1f,
0xa5, 0x99, 0xa0, 0x9e, 0x9c, 0xa4, 0x9b, 0xa4, 0x97, 0xa8, 0x93, 0xad, 0x08, 0x92, 0xad, 0x8f,
0xb0, 0xb2, 0x1a, 0xb2, 0x86, 0xae, 0x82, 0xac, 0x1e, 0x81, 0xab, 0x7c, 0xa7, 0x77, 0xa2, 0x77,
0xa2, 0x72, 0x9d, 0x6d, 0x98, 0x08, 0x98, 0x6d, 0x68, 0x91, 0x62, 0x1b, 0x70, 0x73, 0x89, 0x86,
0x77, 0x1f, 0x77, 0x86, 0x79, 0x85, 0x7c, 0x84, 0x7c, 0x84, 0x7d, 0x82, 0x7f, 0x82, 0x7f, 0x81,
0x80, 0x81, 0x80, 0x80, 0x08, 0x0e, 0xfa, 0x03, 0x1c, 0x05, 0xbc, 0x15, 0xfb, 0x7b, 0x7b, 0x07,
0x42, 0x4a, 0x81, 0x78, 0x53, 0x1f, 0x52, 0x78, 0x5b, 0x6f, 0x64, 0x68, 0x63, 0x68, 0x6c, 0x60,
0x74, 0x5a, 0x74, 0x5a, 0x7c, 0x54, 0x85, 0x4e, 0x9a, 0x9c, 0x9d, 0x9b, 0x9f, 0x9c, 0x9f, 0x9b,
0xa2, 0x9a, 0xa4, 0x98, 0xa4, 0x98, 0xa6, 0x95, 0xa8, 0x93, 0x08, 0x93, 0xa8, 0xab, 0x8f, 0xad,
0x1b, 0xd0, 0xc8, 0x7e, 0x71, 0xbf, 0x1f, 0xbe, 0x70, 0xb6, 0x68, 0xae, 0x5e, 0xae, 0x5e, 0xa5,
0x56, 0x9c, 0x50, 0x08, 0x9c, 0x4f, 0x93, 0x4c, 0x49, 0x1a, 0x44, 0x80, 0x4a, 0x74, 0x4e, 0x1e,
0x74, 0x4e, 0x6b, 0x57, 0x61, 0x5e, 0x61, 0x5e, 0x58, 0x68, 0x4f, 0x72, 0x08, 0x71, 0x4f, 0x48,
0x7e, 0x40, 0x1b, 0x3d, 0x45, 0x9a, 0xa8, 0x4c, 0x1f, 0x4c, 0xa8, 0x56, 0xb3, 0x60, 0xbe, 0x5f,
0xbe, 0x69, 0xc8, 0x74, 0xd2, 0x08, 0x73, 0xd1, 0x7f, 0xd8, 0xde, 0x1a, 0xf6, 0x07, 0xf7, 0x07,
0x9b, 0xf6, 0xaa, 0xee, 0x1e, 0xaa, 0xed, 0xba, 0xe0, 0xc9, 0xd3, 0xc9, 0xd2, 0xd8, 0xc3, 0xe7,
0xb4, 0x08, 0xb3, 0xe7, 0xf5, 0x9f, 0xf7, 0x0d, 0x1b, 0xfb, 0x83, 0xfd, 0x64, 0x15, 0x70, 0x72,
0x87, 0x84, 0x74, 0x1f, 0x74, 0x83, 0x75, 0x80, 0x78, 0x7d, 0x7a, 0x7e, 0x7c, 0x7d, 0x7e, 0x7a,
0x7d, 0x7a, 0x7f, 0x79, 0x82, 0x77, 0x08, 0x39, 0x07, 0x56, 0x91, 0x5c, 0x96, 0x63, 0x1e, 0x96,
0x63, 0x9a, 0x6a, 0x9f, 0x71, 0x9f, 0x70, 0xa3, 0x77, 0xa6, 0x2e, 0x1d, 0xa6, 0xa9, 0x84, 0xab,
0x1b, 0xac, 0xa8, 0x92, 0x99, 0xa6, 0x1f, 0xa6, 0x98, 0xa1, 0x9e, 0x9e, 0xa3, 0x9e, 0xa3, 0x99,
0xa8, 0x95, 0xac, 0x08, 0x95, 0xac, 0x90, 0xaf, 0xb2, 0x1a, 0xb2, 0x86, 0xb0, 0x81, 0xac, 0x1e,
0x81, 0xac, 0x7d, 0xa8, 0x78, 0xa4, 0x78, 0xa3, 0x75, 0x9e, 0x70, 0x99, 0x08, 0x98, 0x70, 0x6c,
0x92, 0x68, 0x1b, 0x0e, 0xfa, 0xd8, 0x1c, 0x05, 0x15, 0x15, 0xfc, 0xcb, 0x1c, 0xfa, 0xeb, 0x05,
0xfb, 0xb9, 0x06, 0xf8, 0xcc, 0x1c, 0x04, 0xcd, 0x05, 0xfd, 0x6f, 0xf7, 0x77, 0xfa, 0x93, 0x06,
0x0e, 0xfa, 0xb3, 0xfa, 0xc1, 0x15, 0x63, 0x85, 0x66, 0x80, 0x68, 0x1e, 0x7f, 0x68, 0x7a, 0x6a,
0x76, 0x6e, 0x7a, 0x75, 0x78, 0x77, 0x75, 0x78, 0x74, 0x78, 0x72, 0x7a, 0x70, 0x7d, 0xa4, 0x7f,
0xa2, 0x7e, 0xa1, 0x7c, 0xa1, 0x7c, 0x9f, 0x7a, 0x9c, 0x78, 0xab, 0x6a, 0xa4, 0x64, 0x9d, 0x5f,
0x08, 0x9d, 0x5f, 0x94, 0x5b, 0x57, 0x1a, 0x46, 0x7f, 0x4f, 0x72, 0x57, 0x1e, 0x72, 0x57, 0x68,
0x60, 0x60, 0x68, 0x5f, 0x68, 0x57, 0x70, 0x50, 0x79, 0x08, 0x79, 0x50, 0x4b, 0x82, 0x46, 0x1b,
0x46, 0x4a, 0x94, 0x9d, 0x50, 0x1f, 0x4f, 0x9d, 0x57, 0xa6, 0x5f, 0xae, 0x5f, 0xae, 0x69, 0xb6,
0x72, 0xbf, 0x08, 0x72, 0xbf, 0x7e, 0xc7, 0xd0, 0x1a, 0xb3, 0x91, 0xb1, 0x96, 0xaf, 0x1e, 0x96,
0xae, 0x9a, 0xac, 0x9f, 0xa9, 0x9f, 0xa8, 0xa3, 0xa6, 0xa8, 0xa3, 0xa7, 0xa2, 0xab, 0x9f, 0xae,
0x9c, 0x6d, 0x9a, 0x70, 0x9e, 0x73, 0xa0, 0x72, 0xa0, 0x77, 0xa3, 0x7a, 0xa5, 0x79, 0xa6, 0x7d,
0xa9, 0x82, 0xac, 0x08, 0x81, 0xac, 0x86, 0xad, 0xaf, 0x1a, 0xcd, 0x96, 0xc5, 0xa2, 0xbe, 0x1e,
0xa2, 0xbd, 0xaa, 0xb5, 0xb4, 0xae, 0xb3, 0xae, 0xbb, 0xa5, 0xc3, 0x9d, 0x08, 0x9c, 0xc2, 0xc8,
0x94, 0xcd, 0x1b, 0xcd, 0xc8, 0x82, 0x7a, 0xc3, 0x1f, 0xc3, 0x79, 0xbc, 0x71, 0xb4, 0x68, 0xb4,
0x68, 0xab, 0x61, 0xa2, 0x59, 0x08, 0xa2, 0x58, 0x96, 0x51, 0x49, 0x1a, 0xfb, 0x8c, 0xfd, 0x20,
0x15, 0xac, 0x86, 0xa9, 0x81, 0xa6, 0x1e, 0x81, 0xa6, 0x7d, 0xa2, 0x79, 0x9e, 0x78, 0x9e, 0x75,
0x99, 0x72, 0x95, 0x08, 0x95, 0x71, 0x6e, 0x90, 0x6b, 0x1b, 0x6b, 0x6e, 0x86, 0x81, 0x72, 0x1f,
0x71, 0x81, 0x75, 0x7d, 0x79, 0x78, 0x79, 0x78, 0x7d, 0x74, 0x81, 0x70, 0x08, 0x81, 0x70, 0x86,
0x6d, 0x6a, 0x1a, 0x68, 0x90, 0x6c, 0x96, 0x70, 0x1e, 0x96, 0x70, 0x9a, 0x74, 0x9e, 0x79, 0x9d,
0x7a, 0xa1, 0x7e, 0xa4, 0x2a, 0x0a, 0xa4, 0xa8, 0x86, 0xaa, 0x1b, 0xaa, 0xa7, 0x90, 0x95, 0xa4,
0x1f, 0xa4, 0x94, 0xa1, 0x99, 0x9e, 0x9e, 0x9d, 0x9e, 0x99, 0xa1, 0x96, 0xa6, 0x08, 0x95, 0xa5,
0x90, 0xa9, 0xac, 0x1a, 0x6e, 0xf9, 0x13, 0x15, 0xa8, 0x87, 0xa6, 0x82, 0xa3, 0x1e, 0x82, 0xa3,
0x7f, 0xa0, 0x7c, 0x9c, 0x7b, 0x9c, 0x78, 0x98, 0x75, 0x94, 0x08, 0x94, 0x74, 0x72, 0x90, 0x6f,
0x1b, 0x6e, 0x72, 0x87, 0x82, 0x75, 0x1f, 0x75, 0x82, 0x79, 0x7e, 0x7c, 0x7a, 0x7c, 0x7a, 0x7f,
0x77, 0x84, 0x73, 0x08, 0x83, 0x72, 0x87, 0x70, 0x6d, 0x1a, 0x6e, 0x8f, 0x70, 0x93, 0x73, 0x1e,
0x93, 0x72, 0x97, 0x76, 0x9b, 0x7a, 0x9a, 0x7a, 0x9e, 0x7d, 0xa2, 0x82, 0x08, 0x81, 0xa1, 0xa4,
0x86, 0xa7, 0x1b, 0xa7, 0xa4, 0x90, 0x95, 0xa1, 0x1f, 0xa1, 0x94, 0x9e, 0x99, 0x9a, 0x9c, 0x9a,
0x9c, 0x97, 0xa0, 0x94, 0xa4, 0x08, 0x93, 0xa3, 0x8f, 0xa6, 0xa8, 0x1a, 0x0e, 0xf7, 0xe0, 0xf7,
0x71, 0x15, 0xd6, 0xcb, 0x93, 0x9b, 0xc2, 0x1f, 0xc2, 0x9b, 0xb9, 0xa2, 0xb0, 0xaa, 0xaf, 0xa8,
0xa7, 0xb0, 0xa0, 0xb6, 0x9f, 0xb6, 0x98, 0xbb, 0x92, 0xc0, 0x08, 0x91, 0x07, 0x7d, 0x7d, 0x7b,
0x7e, 0x7a, 0x7f, 0x7a, 0x7f, 0x78, 0x81, 0x76, 0x82, 0x75, 0x81, 0x72, 0x83, 0x70, 0x86, 0x08,
0x85, 0x70, 0x6d, 0x88, 0x6a, 0x1b, 0x46, 0x4e, 0x98, 0xa4, 0x56, 0x1f, 0x56, 0xa4, 0x5f, 0xae,
0x68, 0xb7, 0x67, 0xb7, 0x70, 0xbf, 0x79, 0xc7, 0x08, 0x78, 0xc6, 0x82, 0xcb, 0xd0, 0x1a, 0xd2,
0x96, 0xcd, 0xa2, 0xca, 0x1e, 0xa1, 0xc9, 0xab, 0xc1, 0xb5, 0xba, 0xb5, 0xba, 0xbe, 0xb0, 0xc7,
0xa6, 0x08, 0xa6, 0xc6, 0xce, 0x98, 0xd6, 0x1b, 0xd7, 0xcf, 0x7c, 0x6e, 0xc8, 0x1f, 0xc8, 0x6e,
0xbe, 0x62, 0xb6, 0x56, 0xb5, 0x56, 0xab, 0x4d, 0xa2, 0x42, 0x08, 0xa1, 0x42, 0x96, 0x3c, 0x34,
0x1a, 0x2b, 0x07, 0xfb, 0x08, 0x7d, 0x20, 0x6e, 0x2a, 0x1e, 0x6e, 0x2a, 0x5f, 0x37, 0x4f, 0x44,
0x4f, 0x44, 0x3f, 0x53, 0x2e, 0x64, 0x08, 0x63, 0x2e, 0xfb, 0x02, 0x77, 0xfb, 0x15, 0x1b, 0x76,
0xf7, 0x7d, 0x06, 0xf7, 0xa6, 0xf8, 0x66, 0x15, 0xa4, 0xa3, 0x8f, 0x92, 0xa1, 0x1f, 0xa0, 0x92,
0x9f, 0x96, 0x9d, 0x98, 0x9c, 0x98, 0x9b, 0x9a, 0x98, 0x9d, 0x98, 0x9c, 0x95, 0x9e, 0x93, 0xa0,
0x08, 0xee, 0x07, 0xc0, 0x86, 0xba, 0x80, 0xb3, 0x1e, 0x80, 0xb3, 0x7b, 0xac, 0x78, 0xa6, 0x78,
0xa6, 0x74, 0x9f, 0x71, 0x98, 0x08, 0x98, 0x71, 0x6f, 0x92, 0x6d, 0x1b, 0x6a, 0x6e, 0x83, 0x7c,
0x72, 0x1f, 0x71, 0x7b, 0x75, 0x76, 0x7a, 0x71, 0x7a, 0x70, 0x7d, 0x6d, 0x82, 0x69, 0x08, 0x82,
0x68, 0x86, 0x67, 0x66, 0x1a, 0x66, 0x8f, 0x67, 0x94, 0x69, 0x1e, 0x94, 0x69, 0x98, 0x6d, 0x9d,
0x72, 0x9c, 0x72, 0xa1, 0x77, 0xa6, 0x7c, 0x08, 0x7c, 0xa6, 0xaa, 0x83, 0xaf, 0x1b, 0x0e, 0xf9,
0xa4, 0xf9, 0x27, 0x15, 0xfb, 0x5b, 0xf8, 0xbd, 0x06, 0xfb, 0x53, 0x60, 0x05, 0xf7, 0x30, 0x07,
0xf8, 0x07, 0xf7, 0x0c, 0x05, 0x9e, 0x06, 0x0e, 0xfa, 0x3a, 0xf9, 0x2f, 0x15, 0xfc, 0xfe, 0xf7,
0x1a, 0x06, 0xf7, 0xb3, 0xf7, 0x97, 0x9c, 0x9a, 0x99, 0x99, 0x97, 0x99, 0x19, 0x97, 0x98, 0x95,
0x98, 0x94, 0x97, 0x96, 0x9b, 0x94, 0x9a, 0x90, 0x98, 0x08, 0x90, 0x98, 0x8d, 0x97, 0x94, 0x1a,
0x98, 0x89, 0x97, 0x87, 0x96, 0x1e, 0x87, 0x96, 0x85, 0x94, 0x83, 0x92, 0x83, 0x92, 0x81, 0x91,
0x7f, 0x90, 0x08, 0x8f, 0x7e, 0x7d, 0x8d, 0x7b, 0x1b, 0x78, 0x7a, 0x88, 0x85, 0x7d, 0x1f, 0x7c,
0x84, 0x7f, 0x83, 0x82, 0x80, 0x82, 0x81, 0x84, 0x7f, 0x87, 0x7e, 0x08, 0x86, 0x7e, 0x89, 0x7d,
0x7c, 0x1a, 0xfb, 0x5d, 0x06, 0xb0, 0x92, 0xaf, 0x99, 0xac, 0x1e, 0x99, 0xac, 0x9f, 0xa8, 0xa6,
0xa4, 0xa6, 0xa4, 0xab, 0x9e, 0xb0, 0x9a, 0x08, 0x99, 0xb0, 0xb6, 0x92, 0xba, 0x1b, 0xc2, 0xbb,
0x84, 0x7e, 0xb4, 0x1f, 0xb4, 0x7d, 0xad, 0x77, 0xa5, 0x71, 0xa0, 0x77, 0x9a, 0x73, 0x96, 0x6f,
0x08, 0x96, 0x6e, 0x90, 0x6c, 0x68, 0x1a, 0x6e, 0x87, 0x70, 0x82, 0x73, 0x1e, 0x82, 0x73, 0x7d,
0x73, 0x79, 0x74, 0x79, 0x74, 0x75, 0x73, 0x70, 0x73, 0x70, 0x73, 0x6c, 0x71, 0x67, 0x6e, 0xfb,
0x09, 0x2e, 0x18, 0xf7, 0xf7, 0x06, 0x0e, 0xf8, 0x97, 0x1c, 0x04, 0x6f, 0x15, 0xe3, 0x06, 0x9d,
0x9b, 0x8d, 0x8e, 0x99, 0x1f, 0x98, 0x8e, 0x97, 0x90, 0x94, 0x92, 0x97, 0x93, 0x94, 0x95, 0x90,
0x97, 0x08, 0x90, 0x97, 0x8e, 0x98, 0x9a, 0x1a, 0x95, 0x89, 0x95, 0x87, 0x94, 0x1e, 0x87, 0x94,
0x85, 0x94, 0x83, 0x93, 0x82, 0x92, 0x80, 0x91, 0x7e, 0x27, 0x1d, 0x7d, 0x7a, 0x8d, 0x77, 0x1b,
0x7d, 0x7e, 0x8a, 0x88, 0x7f, 0x1f, 0x7e, 0x88, 0x80, 0x87, 0x82, 0x86, 0x81, 0x86, 0x83, 0x84,
0x86, 0x83, 0x08, 0x85, 0x83, 0x88, 0x82, 0x80, 0x1a, 0xfb, 0x5d, 0x06, 0xb0, 0x93, 0xab, 0x9c,
0xa7, 0x1e, 0x9b, 0xa7, 0xa1, 0xa3, 0xa6, 0x9e, 0xa6, 0x9e, 0xab, 0x99, 0xaf, 0x95, 0x08, 0x94,
0xaf, 0xb1, 0x90, 0xb3, 0x1b, 0xba, 0xb5, 0x86, 0x82, 0xb2, 0x1f, 0xb2, 0x81, 0xac, 0x7d, 0xa6,
0x78, 0xa6, 0x78, 0xa1, 0x73, 0x9a, 0x6f, 0x08, 0x9a, 0x6e, 0x93, 0x6b, 0x66, 0x1a, 0x74, 0x87,
0x75, 0x83, 0x78, 0x1e, 0x83, 0x77, 0x7f, 0x7a, 0x7c, 0x7c, 0x80, 0x80, 0x7e, 0x81, 0x7c, 0x82,
0x7c, 0x82, 0x7b, 0x83, 0x79, 0x84, 0xa1, 0x85, 0x9f, 0x83, 0x9d, 0x82, 0x9d, 0x82, 0x9a, 0x7f,
0x98, 0x7e, 0x99, 0x7c, 0x96, 0x7a, 0x93, 0x76, 0x08, 0x92, 0x76, 0x8f, 0x72, 0x70, 0x1a, 0x66,
0x83, 0x6a, 0x7a, 0x6e, 0x1e, 0x7a, 0x6e, 0x74, 0x73, 0x6e, 0x78, 0x6d, 0x77, 0x68, 0x7c, 0x63,
0x81, 0x08, 0x80, 0x63, 0x60, 0x86, 0x5c, 0x1b, 0x66, 0x66, 0x8f, 0x94, 0x66, 0x1f, 0x66, 0x94,
0x69, 0x99, 0x6e, 0x9f, 0x6d, 0x9e, 0x73, 0xa5, 0x78, 0xaa, 0x08, 0x78, 0xaa, 0x82, 0xb0, 0xb8,
0x1a, 0xf7, 0x5e, 0x06, 0x80, 0x8e, 0x81, 0x90, 0x81, 0x1e, 0x90, 0x81, 0x92, 0x82, 0x94, 0x84,
0x96, 0x82, 0x98, 0x85, 0x9b, 0x2b, 0x1d, 0x9a, 0x9d, 0x88, 0x9f, 0x1b, 0xa0, 0x9e, 0x71, 0x0a,
0x93, 0x6c, 0x0a, 0x9d, 0x88, 0x9a, 0x86, 0x97, 0x1e, 0x85, 0x97, 0x82, 0x95, 0x80, 0x92, 0x80,
0x92, 0x7e, 0x91, 0x7b, 0x8e, 0x08, 0x8e, 0x7a, 0x79, 0x8d, 0x77, 0x1b, 0x33, 0x06, 0x0e, 0xf9,
0x91, 0xf9, 0x55, 0x15, 0x86, 0x9a, 0x87, 0x9a, 0x88, 0x9b, 0x87, 0x9a, 0x88, 0x9b, 0x89, 0x9c,
0x82, 0x7d, 0x7f, 0x7e, 0x7e, 0x7e, 0x7d, 0x7e, 0x7b, 0x7f, 0x79, 0x81, 0x78, 0x81, 0x76, 0x83,
0x74, 0x85, 0x08, 0x85, 0x74, 0x71, 0x88, 0x6f, 0x1b, 0x63, 0x68, 0x90, 0x96, 0x6c, 0x1f, 0x6c,
0x96, 0x71, 0x9a, 0x76, 0x9f, 0x76, 0x9f, 0x7b, 0xa3, 0x80, 0xa7, 0x08, 0x80, 0xa7, 0x85, 0xaa,
0xae, 0x1a, 0xb1, 0x93, 0xad, 0x9a, 0xa9, 0x1e, 0x9a, 0xa8, 0xa0, 0xa4, 0xa8, 0x9e, 0xa7, 0x9d,
0xad, 0x99, 0xb4, 0x95, 0x08, 0x94, 0xb4, 0xb9, 0x90, 0xc0, 0x1b, 0xf7, 0x1d, 0xbe, 0x06, 0xa0,
0x89, 0x9d, 0x86, 0x9b, 0x1e, 0x86, 0x9a, 0x84, 0x98, 0x82, 0x96, 0x82, 0x96, 0x7f, 0x93, 0x7c,
0x91, 0x08, 0x90, 0x7c, 0x7a, 0x8e, 0x77, 0x1b, 0x72, 0x75, 0x88, 0x86, 0x78, 0x1f, 0x78, 0x85,
0x7b, 0x82, 0x80, 0x80, 0x82, 0x83, 0x85, 0x82, 0x87, 0x80, 0x08, 0x86, 0x80, 0x89, 0x7e, 0x7e,
0x1a, 0xfb, 0x41, 0x99, 0x05, 0xad, 0x92, 0xaa, 0x9a, 0xa8, 0x1e, 0x9a, 0xa7, 0xa0, 0xa3, 0xa6,
0xa0, 0xa6, 0xa0, 0xac, 0x9b, 0xb1, 0x97, 0x08, 0x96, 0xb1, 0xb6, 0x91, 0xba, 0x1b, 0xb6, 0xb3,
0x85, 0x80, 0xaf, 0x1f, 0xae, 0x7f, 0xaa, 0x7a, 0xa5, 0x74, 0xa4, 0x74, 0x9f, 0x6e, 0x99, 0x69,
0x08, 0x99, 0x68, 0x92, 0x63, 0x5d, 0x1a, 0xfb, 0xce, 0x07, 0x6a, 0x8d, 0x6c, 0x8f, 0x6e, 0x1e,
0x8f, 0x6e, 0x92, 0x6d, 0x94, 0x6e, 0x08, 0xfc, 0x0d, 0xf7, 0x16, 0x15, 0x9c, 0x9d, 0x8e, 0x91,
0x9e, 0x1f, 0x9e, 0x90, 0x9c, 0x93, 0x9c, 0x94, 0x9b, 0x94, 0x99, 0x95, 0x98, 0x96, 0x97, 0x96,
0x94, 0x97, 0x90, 0x96, 0x08, 0xf2, 0xfb, 0x1c, 0x07, 0x71, 0x74, 0x88, 0x85, 0x78, 0x1f, 0x78,
0x85, 0x7a, 0x83, 0x7e, 0x81, 0x7e, 0x81, 0x81, 0x7f, 0x84, 0x7e, 0x08, 0x84, 0x7e, 0x88, 0x7d,
0x7c, 0x1a, 0x7e, 0x8d, 0x7f, 0x8f, 0x81, 0x1e, 0x8f, 0x80, 0x91, 0x82, 0x94, 0x84, 0x94, 0x82,
0x98, 0x85, 0x9a, 0x87, 0x08, 0x86, 0x9a, 0x9e, 0x89, 0xa0, 0x1b, 0x0e, 0xf7, 0x9e, 0x1c, 0x04,
0x75, 0x15, 0xbc, 0x93, 0xb8, 0x9b, 0xb4, 0x1e, 0x9b, 0xb4, 0xa2, 0xae, 0xa9, 0xa9, 0xa9, 0xa8,
0xaf, 0xa2, 0xb6, 0x9c, 0x08, 0x9c, 0xb6, 0xbb, 0x93, 0xc0, 0x1b, 0xc1, 0xbb, 0x83, 0x7a, 0xb6,
0x1f, 0xb6, 0x7a, 0xaf, 0x74, 0xa9, 0x6e, 0xa9, 0x6d, 0xa2, 0x68, 0x9b, 0x62, 0x08, 0x9b, 0x62,
0x93, 0x5e, 0x5a, 0x1a, 0xfb, 0x09, 0x07, 0x5a, 0x83, 0x5f, 0x7b, 0x62, 0x1e, 0x7b, 0x62, 0x74,
0x67, 0x6e, 0x6e, 0x6d, 0x6e, 0x67, 0x74, 0x60, 0x7a, 0x08, 0x7a, 0x60, 0x5b, 0x83, 0x56, 0x1b,
0x56, 0x5b, 0x93, 0x9c, 0x60, 0x1f, 0x60, 0x9c, 0x66, 0xa2, 0x6d, 0xa8, 0x6d, 0xa8, 0x74, 0xaf,
0x7b, 0xb4, 0x08, 0x7a, 0xb4, 0x83, 0xb7, 0xbc, 0x1a, 0xf7, 0x43, 0x16, 0x70, 0x8f, 0x72, 0x92,
0x74, 0x1e, 0x92, 0x74, 0x95, 0x78, 0x9a, 0x7a, 0x99, 0x7a, 0x9d, 0x7d, 0xa1, 0x82, 0x08, 0x82,
0xa0, 0xa5, 0x86, 0xa8, 0x1b, 0xa8, 0xa4, 0x90, 0x94, 0xa0, 0x1f, 0xa0, 0x94, 0x9d, 0x99, 0x99,
0x9c, 0x99, 0x9c, 0x96, 0x9e, 0x92, 0xa2, 0x08, 0x92, 0xa2, 0x8e, 0xa4, 0xa6, 0x1a, 0xf7, 0x09,
0x07, 0xa6, 0x88, 0xa3, 0x84, 0xa2, 0x1e, 0x84, 0xa2, 0x80, 0x9e, 0x7d, 0x9c, 0x7c, 0x9c, 0x79,
0x98, 0x76, 0x95, 0x08, 0x94, 0x75, 0x72, 0x90, 0x6e, 0x1b, 0x6e, 0x72, 0x86, 0x82, 0x76, 0x1f,
0x76, 0x81, 0x79, 0x7e, 0x7d, 0x7a, 0x7c, 0x7a, 0x81, 0x78, 0x84, 0x74, 0x08, 0x84, 0x74, 0x87,
0x73, 0x70, 0x1a, 0x0e, 0xf8, 0x0b, 0xf9, 0x84, 0x42, 0x0a, 0xf9, 0xd4, 0x1c, 0xfa, 0x4d, 0x15,
0xfc, 0xc0, 0xf7, 0x0d, 0x06, 0xf7, 0x96, 0xf7, 0x7d, 0x9a, 0x98, 0x98, 0x98, 0x96, 0x97, 0x19,
0x96, 0x97, 0x95, 0x97, 0x92, 0x97, 0x95, 0x99, 0x92, 0x98, 0x8f, 0x97, 0x08, 0x90, 0x96, 0x8d,
0x95, 0x94, 0x1a, 0x95, 0x8a, 0x95, 0x88, 0x94, 0x1e, 0x88, 0x94, 0x87, 0x92, 0x85, 0x92, 0x84,
0x93, 0x81, 0x92, 0x80, 0x8f, 0x08, 0x90, 0x7f, 0x7d, 0x8d, 0x7b, 0x1b, 0x78, 0x7b, 0x88, 0x85,
0x7e, 0x1f, 0x7d, 0x84, 0x80, 0x83, 0x83, 0x80, 0x84, 0x82, 0x85, 0x81, 0x88, 0x7f, 0x08, 0x88,
0x80, 0x89, 0x7f, 0x7f, 0x1a, 0xfb, 0x49, 0x06, 0xad, 0x92, 0xab, 0x97, 0xa8, 0x1e, 0x98, 0xa9,
0x9d, 0xa5, 0xa3, 0xa2, 0xa3, 0xa1, 0xa8, 0x9d, 0xad, 0x2d, 0x1d, 0xac, 0xb1, 0x91, 0xb6, 0x1b,
0xb9, 0xb4, 0x86, 0x80, 0xaf, 0x1f, 0xaf, 0x80, 0xa9, 0x7b, 0xa2, 0x76, 0xa0, 0x79, 0x9b, 0x74,
0x96, 0x70, 0x08, 0x96, 0x70, 0x91, 0x6d, 0x6a, 0x1a, 0x70, 0x87, 0x73, 0x83, 0x76, 0x1e, 0x83,
0x75, 0x7f, 0x76, 0x7a, 0x76, 0x7b, 0x76, 0x77, 0x76, 0x73, 0x75, 0x73, 0x75, 0x6f, 0x74, 0x6b,
0x71, 0x21, 0x37, 0x18, 0xf7, 0xd4, 0x06, 0xfd, 0xe7, 0xe7, 0x36, 0x1d, 0xf8, 0x34, 0xf9, 0x83,
0x42, 0x0a, 0xf9, 0x34, 0x1c, 0xfb, 0x71, 0x15, 0xdd, 0xfb, 0x27, 0x39, 0xfb, 0x24, 0xfb, 0x4a,
0xf7, 0x24, 0xfb, 0xcb, 0x06, 0x81, 0xf7, 0x0a, 0xf7, 0xd6, 0xf8, 0x54, 0x05, 0xf7, 0x49, 0x06,
0xfb, 0xde, 0xfc, 0x37, 0x15, 0xf7, 0x28, 0xf7, 0x55, 0x06, 0x80, 0x7a, 0x05, 0xfc, 0x6a, 0xfb,
0x7c, 0x36, 0x1d, 0x1c, 0x04, 0x70, 0xf7, 0xb7, 0x15, 0xdd, 0xfb, 0x27, 0x39, 0xfb, 0x24, 0xfb,
0x4a, 0xf7, 0x24, 0xfb, 0xcb, 0x06, 0x81, 0xf7, 0x0a, 0xf7, 0xd6, 0xf8, 0x54, 0x05, 0xf7, 0x49,
0x06, 0xfb, 0xde, 0xfc, 0x37, 0x15, 0xf7, 0x28, 0xf7, 0x55, 0x06, 0x80, 0x7a, 0x05, 0xfd, 0x5a,
0xf9, 0x4f, 0x45, 0x0a, 0xf7, 0xa8, 0xfd, 0xbe, 0x36, 0x1d, 0x65, 0x1d, 0x44, 0x0a, 0x1c, 0x04,
0xa6, 0x16, 0xfc, 0x39, 0x06, 0x61, 0x86, 0x60, 0x86, 0x5e, 0x87, 0x08, 0x86, 0x5e, 0x5d, 0x89,
0x5c, 0x1b, 0x4d, 0x52, 0x95, 0xa0, 0x56, 0x1f, 0x56, 0xa0, 0x5e, 0xaa, 0x65, 0xb6, 0x64, 0xb6,
0x6d, 0xc1, 0x76, 0xcc, 0x08, 0x76, 0xcc, 0x80, 0xd7, 0xe3, 0x1a, 0xf8, 0x64, 0x07, 0xe3, 0x96,
0xd8, 0xa0, 0xcc, 0x1e, 0xa0, 0xcc, 0xa9, 0xc0, 0xb1, 0xb6, 0xb1, 0xb6, 0xb8, 0xaa, 0xc0, 0xa0,
0x08, 0xa0, 0xbf, 0xc4, 0x95, 0xc9, 0x1b, 0xba, 0xba, 0x89, 0x87, 0xb8, 0x1f, 0xb8, 0x86, 0xb7,
0x86, 0xb5, 0x86, 0x08, 0xf8, 0x2e, 0xfb, 0x6d, 0xfb, 0xef, 0xfc, 0x0a, 0xf7, 0xbc, 0xfb, 0x6d,
0xfb, 0xbc, 0xfc, 0x34, 0xf7, 0xfa, 0x06, 0xfd, 0x45, 0x76, 0x15, 0x9a, 0x9b, 0x8b, 0x8c, 0x9a,
0x1f, 0x9a, 0x9a, 0x8c, 0x8c, 0x9a, 0x1f, 0xfa, 0xa6, 0x07, 0x7c, 0x8c, 0x7b, 0x8c, 0x7c, 0x8c,
0x08, 0x8c, 0x7b, 0x7b, 0x8b, 0x7c, 0x1b, 0x6e, 0x71, 0x87, 0x82, 0x74, 0x1f, 0x74, 0x82, 0x77,
0x7b, 0x7b, 0x74, 0x7b, 0x74, 0x7f, 0x6d, 0x82, 0x65, 0x08, 0x82, 0x64, 0x87, 0x5b, 0x50, 0x1a,
0xfc, 0x66, 0x07, 0x53, 0x8f, 0x5d, 0x94, 0x66, 0x1e, 0x94, 0x66, 0x97, 0x6d, 0x9c, 0x76, 0x9b,
0x76, 0x9f, 0x7c, 0x70, 0x0a, 0xa6, 0x87, 0xa8, 0x1b, 0x0e, 0xb1, 0xf9, 0x14, 0x15, 0xd3, 0x93,
0xcc, 0x9b, 0xc4, 0x1e, 0x9b, 0xc4, 0xa3, 0xbb, 0xaa, 0xb3, 0xaa, 0xb2, 0xb1, 0xaa, 0xb8, 0xa0,
0x08, 0xa0, 0xb8, 0xbf, 0x96, 0xc5, 0x1b, 0xaa, 0xa9, 0x88, 0x84, 0xa6, 0x1f, 0xa6, 0x84, 0xa5,
0x82, 0xa2, 0x7e, 0x97, 0x84, 0x96, 0x84, 0x96, 0x83, 0x96, 0x83, 0x95, 0x82, 0x95, 0x82, 0x96,
0x96, 0x96, 0x96, 0x97, 0x94, 0x96, 0x94, 0x98, 0x92, 0x98, 0x92, 0xa0, 0x96, 0xa1, 0x94, 0xa4,
0x91, 0xa3, 0x90, 0xa5, 0x8e, 0xa6, 0x8a, 0x08, 0xc0, 0xbb, 0x81, 0x76, 0xb5, 0x1f, 0xb5, 0x76,
0xaf, 0x6e, 0xa8, 0x66, 0xa8, 0x66, 0xa1, 0x5e, 0x9a, 0x56, 0x08, 0x9a, 0x56, 0x92, 0x50, 0x4a,
0x1a, 0xfb, 0x6e, 0xfc, 0x38, 0x69, 0x07, 0x78, 0x8c, 0x7a, 0x8d, 0x7b, 0x1e, 0x8c, 0x7b, 0x8e,
0x7c, 0x8f, 0x7d, 0x8f, 0x7c, 0x90, 0x7d, 0x92, 0x7e, 0x91, 0x7e, 0x92, 0x80, 0x94, 0x82, 0x98,
0x7c, 0x9c, 0x80, 0x9f, 0x84, 0x08, 0x83, 0x9f, 0xa2, 0x87, 0xa5, 0x1b, 0x9c, 0x9b, 0x8c, 0x8d,
0x98, 0x1f, 0x98, 0x8d, 0x98, 0x8e, 0x96, 0x8f, 0x96, 0x8e, 0x96, 0x90, 0x96, 0x90, 0x95, 0x90,
0x96, 0x90, 0x96, 0x91, 0xc7, 0xfb, 0x48, 0x18, 0x80, 0x80, 0x7e, 0x81, 0x7d, 0x82, 0x7c, 0x81,
0x7b, 0x82, 0x7a, 0x84, 0x76, 0x82, 0x75, 0x85, 0x72, 0x2b, 0x1d, 0x72, 0x70, 0x88, 0x6e, 0x1b,
0x67, 0x69, 0x8f, 0x92, 0x6c, 0x1f, 0x6c, 0x92, 0x6e, 0x95, 0x70, 0x98, 0x7d, 0x92, 0x7e, 0x94,
0x7e, 0x94, 0x7e, 0x94, 0x7e, 0x94, 0x80, 0x96, 0x80, 0x7f, 0x7f, 0x80, 0x7f, 0x82, 0x7e, 0x81,
0x7e, 0x82, 0x7d, 0x84, 0x74, 0x7f, 0x73, 0x82, 0x70, 0x85, 0x08, 0x84, 0x70, 0x6d, 0x88, 0x6c,
0x1b, 0x50, 0x57, 0x95, 0xa0, 0x5e, 0x1f, 0x5e, 0xa0, 0x65, 0xa9, 0x6c, 0xb2, 0x6c, 0xb2, 0x73,
0xbc, 0x7b, 0xc4, 0x08, 0x7a, 0xc4, 0x83, 0xcb, 0xd4, 0x1a, 0xf7, 0x99, 0x16, 0x5f, 0x8d, 0x65,
0x90, 0x6b, 0x1e, 0x8f, 0x6a, 0x92, 0x71, 0x96, 0x78, 0x93, 0x7c, 0x95, 0x80, 0x98, 0x84, 0x08,
0x83, 0x97, 0x9a, 0x87, 0x9d, 0x1b, 0x9c, 0x9a, 0x8f, 0x93, 0x98, 0x1f, 0x98, 0x92, 0x95, 0x96,
0x93, 0x9a, 0x90, 0x94, 0x8f, 0x96, 0x8f, 0x98, 0x8e, 0x98, 0x8e, 0x99, 0x8d, 0x9b, 0x8e, 0x9b,
0x83, 0x1d, 0xf7, 0x5d, 0x07, 0xa1, 0x8b, 0xa0, 0x8a, 0x9e, 0x1e, 0x8a, 0x9e, 0x89, 0x9d, 0x88,
0x9b, 0x89, 0x96, 0x89, 0x96, 0x89, 0x95, 0x88, 0x95, 0x88, 0x94, 0x88, 0x93, 0x83, 0x9f, 0x80,
0x9a, 0x7e, 0x96, 0x08, 0x96, 0x7d, 0x7a, 0x90, 0x76, 0x1b, 0x77, 0x7b, 0x86, 0x80, 0x7e, 0x1f,
0x7e, 0x80, 0x80, 0x7c, 0x83, 0x77, 0x83, 0x77, 0x85, 0x72, 0x88, 0x6e, 0x08, 0x88, 0x6e, 0x89,
0x69, 0x66, 0x1a, 0xf8, 0xb8, 0xf7, 0x80, 0x15, 0x7f, 0x81, 0x89, 0x87, 0x82, 0x1f, 0x82, 0x86,
0x83, 0x85, 0x86, 0x83, 0x85, 0x83, 0x86, 0x82, 0x88, 0x80, 0x87, 0x80, 0x88, 0x7c, 0x88, 0x78,
0x89, 0x7c, 0x8a, 0x7b, 0x8a, 0x7a, 0x08, 0x8a, 0x79, 0x8b, 0x78, 0x76, 0x1a, 0x71, 0xf7, 0x37,
0xe0, 0x07, 0xa3, 0x89, 0xa1, 0x88, 0x9e, 0x1e, 0x88, 0x9e, 0x85, 0x9a, 0x84, 0x98, 0x84, 0x96,
0x83, 0x93, 0x81, 0x91, 0x08, 0x90, 0x81, 0x7f, 0x8e, 0x7e, 0x1b, 0x0e, 0xfa, 0x17, 0x1c, 0x04,
0xf0, 0x15, 0xca, 0x3e, 0xbd, 0x31, 0xaf, 0x24, 0x08, 0xae, 0x24, 0x9d, 0xfb, 0x08, 0xfb, 0x14,
0x1a, 0x47, 0x07, 0x57, 0x86, 0x59, 0x82, 0x5c, 0x1e, 0x81, 0x5c, 0x7d, 0x5f, 0x7a, 0x63, 0x73,
0x54, 0x6c, 0x5a, 0x65, 0x60, 0x65, 0x61, 0x60, 0x68, 0x5b, 0x70, 0x64, 0x74, 0x62, 0x7a, 0x5e,
0x80, 0x08, 0x7f, 0x5e, 0x5c, 0x85, 0x5a, 0x1b, 0x3e, 0x44, 0x98, 0xa4, 0x4b, 0x1f, 0x4b, 0xa4,
0x54, 0xae, 0x5e, 0xb8, 0x5d, 0xb7, 0x68, 0xbf, 0x72, 0xc6, 0x08, 0x72, 0xc6, 0x7e, 0xcb, 0xcf,
0x1a, 0xd6, 0x97, 0xcf, 0xa2, 0xc8, 0x1e, 0xa2, 0xc8, 0xab, 0xc0, 0xb6, 0xb7, 0xb5, 0xb6, 0xbe,
0xad, 0xc8, 0xa3, 0x08, 0xa3, 0xc8, 0xcf, 0x97, 0xd7, 0x1b, 0xbd, 0xbb, 0x83, 0x7c, 0xb8, 0x1f,
0xb8, 0x7c, 0xb3, 0x75, 0xaf, 0x6f, 0x7d, 0xc0, 0x79, 0xba, 0x74, 0xb5, 0x74, 0xb5, 0x71, 0xb0,
0x6e, 0xac, 0xfb, 0x86, 0xfb, 0x19, 0x18, 0x3d, 0xf7, 0x04, 0xf7, 0x67, 0xf7, 0x09, 0x75, 0x9a,
0x74, 0x98, 0x74, 0x96, 0x19, 0x74, 0x96, 0x73, 0x95, 0x74, 0x94, 0xe3, 0xf7, 0x6d, 0x18, 0xc3,
0x7d, 0xc0, 0x78, 0xbc, 0x72, 0xbc, 0x72, 0xba, 0x6c, 0xb6, 0x67, 0xf7, 0x5b, 0xf7, 0x02, 0x18,
0xd9, 0xfb, 0x05, 0x05, 0xfc, 0x96, 0x1c, 0xfb, 0x78, 0x15, 0xa4, 0xa3, 0x8f, 0x92, 0xa2, 0x1f,
0xa2, 0x92, 0x9f, 0x96, 0x9e, 0x98, 0xa1, 0x9c, 0x9f, 0x9f, 0x9c, 0xa2, 0x9c, 0xa3, 0x99, 0xa6,
0x95, 0xaa, 0x94, 0xa3, 0x91, 0xa5, 0x90, 0xa8, 0x08, 0x8f, 0xa7, 0x8d, 0xa9, 0xaa, 0x1a, 0xcc,
0x07, 0x90, 0x8b, 0x90, 0x90, 0x90, 0x8b, 0x94, 0x98, 0x1a, 0x76, 0xa4, 0x69, 0xa1, 0x5d, 0x9e,
0x08, 0x9e, 0x5c, 0x50, 0x94, 0x44, 0x1b, 0x67, 0x6b, 0x83, 0x7b, 0x6f, 0x1f, 0x6f, 0x7b, 0x73,
0x76, 0x78, 0x71, 0x77, 0x70, 0x7c, 0x6d, 0x81, 0x68, 0x08, 0x80, 0x68, 0x86, 0x67, 0x66, 0x1a,
0x67, 0x91, 0x69, 0x96, 0x6b, 0x1e, 0x96, 0x6b, 0x9b, 0x6f, 0xa0, 0x73, 0xa0, 0x72, 0xa4, 0x78,
0xaa, 0x7d, 0x08, 0x7c, 0xa9, 0xae, 0x84, 0xb2, 0x1b, 0x0e, 0xf8, 0x33, 0x28, 0x0a, 0xfb, 0xa3,
0xf7, 0x77, 0x07, 0xe1, 0xd7, 0x80, 0x75, 0xcd, 0x1f, 0xcd, 0x74, 0xc3, 0x6c, 0xb8, 0x64, 0xb8,
0x64, 0xad, 0x5c, 0xa2, 0x54, 0x08, 0xa2, 0x54, 0x97, 0x4f, 0x4a, 0x1a, 0x4a, 0x7f, 0x4f, 0x74,
0x54, 0x1e, 0x74, 0x54, 0x69, 0x5b, 0x5e, 0x64, 0x5e, 0x63, 0x53, 0x6c, 0x49, 0x75, 0x08, 0x74,
0x49, 0x3f, 0x80, 0x35, 0x1b, 0xfb, 0x77, 0xfb, 0xb5, 0xfb, 0xab, 0x21, 0x0a, 0x06, 0xf7, 0xab,
0xfc, 0x83, 0x15, 0xfc, 0x54, 0xf7, 0x77, 0x07, 0xb8, 0xb2, 0x91, 0x98, 0xab, 0x1f, 0xab, 0x97,
0xa5, 0x9b, 0xa0, 0xa0, 0x9f, 0xa0, 0x9a, 0xa3, 0x94, 0xa6, 0x08, 0x94, 0xa6, 0x90, 0xa6, 0xa8,
0x1a, 0xa8, 0x86, 0xa7, 0x82, 0xa6, 0x1e, 0x82, 0xa6, 0x7c, 0xa3, 0x77, 0xa0, 0x76, 0xa0, 0x71,
0x9b, 0x6b, 0x2d, 0x1d, 0x6b, 0x64, 0x91, 0x5e, 0x1b, 0x0e, 0xfa, 0xed, 0xf8, 0xa7, 0x15, 0x79,
0x1d, 0x57, 0x6f, 0x08, 0x6f, 0x56, 0x4f, 0x7d, 0x47, 0x1b, 0x64, 0x68, 0x8f, 0x94, 0x6b, 0x1f,
0x6a, 0x94, 0x6e, 0x97, 0x70, 0x9c, 0x7e, 0x94, 0x7e, 0x94, 0x7f, 0x96, 0x7e, 0x96, 0x7f, 0x96,
0x80, 0x98, 0x08, 0xfc, 0x93, 0xfb, 0xaa, 0x1c, 0x07, 0xa7, 0xf7, 0xaa, 0xfc, 0xc0, 0x07, 0x9a,
0x9c, 0x9b, 0x9a, 0x9c, 0x98, 0x9c, 0x98, 0x9d, 0x97, 0x9e, 0x94, 0xa2, 0x97, 0xa5, 0x94, 0xa6,
0x91, 0x08, 0x91, 0xa6, 0xa9, 0x8e, 0xab, 0x7d, 0x1d, 0xae, 0x43, 0x0a, 0xfb, 0xaa, 0x16, 0xb8,
0x87, 0xb6, 0x83, 0xb3, 0x1e, 0x82, 0xb2, 0x7e, 0xae, 0x7a, 0xa8, 0x7a, 0xa8, 0x74, 0xa1, 0x6f,
0x9c, 0x08, 0x9c, 0x6f, 0x6a, 0x93, 0x64, 0x1b, 0x76, 0x78, 0x89, 0x88, 0x79, 0x1f, 0x79, 0x87,
0x7b, 0x86, 0x7d, 0x84, 0x78, 0x82, 0x7a, 0x7f, 0x7d, 0x7c, 0x7c, 0x7c, 0x7f, 0x79, 0x81, 0x77,
0x08, 0xfc, 0x56, 0x07, 0x94, 0x7a, 0x95, 0x7b, 0x97, 0x7d, 0x97, 0x7d, 0x99, 0x7f, 0x9b, 0x81,
0x9b, 0x82, 0x9d, 0x83, 0xa0, 0x86, 0x08, 0x86, 0x9f, 0x41, 0x0a, 0x92, 0xb2, 0x8f, 0xb5, 0xb8,
0x1a, 0x0e, 0xf8, 0x4b, 0x16, 0xfb, 0xa9, 0xfa, 0xc8, 0x06, 0xda, 0x97, 0xd0, 0xa2, 0xc8, 0x1e,
0xa2, 0xc8, 0xab, 0xbe, 0xb4, 0xb4, 0xb4, 0xb4, 0xbc, 0xaa, 0xc4, 0xa0, 0x08, 0xa0, 0xc4, 0xc9,
0x95, 0xcf, 0x1b, 0xc0, 0xbd, 0x84, 0x7c, 0xbb, 0x1f, 0xbb, 0x7c, 0xb5, 0x74, 0xb0, 0x6c, 0xaf,
0x6c, 0xa8, 0x65, 0xa1, 0x5e, 0x08, 0xa0, 0x5d, 0x96, 0x55, 0x4e, 0x1a, 0x57, 0x85, 0x62, 0x7f,
0x6d, 0x1e, 0x7e, 0x6d, 0x7f, 0x71, 0x7e, 0x75, 0x7d, 0x75, 0x7f, 0x74, 0x80, 0x73, 0x08, 0x80,
0x72, 0x85, 0x6c, 0x65, 0x1a, 0x74, 0x92, 0x74, 0x98, 0x76, 0x1e, 0x98, 0x76, 0x9c, 0x75, 0x9f,
0x76, 0x9e, 0x75, 0xa1, 0x74, 0xa2, 0x74, 0xa2, 0x73, 0xa0, 0x71, 0x9f, 0x70, 0x9e, 0x6f, 0x9c,
0x6c, 0x98, 0x6a, 0x08, 0x98, 0x69, 0x92, 0x65, 0x61, 0x1a, 0x50, 0x82, 0x56, 0x7a, 0x5d, 0x1e,
0x79, 0x5c, 0x71, 0x64, 0x69, 0x6c, 0x69, 0x6c, 0x61, 0x73, 0x5a, 0x7b, 0x08, 0x7a, 0x59, 0x52,
0x83, 0x4c, 0x1b, 0x71, 0x70, 0x8c, 0x8e, 0x70, 0x1f, 0x70, 0x8e, 0x70, 0x8f, 0x72, 0x90, 0x72,
0x90, 0x73, 0x91, 0x76, 0x92, 0x76, 0x92, 0x79, 0x93, 0x7d, 0x94, 0xc1, 0xf7, 0x71, 0x18, 0x96,
0x85, 0x98, 0x85, 0x9a, 0x84, 0x9a, 0x84, 0x9d, 0x85, 0x9e, 0x86, 0x9e, 0x86, 0x9f, 0x86, 0xa1,
0x88, 0x08, 0x87, 0xa1, 0xa2, 0x89, 0xa2, 0x1b, 0x9e, 0x9d, 0x8e, 0x91, 0x9a, 0x1f, 0x9a, 0x91,
0x99, 0x94, 0x96, 0x96, 0x97, 0x97, 0x94, 0x9a, 0x92, 0x9e, 0x08, 0x91, 0x9d, 0x8e, 0x9f, 0xa2,
0x1a, 0xa6, 0x84, 0xa4, 0x7e, 0xa2, 0x1e, 0x7e, 0xa1, 0x7a, 0xa1, 0x78, 0xa0, 0x77, 0xa0, 0x76,
0xa0, 0x74, 0xa1, 0x74, 0xa0, 0x75, 0xa3, 0x78, 0xa5, 0x77, 0xa5, 0x7a, 0xa8, 0x7e, 0xac, 0x08,
0x7e, 0xac, 0x84, 0xb1, 0xb6, 0x1a, 0xb9, 0x92, 0xb2, 0x99, 0xab, 0x1e, 0x99, 0xaa, 0x9a, 0xa8,
0x9c, 0xa6, 0x98, 0xa0, 0x96, 0xa1, 0x94, 0xa4, 0x08, 0x94, 0xa3, 0x90, 0xa8, 0xad, 0x1a, 0xa4,
0x87, 0xa1, 0x83, 0x9f, 0x1e, 0x82, 0x9e, 0x80, 0x9c, 0x7e, 0x99, 0x7e, 0x98, 0x7c, 0x96, 0x7a,
0x29, 0x0a, 0x7a, 0x7b, 0x8f, 0x7a, 0x1b, 0x74, 0x75, 0x86, 0x81, 0x76, 0x1f, 0x76, 0x80, 0x78,
0x7b, 0x7c, 0x76, 0x7c, 0x75, 0x7f, 0x6f, 0x82, 0x6a, 0x08, 0x82, 0x69, 0x86, 0x63, 0x5c, 0x1a,
0x0e, 0xf9, 0xf3, 0xf8, 0x12, 0x15, 0xa7, 0x87, 0xa4, 0x83, 0xa1, 0x1e, 0x82, 0xa0, 0x7e, 0x9f,
0x79, 0x9d, 0x78, 0x9d, 0x73, 0x9c, 0x6e, 0x9a, 0x6d, 0x9a, 0x67, 0x99, 0x61, 0x9a, 0x48, 0xa3,
0x4d, 0xa4, 0x54, 0xa6, 0x54, 0xa6, 0x5c, 0xaa, 0x64, 0xae, 0x64, 0xae, 0x6c, 0xb5, 0x76, 0xba,
0x08, 0x76, 0xba, 0x80, 0xc2, 0xcc, 0x1a, 0xc4, 0x95, 0xbf, 0x9e, 0xba, 0x1e, 0x9e, 0xba, 0xa7,
0xb3, 0xae, 0xae, 0xae, 0xae, 0xb6, 0xa7, 0xbd, 0xa0, 0xbd, 0xa0, 0xc3, 0x99, 0xc8, 0x91, 0x08,
0xf7, 0x6b, 0xf7, 0x34, 0xfb, 0x6d, 0x07, 0xc7, 0x83, 0xc1, 0x7b, 0xbb, 0x72, 0xbb, 0x72, 0xb4,
0x6b, 0xad, 0x64, 0xac, 0x63, 0xa5, 0x5c, 0x9e, 0x56, 0x08, 0x9d, 0x55, 0x94, 0x4f, 0x48, 0x1a,
0xfb, 0xaa, 0x06, 0xb6, 0x86, 0xb0, 0x80, 0xab, 0x1e, 0x80, 0xab, 0x7c, 0xa5, 0x78, 0xa0, 0x7a,
0x9d, 0x76, 0x99, 0x73, 0x94, 0x08, 0x94, 0x72, 0x70, 0x90, 0x6e, 0x1b, 0x69, 0x6e, 0x87, 0x82,
0x72, 0x1f, 0x72, 0x82, 0x76, 0x7e, 0x7b, 0x7b, 0x7b, 0x7a, 0x7f, 0x78, 0x84, 0x75, 0x08, 0x83,
0x75, 0x87, 0x73, 0x71, 0x1a, 0x71, 0x8f, 0x74, 0x93, 0x77, 0x1e, 0x92, 0x76, 0x98, 0x78, 0x9e,
0x7a, 0x9d, 0x7a, 0xa3, 0x7a, 0xa9, 0x7c, 0xa9, 0x7b, 0xb0, 0x7b, 0xb8, 0x7b, 0xce, 0x72, 0xc8,
0x71, 0xc2, 0x70, 0xc2, 0x70, 0xba, 0x6b, 0xb2, 0x68, 0xb2, 0x67, 0xa9, 0x62, 0xa0, 0x5c, 0x08,
0xa0, 0x5c, 0x95, 0x53, 0x4b, 0x1a, 0x50, 0x81, 0x57, 0x78, 0x5c, 0x1e, 0x78, 0x5c, 0x6f, 0x62,
0x67, 0x69, 0x67, 0x69, 0x60, 0x70, 0x58, 0x77, 0x58, 0x76, 0x53, 0x7e, 0x4c, 0x85, 0x08, 0xfb,
0x58, 0xfb, 0x33, 0xf7, 0x58, 0x07, 0x52, 0x90, 0x54, 0x98, 0x56, 0x9f, 0x56, 0x9e, 0x5c, 0xa8,
0x62, 0xb0, 0x62, 0xb0, 0x6a, 0xbb, 0x72, 0xc4, 0x08, 0x72, 0xc4, 0x7f, 0xcf, 0xdb, 0x1a, 0xf7,
0xab, 0x06, 0x5b, 0x92, 0x63, 0x99, 0x6b, 0x1e, 0x99, 0x6a, 0x9d, 0x72, 0xa2, 0x78, 0xa1, 0x78,
0xa4, 0x7d, 0xa8, 0x83, 0x08, 0x83, 0xa8, 0xa8, 0x87, 0xa9, 0x1b, 0xb1, 0xac, 0x90, 0x95, 0xa7,
0x1f, 0xa7, 0x94, 0xa2, 0x99, 0x9d, 0x9c, 0x9b, 0x9a, 0x97, 0x9e, 0x94, 0xa0, 0x08, 0x93, 0xa0,
0x8f, 0xa2, 0xa4, 0x1a, 0x0e, 0xf9, 0x19, 0x54, 0x1d, 0x5a, 0x83, 0x5d, 0x78, 0x60, 0x78, 0x60,
0x72, 0x65, 0x6a, 0x6a, 0x6a, 0x69, 0x64, 0x6f, 0x5e, 0x75, 0x5e, 0x74, 0x5a, 0x7c, 0x58, 0x82,
0x08, 0xfb, 0x7c, 0xfb, 0x5c, 0xf7, 0x7d, 0x07, 0x49, 0x97, 0x51, 0xa1, 0x59, 0xab, 0x59, 0xab,
0x61, 0x69, 0x0a, 0xce, 0x1a, 0xa9, 0x07, 0xce, 0x94, 0xcb, 0x9c, 0xc7, 0x1e, 0x9c, 0xc7, 0xa4,
0xc1, 0xac, 0xba, 0xac, 0xba, 0xb5, 0xb3, 0xbd, 0xac, 0xbd, 0xab, 0xc5, 0xa1, 0xcd, 0x97, 0x08,
0xf7, 0x75, 0xf7, 0x5c, 0xfb, 0x73, 0x07, 0xc1, 0x82, 0xbd, 0x7c, 0xb8, 0x74, 0xb8, 0x74, 0xb2,
0x6d, 0xac, 0x68, 0xab, 0x67, 0xa4, 0x62, 0x9d, 0x5c, 0x9c, 0x5c, 0x93, 0x58, 0x8a, 0x53, 0x55,
0x1d, 0x5f, 0x67, 0x82, 0x79, 0x2e, 0x0a, 0x6f, 0x0a, 0x7f, 0x7e, 0x1d, 0x8e, 0x82, 0x1d, 0xa2,
0x73, 0xa8, 0x79, 0x08, 0x79, 0xa8, 0xaf, 0x82, 0xb8, 0x1b, 0x0e, 0xf8, 0xc4, 0xf8, 0xdd, 0x15,
0x91, 0xfb, 0x2e, 0x05, 0x72, 0x89, 0x74, 0x88, 0x75, 0x1e, 0x88, 0x75, 0x85, 0x76, 0x84, 0x78,
0x86, 0x7e, 0x86, 0x7e, 0x84, 0x7f, 0x84, 0x7f, 0x82, 0x7f, 0x82, 0x80, 0x6b, 0x1d, 0x86, 0xf7,
0x3b, 0x05, 0xfb, 0x36, 0xf7, 0x71, 0xf7, 0x2f, 0x06, 0x84, 0xf7, 0x7e, 0x4f, 0x0a, 0x76, 0x92,
0x08, 0x91, 0x75, 0x74, 0x8e, 0x73, 0x1b, 0x73, 0x75, 0x87, 0x82, 0x76, 0x1f, 0x76, 0x82, 0x7a,
0x7d, 0x7c, 0x7a, 0x7c, 0x7a, 0x7f, 0x75, 0x82, 0x71, 0x08, 0x82, 0x70, 0x87, 0x6d, 0x69, 0x1a,
0x94, 0xfb, 0x7e, 0x05, 0xf7, 0xca, 0xfb, 0x71, 0x06, 0x0e, 0xf8, 0x73, 0x16, 0xf7, 0xb3, 0xfb,
0xeb, 0xf7, 0x39, 0xf7, 0xeb, 0xf7, 0x10, 0xfb, 0xeb, 0xf7, 0x3a, 0xf7, 0xa1, 0x07, 0xfc, 0x14,
0xf9, 0x5e, 0x05, 0xf7, 0xca, 0x06, 0xf7, 0x9e, 0xfc, 0xc7, 0xa4, 0x53, 0x05, 0x8d, 0x06, 0xa4,
0xc4, 0xf7, 0x9e, 0xf8, 0xc6, 0x05, 0xf7, 0xc9, 0x06, 0xfc, 0x13, 0xfd, 0x5e, 0x05, 0xf7, 0x8e,
0xfb, 0x3a, 0xfb, 0xdf, 0xfb, 0x10, 0xf7, 0xdf, 0xfb, 0x39, 0xfb, 0xdf, 0xfb, 0xb3, 0x06, 0x0e,
0xfa, 0x45, 0xfa, 0x01, 0x15, 0xfb, 0x62, 0xfe, 0x0e, 0x06, 0x46, 0x82, 0x4f, 0x79, 0x56, 0x1e,
0x78, 0x56, 0x71, 0x5f, 0x69, 0x67, 0x68, 0x67, 0x61, 0x70, 0x5a, 0x79, 0x08, 0x78, 0x59, 0x53,
0x82, 0x4c, 0x1b, 0x6b, 0x6b, 0x8e, 0x90, 0x6c, 0x1f, 0x6c, 0x90, 0x6b, 0x95, 0x6b, 0x99, 0x9a,
0xf7, 0x71, 0x18, 0x98, 0x80, 0xa3, 0x83, 0xac, 0x86, 0x08, 0x85, 0xac, 0xa3, 0x88, 0x9b, 0x1b,
0xa2, 0x9f, 0x8e, 0x91, 0x9c, 0x1f, 0x9c, 0x91, 0x9a, 0x94, 0x97, 0x96, 0x9c, 0x9b, 0x98, 0xa1,
0x93, 0xa7, 0x08, 0x93, 0xa7, 0x8f, 0xac, 0xb0, 0x1a, 0xfa, 0x0e, 0xfb, 0x35, 0xf7, 0x61, 0xf7,
0x35, 0xda, 0x07, 0xcf, 0x96, 0xc7, 0xa1, 0xc0, 0x1e, 0xa0, 0xbf, 0xaa, 0xb7, 0xb4, 0xae, 0xb4,
0xae, 0xbc, 0xa6, 0xc6, 0x9e, 0x08, 0x9d, 0xc5, 0xcd, 0x94, 0xd5, 0x1b, 0xad, 0xac, 0x87, 0x83,
0xab, 0x1f, 0xaa, 0x83, 0xac, 0x81, 0xad, 0x80, 0x73, 0xfb, 0x6c, 0x18, 0x78, 0x94, 0x77, 0x93,
0x75, 0x27, 0x1d, 0x74, 0x71, 0x8e, 0x6e, 0x1b, 0x63, 0x68, 0x87, 0x82, 0x6e, 0x1f, 0x6d, 0x82,
0x73, 0x7d, 0x78, 0x79, 0x7a, 0x7b, 0x7e, 0x77, 0x83, 0x74, 0x08, 0x82, 0x74, 0x87, 0x70, 0x6d,
0x1a, 0x3c, 0xf7, 0x62, 0x07, 0x0e, 0xfa, 0x1c, 0xd9, 0x15, 0x62, 0x6b, 0x5e, 0x73, 0x5a, 0x7a,
0x08, 0x7a, 0x5a, 0x57, 0x83, 0x55, 0x1b, 0x55, 0x58, 0x93, 0x9c, 0x5a, 0x1f, 0x5a, 0x9c, 0x5d,
0xa2, 0x62, 0xaa, 0x27, 0x25, 0x18, 0xfb, 0x21, 0xf7, 0x24, 0xf7, 0x00, 0xf7, 0x02, 0x74, 0xb3,
0x79, 0xb7, 0x7e, 0xba, 0x19, 0x7e, 0xba, 0x85, 0xbd, 0xbf, 0x1a, 0xc2, 0x92, 0xc0, 0x9a, 0xbc,
0x1e, 0x99, 0xbc, 0x9f, 0xb9, 0xa4, 0xb4, 0xfb, 0x08, 0xf7, 0x0b, 0x18, 0xf7, 0x21, 0xf7, 0x24,
0xf7, 0x06, 0xfb, 0x09, 0xb3, 0xa7, 0xb6, 0xa1, 0xba, 0x9a, 0x19, 0x9a, 0xb9, 0xbc, 0x92, 0xbe,
0x1b, 0xbe, 0xbc, 0x83, 0x7c, 0xba, 0x1f, 0xba, 0x7c, 0xb6, 0x75, 0xb3, 0x6f, 0xf7, 0x08, 0xf7,
0x0b, 0x18, 0xf7, 0x22, 0xfb, 0x25, 0xfb, 0x0c, 0xfb, 0x0f, 0xa4, 0x62, 0x9f, 0x5e, 0x99, 0x5a,
0x19, 0x98, 0x5a, 0x92, 0x58, 0x55, 0x1a, 0x57, 0x85, 0x5a, 0x7f, 0x5d, 0x1e, 0x7e, 0x5c, 0x7a,
0x60, 0x74, 0x63, 0xf7, 0x04, 0xfb, 0x05, 0x18, 0xfb, 0x22, 0xfb, 0x25, 0x05, 0xfd, 0x53, 0xf8,
0xab, 0x15, 0x5b, 0x93, 0x5e, 0x9b, 0x62, 0x1e, 0x9b, 0x62, 0xa1, 0x67, 0xa7, 0x6d, 0xa7, 0x6c,
0xac, 0x73, 0xb1, 0x7a, 0x08, 0x79, 0xb0, 0xb4, 0x82, 0xb6, 0x1b, 0xb6, 0xb3, 0x94, 0x9d, 0xb1,
0x1f, 0xb0, 0x9c, 0xac, 0xa3, 0xa7, 0xaa, 0xa7, 0xa9, 0xa1, 0xaf, 0x9b, 0xb4, 0x08, 0x9b, 0xb4,
0x93, 0xb8, 0xbb, 0x1a, 0xbb, 0x83, 0xb8, 0x7b, 0xb4, 0x1e, 0x7b, 0xb4, 0x75, 0xae, 0x6f, 0xa9,
0x6f, 0xa9, 0x6a, 0xa3, 0x66, 0x9c, 0x08, 0x9c, 0x65, 0x63, 0x94, 0x60, 0x1b, 0x60, 0x62, 0x82,
0x7a, 0x66, 0x1f, 0x65, 0x7a, 0x6a, 0x73, 0x6f, 0x6d, 0x6f, 0x6d, 0x75, 0x68, 0x7b, 0x62, 0x08,
0x7b, 0x62, 0x83, 0x5e, 0x5b, 0x1a, 0x0e, 0xf9, 0x79, 0x50, 0x0a, 0x0e, 0xf8, 0x96, 0xf8, 0xc9,
0x15, 0xf7, 0x91, 0x06, 0x9b, 0xfe, 0x45, 0x05, 0xfb, 0xb2, 0x06, 0xf7, 0xca, 0x1c, 0x05, 0x2f,
0x15, 0x60, 0x7c, 0x67, 0x6d, 0x6e, 0x1e, 0x6e, 0x6d, 0x64, 0x7d, 0x6a, 0x0a, 0xb7, 0x99, 0xb0,
0xa8, 0xa9, 0x1e, 0xa9, 0xa8, 0xb2, 0x9a, 0xbe, 0x1b, 0xbc, 0xb2, 0x7c, 0x6d, 0xa9, 0x1f, 0xa9,
0x6e, 0x9a, 0x66, 0x5e, 0x1a, 0x0e, 0xf8, 0x87, 0xf8, 0x4e, 0x15, 0xb9, 0x8c, 0xb2, 0x8e, 0xab,
0x1e, 0x8d, 0xab, 0x90, 0xa8, 0x94, 0xa5, 0x94, 0xa4, 0x98, 0xa3, 0x9c, 0xa1, 0x9c, 0xa0, 0xa4,
0xa2, 0xaa, 0xa4, 0xa2, 0xa0, 0xa1, 0xa1, 0xa2, 0xa2, 0xa2, 0xa2, 0x9f, 0xa2, 0x9e, 0xa4, 0x9d,
0xa3, 0x9a, 0xa4, 0x96, 0xa4, 0x08, 0x96, 0xa4, 0x91, 0xa5, 0xa4, 0x1a, 0xaa, 0x87, 0xa5, 0x82,
0xa2, 0x1e, 0x82, 0xa1, 0x7f, 0x9d, 0x7b, 0x9a, 0x7a, 0x98, 0x77, 0x95, 0x74, 0x92, 0x08, 0x92,
0x73, 0x70, 0x8e, 0x6c, 0x1b, 0x73, 0x74, 0x88, 0x85, 0x74, 0x1f, 0x74, 0x84, 0x77, 0x81, 0x7a,
0x7d, 0x79, 0x7d, 0x7d, 0x79, 0x80, 0x75, 0x80, 0x75, 0x85, 0x71, 0x8a, 0x6c, 0x08, 0xfb, 0xab,
0x06, 0x8c, 0xcf, 0x97, 0xc6, 0xa4, 0xbe, 0xa4, 0xbd, 0xac, 0xb5, 0xb5, 0xac, 0xb5, 0xac, 0xbc,
0xa4, 0xc4, 0x9c, 0x08, 0x9b, 0xc4, 0xc8, 0x93, 0xcd, 0x1b, 0xd5, 0xcd, 0x83, 0x7a, 0xc6, 0x1f,
0xc6, 0x7a, 0xbc, 0x73, 0xb4, 0x6a, 0xb3, 0x6a, 0xaa, 0x62, 0xa0, 0x5a, 0x08, 0xa0, 0x5a, 0x96,
0x53, 0x4b, 0x1a, 0x5c, 0x83, 0x60, 0x7b, 0x64, 0x1e, 0x7b, 0x64, 0x76, 0x66, 0x72, 0x6a, 0x72,
0x69, 0x6e, 0x6b, 0x6b, 0x6d, 0x6a, 0x6c, 0x6b, 0x6e, 0x6a, 0x6e, 0x77, 0x77, 0x7b, 0x79, 0x80,
0x7c, 0x80, 0x7c, 0x83, 0x7b, 0x86, 0x7b, 0x86, 0x7b, 0x87, 0x7a, 0x8a, 0x78, 0x08, 0x8a, 0x78,
0x8a, 0x74, 0x70, 0x1a, 0xfb, 0xb7, 0xfb, 0xc3, 0x15, 0xb7, 0x99, 0xb0, 0xa8, 0xa9, 0x85, 0x1d,
0xa9, 0x1f, 0xa8, 0x6d, 0x9a, 0x66, 0x5f, 0x1a, 0x60, 0x7c, 0x68, 0x6e, 0x6e, 0x1e, 0x6e, 0x6d,
0x63, 0x7c, 0x5a, 0x1b, 0x58, 0x64, 0x9a, 0xa8, 0x6e, 0x1f, 0x6e, 0xa8, 0x7d, 0xae, 0xb6, 0x1a,
0x0e, 0xf9, 0xab, 0xf9, 0x13, 0x15, 0x5e, 0x8a, 0x64, 0x8a, 0x6b, 0x1e, 0x89, 0x6a, 0x86, 0x6f,
0x83, 0x72, 0x83, 0x72, 0x7f, 0x73, 0x7a, 0x76, 0x7a, 0x76, 0x72, 0x74, 0x6b, 0x73, 0x76, 0x75,
0x75, 0x74, 0x76, 0x74, 0x75, 0x73, 0x77, 0x73, 0x7a, 0x72, 0x7a, 0x72, 0x7d, 0x71, 0x80, 0x71,
0x08, 0x80, 0x70, 0x85, 0x70, 0x6f, 0x1a, 0x70, 0x8f, 0x74, 0x92, 0x77, 0x1e, 0x92, 0x76, 0x95,
0x7a, 0x98, 0x7d, 0x98, 0x7d, 0x9c, 0x81, 0xa0, 0x2a, 0x1d, 0xa0, 0xa2, 0x87, 0xa4, 0x1b, 0xa2,
0xa2, 0x8e, 0x92, 0xa0, 0x1f, 0xa0, 0x91, 0x9d, 0x95, 0x9b, 0x98, 0x9b, 0x98, 0x98, 0x9d, 0x95,
0xa0, 0x94, 0xa0, 0x90, 0xa5, 0x8c, 0xa9, 0x08, 0xf7, 0xab, 0x06, 0x8a, 0x48, 0x7e, 0x50, 0x74,
0x5a, 0x74, 0x59, 0x6b, 0x62, 0x63, 0x6a, 0x63, 0x6a, 0x5c, 0x73, 0x54, 0x7b, 0x08, 0x7b, 0x54,
0x51, 0x83, 0x4c, 0x1b, 0x45, 0x4d, 0x94, 0x9c, 0x54, 0x1f, 0x54, 0x9c, 0x5c, 0xa4, 0x65, 0xac,
0x65, 0xac, 0x6e, 0xb3, 0x77, 0xbc, 0x08, 0x76, 0xbc, 0x81, 0xc3, 0xca, 0x1a, 0xba, 0x93, 0xb6,
0x9a, 0xb2, 0x1e, 0x9a, 0xb2, 0xa0, 0xb0, 0xa4, 0xae, 0xa4, 0xad, 0xa7, 0xab, 0xaa, 0xaa, 0xaa,
0xaa, 0xab, 0xa9, 0xaa, 0xa8, 0xa0, 0x9e, 0x9a, 0x9c, 0x96, 0x9a, 0x95, 0x9a, 0x92, 0x9a, 0x90,
0x9a, 0x90, 0x9a, 0x8d, 0x9c, 0x8c, 0x9e, 0x08, 0x9d, 0x8b, 0xa1, 0x8c, 0xa6, 0x1e, 0x87, 0xf7,
0xc3, 0x15, 0xb0, 0x94, 0xab, 0x9e, 0xa5, 0x1e, 0xa5, 0x9e, 0xad, 0x98, 0xbe, 0x1b, 0xbd, 0xae,
0x7e, 0x71, 0x9f, 0x1f, 0x9f, 0x72, 0x95, 0x6b, 0x65, 0x1a, 0x68, 0x81, 0x6d, 0x77, 0x73, 0x1e,
0x73, 0x77, 0x68, 0x7f, 0x59, 0x1b, 0x58, 0x69, 0x97, 0xa4, 0x78, 0x1f, 0x78, 0xa3, 0x82, 0xa8,
0xae, 0x1a, 0x0e, 0xf9, 0x5a, 0xa1, 0x15, 0x3f, 0x78, 0x3e, 0x66, 0x3d, 0x1e, 0x65, 0x3d, 0x5a,
0x49, 0x4f, 0x56, 0xfb, 0x27, 0xd7, 0x18, 0xa4, 0xbb, 0xa1, 0xbd, 0x9c, 0xc0, 0x08, 0x9c, 0xbf,
0x94, 0xca, 0xd4, 0x1a, 0xf7, 0x7e, 0xf7, 0x99, 0x07, 0x0e, 0xf8, 0x3a, 0xf7, 0x35, 0x3a, 0x0a,
0x0e, 0xf8, 0x48, 0xf7, 0x35, 0x3a, 0x0a, 0xf9, 0xce, 0x04, 0x3d, 0x1d, 0x0e, 0xf8, 0x6f, 0xfa,
0x6f, 0x3a, 0x0a, 0xf7, 0xcb, 0xfe, 0x59, 0x2f, 0x0a, 0xf0, 0xf7, 0x34, 0x15, 0xbe, 0x9c, 0xb7,
0xad, 0xaf, 0x1e, 0xae, 0xad, 0xba, 0x9d, 0xc8, 0x1b, 0xc7, 0xba, 0x79, 0x68, 0xad, 0x1f, 0xae,
0x68, 0x9c, 0x5f, 0x57, 0x1a, 0x57, 0x7a, 0x60, 0x68, 0x69, 0x1e, 0x68, 0x68, 0x5c, 0x7a, 0x50,
0x1b, 0x50, 0x5c, 0x9c, 0xae, 0x68, 0x1f, 0x68, 0xae, 0x7a, 0xb6, 0xbe, 0x1a, 0xf8, 0x21, 0x16,
0x3d, 0x1d, 0xf8, 0x21, 0x16, 0x3d, 0x1d, 0x0e, 0xf8, 0x82, 0xf9, 0x51, 0x15, 0xb5, 0x99, 0xaf,
0xa8, 0xa8, 0x1e, 0xa8, 0xa7, 0xb1, 0x99, 0xbc, 0x1b, 0xba, 0xb2, 0x7d, 0x6e, 0x42, 0x1d, 0x6f,
0x1e, 0x6f, 0x6e, 0x64, 0x7d, 0x5c, 0x1b, 0x5a, 0x65, 0x99, 0xa8, 0x6f, 0x1f, 0x6e, 0xa7, 0x7d,
0xaf, 0xb5, 0x1a, 0x0e, 0xf8, 0x28, 0xf9, 0xa6, 0x15, 0xac, 0x91, 0xa9, 0x96, 0xa7, 0x1e, 0x96,
0xa7, 0x9a, 0xa3, 0x9f, 0x9f, 0x9f, 0x9f, 0xa3, 0x9b, 0xa8, 0x27, 0x0a, 0xa8, 0xab, 0x91, 0xaf,
0x1b, 0xb0, 0xac, 0x85, 0x80, 0xa8, 0x1f, 0xa8, 0x80, 0xa3, 0x7b, 0xa0, 0x77, 0x9f, 0x77, 0x9a,
0x73, 0x96, 0x6f, 0x08, 0x96, 0x6f, 0x90, 0x6d, 0x6a, 0x1a, 0x51, 0x07, 0x6a, 0x86, 0x6d, 0x80,
0x70, 0x1e, 0x80, 0x70, 0x7c, 0x73, 0x77, 0x77, 0x76, 0x77, 0x73, 0x7c, 0x6e, 0x80, 0x08, 0x80,
0x6e, 0x6a, 0x85, 0x67, 0x1b, 0x67, 0x6b, 0x91, 0x96, 0x6e, 0x1f, 0x6e, 0x96, 0x72, 0x9a, 0x77,
0x9f, 0x77, 0x9f, 0x7c, 0xa3, 0x80, 0xa6, 0x08, 0x80, 0xa6, 0x85, 0xa9, 0xac, 0x1a, 0x0e, 0xfa,
0xb8, 0xfb, 0x6d, 0x15, 0xfe, 0x24, 0xf7, 0x6d, 0xfa, 0x24, 0x06, 0x0e, 0x6b, 0x0a, 0x1c, 0x04,
0x9b, 0x6d, 0x0a, 0x68, 0x0a, 0x64, 0x0a, 0x57, 0x0a, 0xf8, 0x7f, 0x69, 0x1d, 0x0e, 0x66, 0x1d,
0xf9, 0xa0, 0xcc, 0x15, 0x69, 0x86, 0x68, 0x82, 0x67, 0x1e, 0x81, 0x67, 0x7e, 0x68, 0x7b, 0x68,
0x7a, 0x68, 0x78, 0x6b, 0x75, 0x6c, 0x74, 0x6c, 0x73, 0x70, 0x72, 0x74, 0xfb, 0x19, 0xda, 0x18,
0xa4, 0xb7, 0xa0, 0xba, 0x9a, 0xbc, 0x08, 0x9a, 0xbc, 0x92, 0xc3, 0xcc, 0x1a, 0xf7, 0x61, 0xf7,
0x7d, 0x07, 0x0e, 0xf7, 0xda, 0x69, 0x1d, 0xf7, 0xe9, 0xf7, 0x44, 0x15, 0xad, 0x90, 0xae, 0x94,
0xb0, 0x1e, 0x94, 0xaf, 0x98, 0xae, 0x9c, 0xae, 0x9c, 0xae, 0x9e, 0xab, 0xa1, 0xaa, 0xa1, 0xaa,
0xa3, 0xa6, 0xa5, 0xa2, 0xf7, 0x14, 0x3c, 0x18, 0x72, 0x60, 0x76, 0x5c, 0x7a, 0x5a, 0x08, 0x7a,
0x59, 0x83, 0x52, 0x4a, 0x1a, 0xfb, 0x45, 0xfb, 0x73, 0x07, 0x0e, 0xf8, 0xf6, 0x1c, 0x05, 0x6b,
0x53, 0x1d, 0xf7, 0xfb, 0xfb, 0x41, 0x34, 0x0a, 0xf9, 0x10, 0xca, 0x15, 0x69, 0x87, 0x68, 0x82,
0x67, 0x1e, 0x82, 0x67, 0x7f, 0x68, 0x7c, 0x68, 0x7b, 0x68, 0x78, 0x6b, 0x76, 0x6c, 0x76, 0x6c,
0x73, 0x70, 0x71, 0x74, 0xfb, 0x1f, 0xda, 0x18, 0xa4, 0xb6, 0xa0, 0xba, 0x9a, 0xbc, 0x08, 0x9a,
0xbc, 0x92, 0xc4, 0xcc, 0x1a, 0xf7, 0x41, 0xf7, 0x7c, 0x07, 0xf7, 0xdc, 0xfb, 0x40, 0x15, 0x69,
0x86, 0x68, 0x82, 0x67, 0x1e, 0x82, 0x67, 0x7e, 0x68, 0x7b, 0x68, 0x7a, 0x68, 0x78, 0x6b, 0x75,
0x6c, 0x75, 0x6c, 0x73, 0x70, 0x71, 0x74, 0xfb, 0x1f, 0xda, 0x18, 0xa4, 0xb6, 0xa1, 0xba, 0x9c,
0xbc, 0x08, 0x9c, 0xbc, 0x93, 0xc4, 0xcc, 0x1a, 0xf7, 0x41, 0xf7, 0x7d, 0x07, 0x0e, 0xf7, 0xed,
0xf8, 0xe4, 0x15, 0xe9, 0x92, 0xe4, 0x9a, 0xde, 0x1e, 0x99, 0xde, 0x9e, 0xd7, 0xa4, 0xd2, 0xa4,
0xd1, 0xa8, 0xcb, 0xac, 0xc5, 0xac, 0xc5, 0xad, 0xbe, 0xb0, 0xb8, 0xb0, 0xb8, 0xb1, 0xb1, 0xb2,
0xaa, 0xb2, 0xaa, 0xb0, 0xa2, 0xb0, 0x9c, 0xc1, 0xfb, 0x2c, 0x18, 0x76, 0x7b, 0x75, 0x78, 0x76,
0x74, 0x76, 0x74, 0x76, 0x71, 0x76, 0x6e, 0x70, 0x65, 0x73, 0x5e, 0x74, 0x57, 0x74, 0x57, 0x76,
0x52, 0x7a, 0x4e, 0x7c, 0x50, 0x7e, 0x49, 0x82, 0x43, 0x08, 0x82, 0x43, 0x86, 0x3d, 0x36, 0x1a,
0x71, 0x07, 0x38, 0x90, 0x3e, 0x94, 0x44, 0x1e, 0x94, 0x44, 0x94, 0x53, 0x96, 0x61, 0x9a, 0x50,
0x9c, 0x55, 0x9f, 0x59, 0x9e, 0x59, 0xa0, 0x5f, 0xa2, 0x66, 0xa3, 0x62, 0xa4, 0x68, 0xa6, 0x6d,
0xa6, 0x6d, 0xa5, 0x72, 0xa5, 0x77, 0x55, 0xfb, 0x2a, 0x18, 0x66, 0x9c, 0x66, 0xa3, 0x64, 0xaa,
0x64, 0xaa, 0x65, 0xb1, 0x66, 0xb8, 0x66, 0xb7, 0x69, 0xbe, 0x6a, 0xc5, 0x6a, 0xc5, 0x6e, 0xcb,
0x72, 0xd2, 0x72, 0xd1, 0x78, 0xd7, 0x7d, 0xde, 0x08, 0x7c, 0xde, 0x84, 0xe3, 0xea, 0x1a, 0x0e,
0xfa, 0x05, 0xf8, 0xce, 0x15, 0x30, 0x84, 0x34, 0x7c, 0x3a, 0x1e, 0x7c, 0x39, 0x77, 0x3f, 0x72,
0x44, 0x72, 0x44, 0x6d, 0x4b, 0x6a, 0x51, 0x69, 0x50, 0x67, 0x57, 0x65, 0x5e, 0x65, 0x5d, 0x64,
0x64, 0x63, 0x6b, 0x63, 0x6b, 0x64, 0x73, 0x65, 0x7a, 0x56, 0xf7, 0x2a, 0x18, 0xa2, 0x9c, 0xa3,
0xa1, 0xa2, 0xa5, 0xa2, 0xa4, 0xa2, 0xa9, 0xa1, 0xad, 0xa5, 0xb3, 0xa3, 0xb8, 0xa1, 0xbe, 0xa0,
0xbe, 0x9e, 0xc3, 0x9c, 0xca, 0x99, 0xc4, 0x96, 0xcb, 0x94, 0xd0, 0x08, 0x93, 0xd0, 0x8f, 0xd6,
0xdc, 0x1a, 0xa5, 0x07, 0xda, 0x87, 0xd4, 0x83, 0xcf, 0x1e, 0x82, 0xcf, 0x80, 0xca, 0x7d, 0xc4,
0x79, 0xd3, 0x75, 0xcb, 0x71, 0xc3, 0x72, 0xc3, 0x6f, 0xbc, 0x6f, 0xb5, 0x78, 0xa6, 0x77, 0xa4,
0x77, 0xa1, 0x76, 0xa0, 0x77, 0x9e, 0x77, 0x9a, 0xc0, 0xf7, 0x29, 0x18, 0xb1, 0x7a, 0xb2, 0x73,
0xb3, 0x6b, 0xb3, 0x6b, 0xb2, 0x64, 0xb1, 0x5e, 0xb1, 0x5d, 0xaf, 0x57, 0xad, 0x51, 0xac, 0x50,
0xa9, 0x4b, 0xa4, 0x44, 0xa4, 0x44, 0x9f, 0x3f, 0x9a, 0x3a, 0x08, 0x9a, 0x39, 0x92, 0x34, 0x30,
0x1a, 0x0e, 0xf9, 0xe3, 0x1c, 0x05, 0xc3, 0x15, 0xfb, 0x3e, 0x1c, 0xf9, 0xc5, 0xf7, 0x3e, 0xfb,
0x6b, 0xfc, 0x53, 0x1c, 0x07, 0xe9, 0xf8, 0x53, 0x06, 0x0e, 0xf8, 0x24, 0x1c, 0x06, 0x9a, 0x15,
0xf8, 0x54, 0x1c, 0xf8, 0x17, 0xfc, 0x54, 0xf7, 0x6b, 0xf7, 0x3f, 0x1c, 0x06, 0x3b, 0xfb, 0x3f,
0x06, 0x0e, 0xfa, 0x40, 0xfb, 0xfc, 0x15, 0x49, 0x52, 0x9a, 0xa8, 0x5b, 0x1f, 0x5a, 0xa8, 0x64,
0xaf, 0x6d, 0xb7, 0x6b, 0xb9, 0x74, 0xbe, 0x7c, 0xc1, 0x08, 0x7d, 0xc2, 0x84, 0xc1, 0xc0, 0x1a,
0xf7, 0x37, 0x07, 0xe4, 0x76, 0xca, 0x62, 0xb2, 0x1e, 0xb2, 0x62, 0x4c, 0x9e, 0x36, 0x1b, 0xf7,
0x5c, 0x07, 0xe0, 0xca, 0x9e, 0xb2, 0xb4, 0x1f, 0xb4, 0xb2, 0xa0, 0xcb, 0xe5, 0x1a, 0xf7, 0x37,
0x07, 0xc4, 0x93, 0xc5, 0x9b, 0xc8, 0x1e, 0x9b, 0xc7, 0xa4, 0xbf, 0xae, 0xb8, 0xa8, 0xb2, 0xb0,
0xaa, 0xba, 0xa4, 0x08, 0xa4, 0xba, 0xc2, 0x97, 0xcc, 0x1b, 0xad, 0xfb, 0x31, 0x62, 0x8c, 0x6c,
0x83, 0x75, 0x79, 0x19, 0x75, 0x78, 0x7b, 0x73, 0x81, 0x6d, 0x81, 0x6d, 0x85, 0x6a, 0x8a, 0x66,
0x08, 0x89, 0x66, 0x8a, 0x66, 0x67, 0x1a, 0xfb, 0x37, 0x07, 0x3c, 0x78, 0x44, 0x64, 0x4e, 0x1e,
0x64, 0x4e, 0x4e, 0x5c, 0x39, 0x6b, 0xde, 0x6b, 0xc7, 0x5d, 0xb2, 0x4e, 0x08, 0xb2, 0x4e, 0x9e,
0x45, 0x3c, 0x1a, 0xfb, 0x37, 0x07, 0x67, 0x8d, 0x67, 0x90, 0x66, 0x1e, 0x8f, 0x66, 0x93, 0x69,
0x97, 0x6d, 0x97, 0x6d, 0x9c, 0x73, 0xa0, 0x79, 0xa0, 0x78, 0xa6, 0x83, 0xac, 0x8c, 0x08, 0x0e,
0xf7, 0xe0, 0xfb, 0x5e, 0x15, 0xac, 0x8a, 0xa6, 0x93, 0xa0, 0x9e, 0xa0, 0x9d, 0x9b, 0xa3, 0x97,
0xa9, 0x97, 0xa9, 0x93, 0xad, 0x90, 0xb0, 0x08, 0x90, 0xb0, 0x8d, 0xaf, 0xaf, 0x1a, 0xf7, 0x37,
0x07, 0xb2, 0x90, 0xaf, 0x94, 0xae, 0x1e, 0x94, 0xae, 0x98, 0xab, 0x9e, 0xa9, 0x9e, 0xa9, 0xa2,
0xa6, 0xa8, 0xa3, 0xa7, 0xa2, 0xad, 0x9f, 0xb2, 0x9c, 0x6b, 0x98, 0x6f, 0x9b, 0x72, 0x9e, 0x72,
0x9e, 0x76, 0x9f, 0x79, 0xa2, 0x70, 0xac, 0x78, 0xb1, 0x7e, 0xb4, 0x08, 0x7e, 0xb4, 0x85, 0xb6,
0xb9, 0x1a, 0xf7, 0x37, 0x07, 0xaf, 0x8a, 0xb0, 0x8a, 0xb0, 0x1e, 0x89, 0xb0, 0x85, 0xac, 0x81,
0xa9, 0x81, 0xa9, 0x7b, 0xa3, 0x75, 0x9e, 0x75, 0x9d, 0x6c, 0x93, 0x62, 0x8a, 0xad, 0xf7, 0x31,
0x18, 0xd2, 0xc7, 0x7d, 0x6e, 0xbc, 0x1f, 0xbc, 0x6e, 0xb2, 0x64, 0xaa, 0x5a, 0xa8, 0x5f, 0xa0,
0x5a, 0x98, 0x55, 0x08, 0x97, 0x54, 0x91, 0x57, 0x58, 0x1a, 0xfb, 0x37, 0x07, 0x66, 0x8f, 0x6a,
0x92, 0x6e, 0x1e, 0x92, 0x6e, 0x95, 0x73, 0x9a, 0x77, 0x9e, 0x70, 0xa7, 0x77, 0xae, 0x2e, 0x1d,
0xae, 0xb5, 0x85, 0xbc, 0x1b, 0xfb, 0x5c, 0x07, 0x54, 0x5d, 0x83, 0x7c, 0x66, 0x1f, 0x66, 0x7b,
0x70, 0x72, 0x78, 0x68, 0x81, 0x78, 0x84, 0x76, 0x86, 0x72, 0x08, 0x86, 0x72, 0x88, 0x6e, 0x6c,
0x1a, 0xfb, 0x37, 0x07, 0x57, 0x83, 0x55, 0x7c, 0x53, 0x1e, 0x7c, 0x53, 0x74, 0x59, 0x6d, 0x5f,
0x6d, 0x5d, 0x64, 0x66, 0x5b, 0x6f, 0x08, 0x6e, 0x5a, 0x52, 0x7d, 0x49, 0x1b, 0x0e, 0xf8, 0xf9,
0xf8, 0xa3, 0x5f, 0x0a, 0xf8, 0xca, 0x5b, 0x0a, 0x0e, 0xf9, 0x6f, 0xf9, 0xc0, 0x15, 0xf8, 0x02,
0xfb, 0x92, 0xfc, 0x02, 0xfc, 0x30, 0xfb, 0x9d, 0xf8, 0x30, 0xfc, 0x03, 0xf7, 0x92, 0xf8, 0x03,
0xf8, 0x1e, 0xf7, 0x9d, 0x06, 0x0e, 0xfa, 0x85, 0xf8, 0xed, 0x4a, 0x1d, 0xf9, 0x70, 0xfa, 0x39,
0x15, 0xf7, 0xdf, 0xfb, 0x7c, 0xfb, 0xdf, 0xfc, 0x06, 0xfb, 0x89, 0xf8, 0x06, 0xfb, 0xe8, 0xf7,
0x7c, 0xf7, 0xe8, 0xf7, 0xf3, 0xf7, 0x89, 0x06, 0xf7, 0xbf, 0x1c, 0xfa, 0xfc, 0x4a, 0x1d, 0xf7,
0x31, 0xf8, 0x07, 0x15, 0xf7, 0xc9, 0xf7, 0xcf, 0xfb, 0xc9, 0xf7, 0xcf, 0xf7, 0x39, 0xf7, 0x38,
0xf7, 0xc7, 0xfb, 0xcd, 0xf7, 0xc7, 0xf7, 0xcd, 0xf7, 0x39, 0xfb, 0x38, 0xfb, 0xc9, 0xfb, 0xcf,
0xf7, 0xc9, 0xfb, 0xcf, 0xfb, 0x39, 0xfb, 0x38, 0xfb, 0xc7, 0xf7, 0xcd, 0xfb, 0xc7, 0xfb, 0xcd,
0x05, 0x0e, 0x1c, 0x04, 0x6c, 0xf8, 0xd1, 0x15, 0xfe, 0x94, 0xf7, 0x77, 0xfa, 0x94, 0x06, 0xfd,
0x2f, 0xf7, 0xb5, 0x15, 0xb4, 0x99, 0xac, 0xa6, 0xa6, 0x1e, 0xa6, 0xa6, 0xb0, 0x98, 0x86, 0x1d,
0x6a, 0x5e, 0x0a, 0x89, 0xfd, 0xbf, 0x15, 0xb3, 0x99, 0xad, 0xa6, 0xa6, 0x1e, 0xa6, 0xa6, 0xb0,
0x99, 0x86, 0x1d, 0x69, 0x5e, 0x0a, 0x0e, 0xfa, 0xe4, 0xf9, 0x61, 0x15, 0xfe, 0x46, 0xf7, 0x78,
0xfa, 0x46, 0x06, 0xfd, 0x27, 0x04, 0xfe, 0x46, 0xf7, 0x77, 0xfa, 0x46, 0x06, 0x0e, 0xfa, 0xde,
0xf7, 0xb2, 0x15, 0xfc, 0xc6, 0x06, 0x38, 0xfb, 0x31, 0xfb, 0x0f, 0xca, 0xbd, 0xe9, 0x05, 0xfb,
0x78, 0xf7, 0x77, 0xf7, 0xf1, 0x06, 0xf7, 0x01, 0xf7, 0x60, 0x05, 0xfc, 0x5e, 0xf7, 0x78, 0xf8,
0xd8, 0x06, 0xe1, 0xf7, 0x34, 0xf7, 0x0e, 0x4c, 0x57, 0x2a, 0x05, 0xf7, 0x66, 0xfb, 0x78, 0xfb,
0xe0, 0x06, 0xfb, 0x01, 0xfb, 0x60, 0x05, 0xf8, 0x4d, 0x06, 0x0e, 0xfa, 0xa5, 0xf7, 0x24, 0x15,
0xfe, 0x09, 0xf8, 0x03, 0x05, 0xf7, 0x75, 0x07, 0xfa, 0x09, 0xf8, 0x03, 0x05, 0xfb, 0xa2, 0x07,
0xfc, 0xb8, 0xfb, 0x4e, 0x47, 0x72, 0xcf, 0x73, 0xf8, 0xb8, 0xfb, 0x4b, 0x05, 0x0e, 0xf7, 0x35,
0xf7, 0x23, 0x15, 0xf7, 0xa2, 0x07, 0xf8, 0xd1, 0xf7, 0x54, 0xc8, 0x9f, 0x4f, 0x9f, 0xfc, 0xd2,
0xf7, 0x51, 0x05, 0xf7, 0xa1, 0x07, 0xfa, 0x18, 0xfc, 0x02, 0x05, 0xfb, 0x77, 0x07, 0x0e, 0xfa,
0xb3, 0xf8, 0x1c, 0x15, 0xfe, 0x09, 0xf7, 0xde, 0x05, 0xf7, 0x5e, 0x07, 0xfa, 0x09, 0xf7, 0xdf,
0x05, 0xfb, 0x87, 0x07, 0xfc, 0xb8, 0xfb, 0x3c, 0x47, 0x75, 0xcf, 0x75, 0xf8, 0xb8, 0xfb, 0x38,
0x05, 0x7d, 0xfc, 0xed, 0x4a, 0x1d, 0xf7, 0x3f, 0xf8, 0x23, 0x15, 0xf7, 0x87, 0x07, 0xf8, 0xd1,
0xf7, 0x41, 0xc8, 0x9d, 0x4f, 0x9d, 0xfc, 0xd2, 0xf7, 0x3e, 0x05, 0xf7, 0x86, 0x07, 0xfa, 0x18,
0xfb, 0xde, 0x05, 0xfb, 0x60, 0x07, 0x67, 0xfd, 0x4b, 0x4a, 0x1d, 0xfa, 0x90, 0xf8, 0x0a, 0x15,
0xfb, 0x5c, 0xf7, 0x98, 0xfd, 0x0f, 0xf7, 0x3f, 0xf9, 0xd7, 0x06, 0x0e, 0xf8, 0x73, 0xfb, 0x11,
0x15, 0xfb, 0x97, 0x06, 0xf8, 0xb5, 0x1c, 0x06, 0x2d, 0x05, 0xf7, 0x97, 0x06, 0x0e, 0xf7, 0x84,
0x28, 0x0a, 0xf7, 0x98, 0x06, 0xf8, 0xb5, 0x1c, 0xf9, 0xd3, 0x05, 0xfb, 0x98, 0x06, 0x0e, 0xae,
0x1c, 0x04, 0xac, 0x15, 0xb2, 0x91, 0xaf, 0x97, 0xad, 0x1e, 0x96, 0xad, 0x9d, 0xa9, 0xa3, 0xa4,
0xa2, 0xa4, 0xa9, 0xa0, 0xaf, 0x30, 0x0a, 0xae, 0xb5, 0x92, 0xba, 0x1b, 0xbc, 0xb5, 0x84, 0x7c,
0xaf, 0x1f, 0xae, 0x7c, 0xa9, 0x76, 0xa2, 0x72, 0xa2, 0x72, 0x9d, 0x6d, 0x97, 0x3b, 0x0a, 0x64,
0x1a, 0x3e, 0x07, 0x65, 0x85, 0x67, 0x80, 0x6a, 0x1e, 0x7f, 0x69, 0x79, 0x6d, 0x74, 0x72, 0x74,
0x71, 0x6d, 0x77, 0x68, 0x7c, 0x08, 0x7c, 0x68, 0x61, 0x84, 0x5b, 0x1b, 0x5b, 0x61, 0x92, 0x9a,
0x68, 0x1f, 0x67, 0x9a, 0x6d, 0x9f, 0x74, 0xa5, 0x73, 0xa4, 0x79, 0xa9, 0x7f, 0xad, 0x08, 0x7f,
0xac, 0x85, 0xaf, 0xb1, 0x1a, 0xf7, 0x50, 0x16, 0x7c, 0x8d, 0x7c, 0x8e, 0x7d, 0x1e, 0x8e, 0x7c,
0x91, 0x7f, 0x93, 0x80, 0x92, 0x80, 0x95, 0x82, 0x98, 0x85, 0x08, 0x84, 0x98, 0x9a, 0x88, 0x9d,
0x1b, 0x9d, 0x9a, 0x8e, 0x92, 0x98, 0x1f, 0x97, 0x91, 0x95, 0x94, 0x92, 0x96, 0x92, 0x96, 0x91,
0x97, 0x8e, 0x9a, 0x08, 0x8e, 0x99, 0x8d, 0x9a, 0x9a, 0x1a, 0xd8, 0x07, 0x9a, 0x89, 0x9a, 0x88,
0x9a, 0x65, 0x0a, 0x78, 0x1b, 0x79, 0x7c, 0x88, 0x85, 0x7f, 0x1f, 0x7f, 0x84, 0x81, 0x83, 0x84,
0x80, 0x83, 0x80, 0x85, 0x7e, 0x88, 0x7d, 0x08, 0x88, 0x7c, 0x89, 0x7c, 0x7c, 0x1a, 0xf8, 0x24,
0xfd, 0xef, 0x15, 0xb1, 0x91, 0xaf, 0x97, 0xad, 0x1e, 0x97, 0xad, 0x9d, 0xa9, 0xa3, 0xa5, 0xa2,
0xa4, 0xa9, 0x9f, 0xaf, 0x30, 0x0a, 0xae, 0xb5, 0x92, 0xba, 0x1b, 0xbc, 0xb5, 0x84, 0x7c, 0xaf,
0x1f, 0xae, 0x7c, 0xa9, 0x77, 0xa2, 0x72, 0xa2, 0x71, 0x9d, 0x6d, 0x97, 0x3b, 0x0a, 0x65, 0x1a,
0x3d, 0x07, 0x65, 0x85, 0x67, 0x80, 0x69, 0x1e, 0x80, 0x69, 0x79, 0x6d, 0x74, 0x72, 0x73, 0x72,
0x6d, 0x77, 0x68, 0x7c, 0x08, 0x7c, 0x68, 0x61, 0x84, 0x5b, 0x1b, 0x5b, 0x61, 0x92, 0x9a, 0x67,
0x1f, 0x67, 0x9a, 0x6d, 0x9f, 0x74, 0xa4, 0x73, 0xa4, 0x79, 0xa9, 0x7f, 0xad, 0x08, 0x7f, 0xad,
0x85, 0xaf, 0xb1, 0x1a, 0xf7, 0x50, 0x16, 0x7c, 0x8d, 0x7c, 0x8f, 0x7d, 0x1e, 0x8f, 0x7c, 0x91,
0x7f, 0x94, 0x80, 0x93, 0x80, 0x95, 0x82, 0x98, 0x85, 0x08, 0x84, 0x97, 0x99, 0x88, 0x9c, 0x1b,
0xa0, 0x9b, 0x8e, 0x92, 0x98, 0x1f, 0x98, 0x91, 0x94, 0x94, 0x92, 0x96, 0x92, 0x96, 0x8f, 0x97,
0x8d, 0x99, 0x08, 0x8d, 0x99, 0x8c, 0x9a, 0x9b, 0x1a, 0xd9, 0x07, 0x9a, 0x89, 0x9a, 0x88, 0x99,
0x65, 0x0a, 0x79, 0x1b, 0x79, 0x7c, 0x88, 0x85, 0x7e, 0x1f, 0x7e, 0x84, 0x81, 0x83, 0x84, 0x80,
0x84, 0x80, 0x85, 0x7e, 0x88, 0x7d, 0x08, 0x88, 0x7d, 0x89, 0x7c, 0x7c, 0x1a, 0xfc, 0x20, 0xfb,
0x1f, 0x15, 0xfb, 0x1c, 0xcc, 0xf8, 0xc5, 0xfa, 0x98, 0xf7, 0x1c, 0x4a, 0x05, 0x0e, 0xf7, 0xd3,
0xf7, 0xbd, 0x15, 0xb1, 0x91, 0xaf, 0x97, 0xad, 0x1e, 0x96, 0xad, 0x9c, 0xa9, 0xa2, 0xa5, 0xa1,
0xa4, 0xa6, 0x9f, 0xac, 0x30, 0x0a, 0xac, 0xb0, 0x92, 0xb6, 0x1b, 0xa2, 0xa0, 0x89, 0x87, 0x9e,
0x1f, 0x9e, 0x87, 0x9d, 0x85, 0x9b, 0x83, 0x97, 0x86, 0x96, 0x84, 0x96, 0x84, 0x96, 0x83, 0x94,
0x83, 0x94, 0x82, 0x92, 0x92, 0x93, 0x92, 0x94, 0x92, 0x94, 0x92, 0x94, 0x90, 0x94, 0x90, 0x9d,
0x95, 0x9f, 0x93, 0xa0, 0x90, 0x08, 0x90, 0xa0, 0xa2, 0x8d, 0xa4, 0x1b, 0xb6, 0xb1, 0x84, 0x7c,
0xac, 0x1f, 0xac, 0x7c, 0xa6, 0x77, 0xa2, 0x72, 0xa1, 0x71, 0x9c, 0x6d, 0x96, 0x3b, 0x0a, 0x65,
0x1a, 0x65, 0x07, 0x65, 0x85, 0x67, 0x80, 0x69, 0x1e, 0x80, 0x69, 0x7a, 0x6d, 0x75, 0x72, 0x75,
0x72, 0x70, 0x77, 0x6a, 0x7c, 0x08, 0x7c, 0x6a, 0x66, 0x84, 0x60, 0x1b, 0x74, 0x75, 0x8d, 0x90,
0x76, 0x1f, 0x76, 0x8f, 0x79, 0x91, 0x7a, 0x94, 0x80, 0x90, 0x80, 0x92, 0x82, 0x92, 0x81, 0x92,
0x82, 0x92, 0x83, 0x93, 0x82, 0x87, 0x1d, 0x86, 0x7b, 0x83, 0x79, 0x85, 0x78, 0x87, 0x08, 0x87,
0x77, 0x76, 0x89, 0x75, 0x1b, 0x60, 0x65, 0x92, 0x9a, 0x6a, 0x1f, 0x6a, 0x9a, 0x6f, 0x9f, 0x75,
0xa4, 0x74, 0xa4, 0x7a, 0xa9, 0x80, 0xad, 0x08, 0x7f, 0xad, 0x85, 0xaf, 0xb1, 0x1a, 0xfb, 0x88,
0xfa, 0x3c, 0x15, 0xb2, 0x91, 0xaf, 0x96, 0xad, 0x1e, 0x96, 0xad, 0x9b, 0xa9, 0xa0, 0xa4, 0xa0,
0xa4, 0xa6, 0xa0, 0xaa, 0x9a, 0x08, 0x9a, 0xaa, 0xae, 0x92, 0xb4, 0x1b, 0xb6, 0xb1, 0x84, 0x7c,
0xac, 0x1f, 0xac, 0x7c, 0xa6, 0x76, 0xa2, 0x72, 0xa2, 0x72, 0x9c, 0x6d, 0x96, 0x3b, 0x0a, 0x64,
0x1a, 0x67, 0x07, 0x65, 0x85, 0x67, 0x80, 0x6a, 0x1e, 0x7f, 0x69, 0x7a, 0x6d, 0x75, 0x72, 0x74,
0x71, 0x70, 0x77, 0x6a, 0x7c, 0x08, 0x7c, 0x6a, 0x66, 0x84, 0x61, 0x1b, 0x62, 0x67, 0x92, 0x9a,
0x6c, 0x1f, 0x6c, 0x9a, 0x70, 0x9f, 0x76, 0xa5, 0x75, 0xa4, 0x7b, 0xa9, 0x80, 0xad, 0x08, 0x80,
0xac, 0x85, 0xaf, 0xb1, 0x1a, 0xf8, 0x43, 0xfe, 0x18, 0x59, 0x0a, 0x98, 0x7f, 0x1d, 0x8f, 0x52,
0x0a, 0xfb, 0x95, 0xf9, 0xf2, 0x15, 0x7c, 0x8c, 0x7c, 0x8e, 0x7d, 0x1e, 0x8e, 0x7c, 0x8f, 0x7f,
0x92, 0x80, 0x91, 0x80, 0x93, 0x82, 0x95, 0x85, 0x08, 0x84, 0x95, 0x97, 0x88, 0x9a, 0x1b, 0x99,
0x97, 0x8e, 0x92, 0x95, 0x1f, 0x94, 0x91, 0x93, 0x94, 0x91, 0x96, 0x91, 0x96, 0x8f, 0x97, 0x8e,
0x9a, 0x08, 0x8e, 0x99, 0x8c, 0x9a, 0x9a, 0x1a, 0xaf, 0x07, 0x9a, 0x8a, 0x9a, 0x88, 0x9a, 0x1e,
0x88, 0x99, 0x87, 0x98, 0x85, 0x96, 0x84, 0x96, 0x83, 0x93, 0x81, 0x29, 0x0a, 0x81, 0x7f, 0x8e,
0x7d, 0x1b, 0x7c, 0x7f, 0x88, 0x84, 0x77, 0x1d, 0x7c, 0x8a, 0x7c, 0x7c, 0x1a, 0xf8, 0xfb, 0xfe,
0x3c, 0x59, 0x0a, 0x99, 0x7f, 0x1d, 0x8e, 0x52, 0x0a, 0xfd, 0x2b, 0xf7, 0x46, 0x15, 0x2a, 0xe9,
0xf9, 0xc9, 0xf8, 0xea, 0xec, 0x2d, 0x05, 0x0e, 0xf9, 0x57, 0xfc, 0x2e, 0x15, 0xfb, 0x42, 0x1c,
0x07, 0x4a, 0xf7, 0x42, 0x06, 0x0e, 0xf8, 0x7c, 0xfb, 0xa2, 0x15, 0xf9, 0xaf, 0xf7, 0x91, 0xfd,
0xaf, 0x07, 0xfa, 0x5c, 0x04, 0xfb, 0x91, 0xf9, 0x8a, 0xf7, 0x91, 0x06, 0x0e, 0xfa, 0xdc, 0xf9,
0xe6, 0x15, 0xfb, 0xfa, 0xfd, 0xe6, 0xfb, 0xab, 0xf9, 0xe6, 0xfb, 0xf5, 0xf7, 0x7c, 0xf7, 0xf5,
0xf8, 0x0a, 0xf7, 0xab, 0xfc, 0x0a, 0xf7, 0xfa, 0x06, 0x0e, 0xfa, 0xf1, 0x16, 0xfb, 0xfa, 0xfc,
0x34, 0xfb, 0xab, 0xf8, 0x34, 0xfb, 0xf4, 0xf7, 0x73, 0xf7, 0xf4, 0xf9, 0x0d, 0xfb, 0xf4, 0xf7,
0x76, 0xf7, 0xf4, 0xf8, 0x0a, 0xf7, 0xab, 0xfc, 0x0a, 0xf7, 0xfa, 0xfb, 0x76, 0xfb, 0xfa, 0xfd,
0x0d, 0xf7, 0xfa, 0x06, 0x0e, 0xf9, 0xf2, 0xf8, 0x4e, 0x15, 0x66, 0x86, 0x6b, 0x81, 0x6f, 0x1e,
0x81, 0x6f, 0x7d, 0x73, 0x79, 0x78, 0x75, 0x74, 0x70, 0x7b, 0x6a, 0x2d, 0x0a, 0x6a, 0x66, 0x85,
0x61, 0x1b, 0x63, 0x67, 0x92, 0x99, 0x6b, 0x1f, 0x6a, 0x99, 0x70, 0x9f, 0x74, 0xa4, 0x74, 0xa4,
0x7a, 0xaa, 0x7f, 0xae, 0x08, 0x7f, 0xae, 0x85, 0xb3, 0xb6, 0x1a, 0xe5, 0x07, 0xb6, 0x91, 0xb2,
0x97, 0xaf, 0x1e, 0x97, 0xae, 0x9c, 0xaa, 0xa2, 0xa5, 0xa2, 0xa4, 0xa6, 0x9f, 0xac, 0x9a, 0x08,
0x99, 0xab, 0xaf, 0x92, 0xb3, 0x1b, 0xb5, 0xb0, 0x85, 0x80, 0xac, 0x1f, 0xac, 0x80, 0xa6, 0x7a,
0xa1, 0x74, 0x9e, 0x78, 0x99, 0x73, 0x95, 0x6f, 0x08, 0x95, 0x6e, 0x90, 0x6b, 0x66, 0x1a, 0xfb,
0x09, 0x06, 0xa2, 0x88, 0xa0, 0x86, 0x9c, 0x1e, 0x86, 0x9c, 0x83, 0x98, 0x80, 0x96, 0x80, 0x96,
0x7c, 0x94, 0x7a, 0x27, 0x1d, 0x7a, 0x77, 0x8e, 0x74, 0x1b, 0x73, 0x76, 0x86, 0x82, 0x79, 0x1f,
0x79, 0x82, 0x7c, 0x7e, 0x7f, 0x7a, 0x7e, 0x7a, 0x82, 0x78, 0x85, 0x74, 0x08, 0x85, 0x74, 0x88,
0x71, 0x70, 0x1a, 0x30, 0x07, 0x6f, 0x8e, 0x72, 0x91, 0x74, 0x1e, 0x91, 0x74, 0x94, 0x77, 0x98,
0x7b, 0x97, 0x7a, 0x9a, 0x7e, 0x9d, 0x2a, 0x0a, 0x9d, 0xa0, 0x86, 0xa3, 0x1b, 0xa4, 0xa0, 0x8e,
0x91, 0x9d, 0x1f, 0x9c, 0x90, 0x9a, 0x94, 0x96, 0x98, 0x94, 0x96, 0x91, 0x98, 0x90, 0x9c, 0x08,
0x90, 0x9b, 0x8d, 0x9e, 0xa1, 0x1a, 0xfc, 0xc9, 0xef, 0x15, 0x49, 0x97, 0x4d, 0x8a, 0x1d, 0x60,
0xba, 0x6a, 0xc1, 0x73, 0x08, 0x73, 0xc0, 0xc5, 0x7f, 0xc8, 0x1b, 0xc8, 0xc4, 0x97, 0xa3, 0xc0,
0x1f, 0xc0, 0xa3, 0xba, 0xac, 0xb3, 0xb6, 0xb3, 0xb5, 0xab, 0xbd, 0xa2, 0xc4, 0x08, 0xa2, 0xc4,
0x96, 0xc9, 0xcd, 0x1a, 0xcd, 0x80, 0xc8, 0x76, 0x1d, 0x56, 0x52, 0x97, 0x4e, 0x1b, 0x4e, 0x51,
0x63, 0x0a, 0x4e, 0x49, 0x1a, 0x30, 0x16, 0xda, 0x99, 0xd4, 0xa7, 0xd0, 0x1e, 0xa7, 0xcf, 0xb1,
0xc6, 0xbc, 0xbe, 0xbb, 0xbd, 0xc3, 0xb2, 0xcc, 0xa8, 0x08, 0xa8, 0xcc, 0xd0, 0x99, 0xd4, 0x1b,
0xd4, 0xd0, 0x7d, 0x6e, 0xcc, 0x1f, 0xcc, 0x6e, 0xc3, 0x64, 0xbb, 0x59, 0xbb, 0x58, 0xb1, 0x50,
0xa7, 0x47, 0x08, 0xa7, 0x46, 0x99, 0x42, 0x56, 0x0a, 0x5a, 0x81, 0x1d, 0x0e, 0xe3, 0xf8, 0xb1,
0x15, 0xda, 0x99, 0xd5, 0xa7, 0xd0, 0x1e, 0xa7, 0xcf, 0xb1, 0xc6, 0xbb, 0xbe, 0xbb, 0xbd, 0xc3,
0xb2, 0xcc, 0xa8, 0x08, 0xa8, 0xcc, 0xd0, 0x99, 0xd4, 0x1b, 0xd4, 0xd0, 0x7d, 0x6e, 0xcc, 0x1f,
0xcc, 0x6e, 0xc3, 0x64, 0xbb, 0x59, 0xbb, 0x58, 0xb1, 0x50, 0xa7, 0x47, 0x08, 0xa7, 0x46, 0x99,
0x41, 0x56, 0x0a, 0x5b, 0x81, 0x1d, 0xe6, 0x16, 0x49, 0x97, 0x4e, 0x8a, 0x1d, 0x61, 0xba, 0x6a,
0xc1, 0x73, 0x08, 0x73, 0xc0, 0xc4, 0x7f, 0xc8, 0x1b, 0xc8, 0xc4, 0x97, 0xa3, 0xc1, 0x1f, 0xc0,
0xa3, 0xba, 0xac, 0xb3, 0xb5, 0xb3, 0xb5, 0xab, 0xbd, 0xa2, 0xc4, 0x08, 0xa2, 0xc4, 0x96, 0xc8,
0xcd, 0x1a, 0xcd, 0x80, 0xc9, 0x76, 0x1d, 0x55, 0x52, 0x97, 0x4e, 0x1b, 0x4e, 0x52, 0x63, 0x0a,
0x4d, 0x49, 0x1a, 0xf7, 0xe1, 0x52, 0x15, 0xfb, 0x90, 0xfb, 0x05, 0xf9, 0x11, 0xf7, 0x67, 0x07,
0xd5, 0xc6, 0x7b, 0x6b, 0xb8, 0x1f, 0xb7, 0x6b, 0xa1, 0x5b, 0x4a, 0x1a, 0x66, 0x7f, 0x6b, 0x74,
0x71, 0x1e, 0x74, 0x71, 0x69, 0x76, 0x5f, 0x7c, 0xf7, 0x26, 0xfb, 0xb3, 0x18, 0xfb, 0x08, 0x06,
0xfb, 0x09, 0xf7, 0x90, 0x05, 0xfb, 0x0b, 0xf0, 0x15, 0xf7, 0x06, 0x06, 0x9a, 0x99, 0x8d, 0x8f,
0x99, 0x1f, 0x99, 0x8f, 0x97, 0x91, 0x96, 0x92, 0x96, 0x92, 0x93, 0x94, 0x92, 0x96, 0x08, 0x91,
0x96, 0x8e, 0x97, 0x99, 0x1a, 0xb0, 0x81, 0xa4, 0x78, 0x99, 0x1e, 0x99, 0x78, 0x69, 0x92, 0x5a,
0x1b, 0x29, 0x06, 0x0e, 0xfa, 0x88, 0x1c, 0x04, 0xf7, 0x15, 0xfb, 0x06, 0xfb, 0xf9, 0x05, 0x45,
0x06, 0xfb, 0x06, 0xf7, 0xfa, 0x05, 0xfb, 0xfa, 0xfb, 0x10, 0xf8, 0xb2, 0xf7, 0x2d, 0x07, 0xf7,
0x0c, 0xfc, 0x08, 0xf7, 0x14, 0xf8, 0x08, 0x05, 0xf7, 0x25, 0xfc, 0xb2, 0xfb, 0x10, 0x06, 0xfc,
0x81, 0xf8, 0x49, 0x15, 0xfb, 0x18, 0xfc, 0x46, 0xfb, 0x1c, 0xf8, 0x46, 0xfb, 0x1c, 0xf4, 0xf8,
0x28, 0x06, 0x0e, 0xf7, 0xf9, 0x1c, 0x04, 0xb2, 0x15, 0xb0, 0x92, 0xaf, 0x9a, 0xac, 0x1e, 0x99,
0xac, 0x9e, 0xa8, 0xa4, 0xa4, 0xa4, 0xa4, 0xa7, 0x9e, 0xac, 0x9a, 0x08, 0x9a, 0xac, 0xae, 0x92,
0xb0, 0x1b, 0xaf, 0xad, 0x84, 0x7c, 0xac, 0x1f, 0xab, 0x7c, 0xa7, 0x78, 0xa3, 0x72, 0xa3, 0x72,
0x9e, 0x6e, 0x99, 0x6a, 0x08, 0x99, 0x6a, 0x92, 0x67, 0x66, 0x1a, 0x65, 0x84, 0x68, 0x7d, 0x6a,
0x1e, 0x7d, 0x6a, 0x78, 0x6f, 0x73, 0x72, 0x73, 0x72, 0x6f, 0x78, 0x6b, 0x7d, 0x08, 0x7d, 0x6a,
0x69, 0x84, 0x67, 0x1b, 0x66, 0x68, 0x92, 0x99, 0x6a, 0x1f, 0x6a, 0x99, 0x6f, 0x9e, 0x72, 0xa4,
0x72, 0xa4, 0x78, 0xa7, 0x7d, 0xac, 0x08, 0x7c, 0xac, 0x84, 0xae, 0xb1, 0x1a, 0xf7, 0x25, 0x16,
0x79, 0x8e, 0x7b, 0x92, 0x7c, 0x1e, 0x92, 0x7c, 0x94, 0x7e, 0x97, 0x80, 0x96, 0x80, 0x99, 0x82,
0x9a, 0x85, 0x08, 0x84, 0x9a, 0x9b, 0x88, 0x9c, 0x1b, 0x9c, 0x9b, 0x8e, 0x91, 0x9a, 0x1f, 0x9a,
0x91, 0x97, 0x94, 0x96, 0x96, 0x96, 0x96, 0x93, 0x98, 0x92, 0x9a, 0x08, 0x91, 0x9a, 0x8e, 0x9c,
0x9d, 0x1a, 0x9d, 0x88, 0x9c, 0x85, 0x9b, 0x1e, 0x84, 0x9a, 0x83, 0x99, 0x80, 0x97, 0x80, 0x96,
0x7f, 0x94, 0x7c, 0x92, 0x08, 0x91, 0x7c, 0x7b, 0x8e, 0x7a, 0x1b, 0x7a, 0x7b, 0x88, 0x85, 0x7c,
0x1f, 0x7c, 0x84, 0x7d, 0x82, 0x80, 0x80, 0x7f, 0x7f, 0x82, 0x7d, 0x84, 0x7c, 0x08, 0x84, 0x7b,
0x88, 0x7a, 0x79, 0x1a, 0x0e, 0xf8, 0xb6, 0xfa, 0x0e, 0x15, 0xfc, 0x1c, 0xeb, 0xcd, 0xf7, 0x61,
0xf8, 0x0b, 0xfb, 0x3a, 0x67, 0xf8, 0x43, 0x05, 0xf7, 0x6f, 0x06, 0x64, 0xfc, 0x4a, 0xf8, 0x08,
0xf7, 0x37, 0xcd, 0xfb, 0x65, 0xfc, 0x22, 0x30, 0xf7, 0xa0, 0xfb, 0xd7, 0xfb, 0x46, 0xfb, 0x15,
0xfb, 0x67, 0xf8, 0x08, 0xfb, 0x67, 0xfb, 0xfd, 0xfb, 0x47, 0xf7, 0x0f, 0x05, 0x0e, 0xf9, 0x1d,
0xf8, 0x2e, 0x15, 0xfb, 0x5d, 0x06, 0x42, 0xfc, 0x2e, 0x05, 0xfb, 0x47, 0x06, 0xd4, 0xf8, 0x2e,
0x05, 0xfb, 0x78, 0xf7, 0x3d, 0xf7, 0x96, 0x06, 0xbf, 0xf7, 0xb6, 0x05, 0xfb, 0x7f, 0xf7, 0x3f,
0xf7, 0x9d, 0x06, 0xd6, 0xf8, 0x34, 0x05, 0xf7, 0x46, 0x06, 0x41, 0xfc, 0x34, 0x05, 0xf7, 0x5d,
0x06, 0xd5, 0xf8, 0x34, 0x05, 0xf7, 0x48, 0x06, 0x40, 0xfc, 0x34, 0x05, 0xf7, 0x6d, 0xfb, 0x3f,
0xfb, 0x8b, 0x06, 0x57, 0xfb, 0xb6, 0x05, 0xf7, 0x73, 0xfb, 0x3d, 0xfb, 0x91, 0x06, 0x42, 0xfc,
0x2e, 0x05, 0xfb, 0x47, 0x06, 0x29, 0xf8, 0xd7, 0x15, 0xf7, 0x5d, 0x06, 0xbe, 0xf7, 0xb6, 0x05,
0xfb, 0x5d, 0x06, 0x0e, 0xd6, 0xf8, 0x07, 0x15, 0xb7, 0x91, 0xb3, 0x98, 0xb0, 0x1e, 0x97, 0xb0,
0x9c, 0xad, 0xa2, 0xab, 0xa0, 0xa8, 0xa3, 0xa6, 0xa8, 0xa5, 0xa8, 0xa5, 0xab, 0xa5, 0xae, 0xa4,
0x9d, 0x98, 0x18, 0x7c, 0xa2, 0x7d, 0xa2, 0x7e, 0xa2, 0x7e, 0xa1, 0x7f, 0xa1, 0x81, 0xa0, 0x7c,
0xac, 0x7f, 0xab, 0x83, 0xac, 0x08, 0x83, 0xac, 0x87, 0xac, 0xae, 0x1a, 0xc4, 0x94, 0xbf, 0x9e,
0xba, 0x1e, 0x9d, 0xba, 0xa5, 0xb2, 0xad, 0xac, 0xad, 0xac, 0xb4, 0xa4, 0xbb, 0x9d, 0x08, 0x9c,
0xbb, 0xc1, 0x94, 0xc6, 0x1b, 0xbd, 0xb9, 0x82, 0x79, 0xb4, 0x1f, 0xb4, 0x79, 0xae, 0x73, 0xa8,
0x6c, 0xa8, 0x6c, 0xa1, 0x67, 0x9b, 0x62, 0x08, 0x9b, 0x62, 0x93, 0x60, 0x5e, 0x1a, 0x69, 0x86,
0x6b, 0x80, 0x6d, 0x1e, 0x80, 0x6d, 0x7d, 0x6f, 0x78, 0x71, 0x78, 0x70, 0x76, 0x72, 0x72, 0x74,
0x72, 0x74, 0x70, 0x75, 0x6e, 0x76, 0x3b, 0x4a, 0x18, 0xf7, 0x8b, 0xfb, 0xd1, 0xa0, 0xb1, 0x9c,
0xb5, 0x97, 0xb8, 0x19, 0x96, 0xb8, 0x91, 0xbc, 0xbf, 0x1a, 0xf7, 0x82, 0x06, 0x30, 0x7f, 0x36,
0x73, 0x3c, 0x1e, 0x72, 0x3c, 0x65, 0x44, 0x57, 0x4c, 0xf7, 0x50, 0xfb, 0x84, 0x18, 0xfb, 0xd2,
0x06, 0x4a, 0xde, 0x77, 0x7e, 0x77, 0x7f, 0x77, 0x80, 0x19, 0x76, 0x80, 0x77, 0x81, 0x76, 0x83,
0x6a, 0x7e, 0x69, 0x82, 0x67, 0x2a, 0x1d, 0x67, 0x64, 0x88, 0x61, 0x1b, 0x48, 0x4e, 0x95, 0x9e,
0x55, 0x1f, 0x55, 0x9e, 0x5d, 0xa6, 0x66, 0xae, 0x65, 0xae, 0x6e, 0xb4, 0x77, 0xbb, 0x08, 0x77,
0xbb, 0x81, 0xc0, 0xc4, 0x1a, 0xf8, 0x54, 0xfb, 0x3d, 0x15, 0xa0, 0x9f, 0x8d, 0x8e, 0x9f, 0x1f,
0x9f, 0x8e, 0x9f, 0x90, 0x9e, 0x91, 0x98, 0x90, 0x99, 0x90, 0x98, 0x91, 0x98, 0x90, 0x97, 0x92,
0x98, 0x92, 0xfb, 0x9b, 0xf7, 0xea, 0x18, 0x85, 0x86, 0x78, 0x7c, 0x7b, 0x79, 0x7d, 0x76, 0x19,
0x7d, 0x76, 0x81, 0x77, 0x84, 0x7a, 0x84, 0x7a, 0x86, 0x7a, 0x89, 0x7c, 0x08, 0x88, 0x7b, 0x8a,
0x7c, 0x7d, 0x1a, 0x70, 0x8f, 0x73, 0x93, 0x74, 0x1e, 0x93, 0x74, 0x96, 0x78, 0x9a, 0x7b, 0x9a,
0x7a, 0x9d, 0x7e, 0xa0, 0x2a, 0x0a, 0xa0, 0xa2, 0x86, 0xa4, 0x1b, 0x4e, 0xfa, 0x16, 0x15, 0x7a,
0x8d, 0x79, 0x90, 0x7a, 0x1e, 0x8f, 0x7a, 0x91, 0x79, 0x93, 0x79, 0x90, 0x7e, 0x92, 0x7d, 0x93,
0x7e, 0x92, 0x7d, 0x93, 0x7d, 0x94, 0x7d, 0xe8, 0xd0, 0x18, 0xa0, 0x98, 0x9a, 0x99, 0x96, 0x9a,
0x96, 0x99, 0x92, 0x99, 0x90, 0x98, 0x08, 0x8f, 0x98, 0x8d, 0x96, 0x96, 0x95, 0x8b, 0x93, 0x91,
0x1a, 0x9b, 0x89, 0x9b, 0x86, 0x9a, 0x1e, 0x86, 0x9a, 0x85, 0x99, 0x82, 0x97, 0x82, 0x97, 0x81,
0x95, 0x7f, 0x29, 0x0a, 0x7e, 0x7d, 0x8f, 0x7c, 0x1b, 0x74, 0x76, 0x87, 0x83, 0x7a, 0x1f, 0x7a,
0x83, 0x7c, 0x80, 0x80, 0x7d, 0x80, 0x7d, 0x82, 0x7b, 0x86, 0x79, 0x08, 0x85, 0x78, 0x88, 0x78,
0x76, 0x1a, 0x0e, 0x1c, 0x04, 0x92, 0xf9, 0xcb, 0x15, 0x89, 0x4c, 0x84, 0x4d, 0x7f, 0x4e, 0x7f,
0x4d, 0x79, 0x54, 0x74, 0x5a, 0x73, 0x5a, 0x6d, 0x63, 0x66, 0x6d, 0x08, 0x6c, 0x66, 0x5f, 0x7c,
0x58, 0x1b, 0x78, 0x78, 0x8e, 0x90, 0x7a, 0x1f, 0x7a, 0x90, 0x7b, 0x93, 0x7d, 0x96, 0x80, 0x93,
0x80, 0x95, 0x82, 0x96, 0x82, 0x96, 0x82, 0x98, 0x84, 0x99, 0x82, 0x7f, 0x82, 0x80, 0x81, 0x81,
0x81, 0x80, 0x81, 0x82, 0x80, 0x83, 0x7b, 0x80, 0x7a, 0x82, 0x79, 0x85, 0x08, 0x84, 0x79, 0x78,
0x88, 0x77, 0x1b, 0x63, 0x68, 0x94, 0x9d, 0x6d, 0x1f, 0x6d, 0x9d, 0x73, 0xa5, 0x78, 0xad, 0x78,
0xac, 0x7f, 0xb4, 0x84, 0xba, 0x84, 0xba, 0x8a, 0xc0, 0x90, 0xc5, 0x92, 0xcf, 0x99, 0xc8, 0x9e,
0xc2, 0x9e, 0xc2, 0xa3, 0xba, 0xa9, 0xb2, 0xa9, 0xb2, 0xae, 0xa9, 0xb4, 0xa0, 0x08, 0xa0, 0xb4,
0xb8, 0x95, 0xbe, 0x1b, 0xbe, 0xb6, 0x84, 0x7c, 0xac, 0x1f, 0xac, 0x7c, 0xa6, 0x79, 0xa0, 0x76,
0x60, 0xfc, 0xa3, 0x18, 0x8a, 0x78, 0x8b, 0x7c, 0x8e, 0x80, 0x8d, 0x80, 0x8f, 0x83, 0x90, 0x86,
0x90, 0x86, 0x90, 0x87, 0x92, 0x8a, 0x08, 0x8a, 0x92, 0x91, 0x8a, 0x92, 0x1b, 0x9c, 0x9b, 0x94,
0x9d, 0x9a, 0x1f, 0x99, 0x9d, 0x97, 0xa4, 0x96, 0xab, 0x96, 0xab, 0x93, 0xb1, 0x91, 0xb8, 0x08,
0x90, 0xb7, 0x8e, 0xbb, 0xc0, 0x1a, 0x8e, 0xdc, 0x85, 0xd2, 0x7d, 0xc7, 0x7c, 0xc6, 0x75, 0xbc,
0x6c, 0xb2, 0x6c, 0xb2, 0x65, 0xa7, 0x5d, 0x9e, 0x08, 0x9e, 0x5d, 0x56, 0x94, 0x4f, 0x1b, 0x47,
0x4e, 0x7c, 0x6d, 0x55, 0x1f, 0x54, 0x6c, 0x5d, 0x61, 0x65, 0x55, 0x64, 0x55, 0x6d, 0x4b, 0x75,
0x41, 0x75, 0x40, 0x7f, 0x3a, 0x88, 0x32, 0x88, 0x32, 0x91, 0x3d, 0x9b, 0x48, 0x9a, 0x48, 0xa4,
0x54, 0xac, 0x5f, 0xac, 0x5e, 0xb4, 0x6a, 0xbe, 0x75, 0x08, 0x75, 0xbd, 0xc5, 0x80, 0xcc, 0x1b,
0xa0, 0xa0, 0x8c, 0x8e, 0xa1, 0x1f, 0xa1, 0x8e, 0xa1, 0x8f, 0xa0, 0x90, 0xa0, 0x90, 0x9f, 0x90,
0x9e, 0x92, 0x9e, 0x92, 0x9c, 0x92, 0x9a, 0x93, 0xab, 0xfb, 0x1b, 0x18, 0x7a, 0x7e, 0x77, 0x80,
0x75, 0x82, 0x74, 0x82, 0x74, 0x83, 0x72, 0x85, 0x72, 0x84, 0x73, 0x87, 0x72, 0x88, 0x08, 0x88,
0x72, 0x74, 0x89, 0x74, 0x1b, 0x2a, 0x37, 0x9b, 0xab, 0x44, 0x1f, 0x44, 0xab, 0x51, 0xb9, 0x5d,
0xc6, 0x5d, 0xc6, 0x6a, 0xd4, 0x76, 0xe0, 0x76, 0xe0, 0x82, 0xea, 0x8e, 0xf5, 0x8e, 0xf4, 0x9d,
0xee, 0xab, 0xe8, 0xaa, 0xe8, 0xb7, 0xdc, 0xc2, 0xd0, 0xc2, 0xd0, 0xcc, 0xc1, 0xd6, 0xb3, 0x08,
0xb2, 0xd6, 0xde, 0x9f, 0xe6, 0x1b, 0xda, 0xd2, 0x7c, 0x6e, 0xca, 0x1f, 0xca, 0x6d, 0xc1, 0x61,
0xb7, 0x55, 0xb6, 0x54, 0xac, 0x4a, 0xa1, 0x3f, 0xa1, 0x3f, 0x95, 0x37, 0x88, 0x2e, 0x08, 0xfd,
0x30, 0xfb, 0x17, 0x15, 0x89, 0x66, 0x8c, 0x6a, 0x8e, 0x6e, 0x8e, 0x6e, 0x90, 0x74, 0x92, 0x78,
0x93, 0x76, 0x95, 0x7c, 0x98, 0x81, 0x08, 0x81, 0x98, 0x99, 0x86, 0x9c, 0x1b, 0x95, 0x95, 0x8d,
0x8e, 0x96, 0x1f, 0x95, 0x8e, 0x95, 0x90, 0x95, 0x92, 0x91, 0x90, 0x91, 0x90, 0x91, 0x92, 0x91,
0x92, 0x91, 0x93, 0x91, 0x94, 0x8c, 0x98, 0x18, 0xb1, 0xf8, 0x53, 0x88, 0x8c, 0x87, 0x8b, 0x86,
0x8c, 0x19, 0x8c, 0x86, 0x85, 0x8b, 0x83, 0x1b, 0x6e, 0x71, 0x85, 0x7e, 0x75, 0x1f, 0x74, 0x7e,
0x78, 0x78, 0x7b, 0x72, 0x7b, 0x72, 0x7e, 0x6d, 0x81, 0x67, 0x80, 0x66, 0x84, 0x61, 0x86, 0x5c,
0x08, 0x0e, 0x1c, 0x04, 0x91, 0xf8, 0x6f, 0x15, 0x60, 0x84, 0x64, 0x7e, 0x68, 0x1e, 0x7d, 0x68,
0x77, 0x6c, 0x71, 0x70, 0x80, 0x7f, 0x7e, 0x80, 0x7e, 0x81, 0x7d, 0x80, 0x7c, 0x82, 0x7b, 0x82,
0x9c, 0x7e, 0x9a, 0x7e, 0x99, 0x7d, 0x98, 0x7c, 0x97, 0x7c, 0x96, 0x7b, 0x9c, 0x70, 0x98, 0x6e,
0x94, 0x6a, 0x08, 0x94, 0x6a, 0x8f, 0x65, 0x62, 0x1a, 0x4f, 0x7f, 0x56, 0x73, 0x5d, 0x1e, 0x72,
0x5c, 0x69, 0x64, 0x5e, 0x6c, 0x5e, 0x6b, 0x56, 0x73, 0x4c, 0x7b, 0x08, 0x7a, 0x4c, 0x44, 0x83,
0x3d, 0x1b, 0x48, 0x49, 0x92, 0x99, 0x4a, 0x1f, 0x4a, 0x98, 0x51, 0xa2, 0x58, 0xac, 0x58, 0xab,
0x62, 0xb6, 0x6c, 0xc1, 0x08, 0x6c, 0xc0, 0x7b, 0xce, 0xdb, 0x1a, 0xf7, 0xaa, 0x8c, 0x05, 0x64,
0x93, 0x6b, 0x9a, 0x72, 0x1e, 0x9a, 0x72, 0xa0, 0x77, 0xa4, 0x7c, 0xa4, 0x7c, 0xa7, 0x81, 0xab,
0x86, 0x08, 0x85, 0xaa, 0xab, 0x88, 0xab, 0x1b, 0xba, 0xb3, 0x90, 0x96, 0xad, 0x1f, 0xac, 0x95,
0xa5, 0x99, 0x9e, 0x9d, 0x97, 0x97, 0x94, 0x99, 0x92, 0x9a, 0x08, 0x91, 0x9a, 0x8e, 0x9b, 0x9c,
0x1a, 0xa1, 0x86, 0x9f, 0x82, 0x9c, 0x1e, 0x82, 0x9c, 0x7b, 0x9c, 0x74, 0x9a, 0x7c, 0x94, 0x78,
0x95, 0x76, 0x94, 0x76, 0x94, 0x72, 0x95, 0x6e, 0x95, 0x68, 0x98, 0x61, 0x97, 0x5c, 0x98, 0x5b,
0x98, 0x60, 0x98, 0x64, 0x99, 0x62, 0x9a, 0x66, 0x9b, 0x69, 0x9c, 0x69, 0x9c, 0x6d, 0x9e, 0x71,
0xa0, 0x08, 0x62, 0xac, 0x6b, 0xb1, 0x76, 0xb7, 0x08, 0x75, 0xb7, 0x80, 0xbf, 0xc8, 0x1a, 0xb3,
0x91, 0xb0, 0x98, 0xac, 0x1e, 0x97, 0xac, 0x9c, 0xa9, 0xa2, 0xa6, 0x98, 0x99, 0x99, 0x98, 0x9a,
0x98, 0x9a, 0x97, 0x9c, 0x96, 0x9d, 0x95, 0x7c, 0x96, 0x7d, 0x98, 0x7e, 0x98, 0x7e, 0x98, 0x80,
0x98, 0x81, 0x99, 0x78, 0xa7, 0x7c, 0xaa, 0x81, 0xae, 0x08, 0x81, 0xad, 0x86, 0xb2, 0xb7, 0x1a,
0xc4, 0x97, 0xc0, 0xa4, 0xba, 0x1e, 0xa3, 0xba, 0xae, 0xb3, 0xb8, 0xac, 0xb8, 0xac, 0xc1, 0xa4,
0xcb, 0x9d, 0x08, 0x9d, 0xca, 0xd2, 0x94, 0xd9, 0x1b, 0xdb, 0xd3, 0x82, 0x78, 0xcb, 0x1f, 0xcb,
0x78, 0xc1, 0x70, 0xb8, 0x67, 0xb7, 0x8b, 0x1d, 0x46, 0x1a, 0xfb, 0xab, 0x06, 0xa8, 0x86, 0xa5,
0x81, 0xa4, 0x1e, 0x81, 0xa4, 0x7c, 0xa0, 0x77, 0x9e, 0x77, 0x9d, 0x72, 0x99, 0x6e, 0x27, 0x0a,
0x6d, 0x68, 0x90, 0x64, 0x1b, 0x62, 0x67, 0x87, 0x83, 0x6d, 0x1f, 0x6d, 0x82, 0x72, 0x80, 0x78,
0x7d, 0x78, 0x7d, 0x7d, 0x7b, 0x82, 0x78, 0x08, 0x82, 0x78, 0x86, 0x78, 0x76, 0x1a, 0x72, 0x8f,
0x75, 0x94, 0x79, 0x1e, 0x93, 0x79, 0x9a, 0x7b, 0xa1, 0x7c, 0x94, 0x84, 0x96, 0x85, 0x97, 0x86,
0x96, 0x85, 0x98, 0x85, 0x9a, 0x85, 0xa0, 0x83, 0xa4, 0x83, 0xa6, 0x83, 0xa6, 0x82, 0xab, 0x82,
0xae, 0x82, 0xa8, 0x83, 0xa8, 0x83, 0xa6, 0x83, 0xa6, 0x83, 0xa5, 0x82, 0xa3, 0x82, 0x08, 0xb2,
0x7d, 0xae, 0x7c, 0xab, 0x7b, 0xab, 0x7a, 0xa7, 0x79, 0xa4, 0x77, 0xb4, 0x6a, 0xaa, 0x65, 0xa0,
0x5f, 0x08, 0xa0, 0x5f, 0x95, 0x57, 0x4e, 0x1a, 0xfc, 0xd3, 0xf7, 0x50, 0x15, 0x71, 0x92, 0x72,
0x93, 0x73, 0x92, 0x73, 0x92, 0x74, 0x93, 0x75, 0x93, 0x7e, 0x85, 0x7f, 0x84, 0x82, 0x82, 0x81,
0x82, 0x82, 0x81, 0x84, 0x80, 0x83, 0x7e, 0x85, 0x7c, 0x87, 0x7b, 0x08, 0x87, 0x7b, 0x89, 0x7a,
0x79, 0x1a, 0x70, 0x8f, 0x75, 0x94, 0x78, 0x1e, 0x93, 0x78, 0x9a, 0x79, 0xa1, 0x7b, 0xa1, 0x7b,
0xa9, 0x7c, 0xb2, 0x7d, 0xb1, 0x7c, 0xbc, 0x7b, 0xc7, 0x79, 0xa5, 0x84, 0xa4, 0x84, 0xa3, 0x84,
0xa3, 0x84, 0xa2, 0x83, 0xa2, 0x83, 0x96, 0x91, 0x96, 0x92, 0x95, 0x93, 0x94, 0x93, 0x94, 0x94,
0x92, 0x94, 0x08, 0x95, 0x99, 0x93, 0x9a, 0x91, 0x9c, 0x08, 0x90, 0x9c, 0x8e, 0x9d, 0x9e, 0x1a,
0xa3, 0x86, 0xa0, 0x82, 0x9e, 0x1e, 0x81, 0x9e, 0x7a, 0x9c, 0x74, 0x9c, 0x7f, 0x94, 0x7d, 0x93,
0x7c, 0x93, 0x7b, 0x93, 0x79, 0x93, 0x78, 0x93, 0x78, 0x92, 0x75, 0x93, 0x73, 0x93, 0x73, 0x93,
0x71, 0x93, 0x6e, 0x94, 0x08, 0x0e, 0xf9, 0xab, 0x16, 0xf8, 0x9c, 0x38, 0x07, 0x3c, 0x44, 0x97,
0xa2, 0x4e, 0x1f, 0x4e, 0xa2, 0x57, 0xac, 0x62, 0xb5, 0x61, 0xb4, 0x6b, 0xbd, 0x76, 0xc4, 0x08,
0x76, 0xc4, 0x80, 0xca, 0xce, 0x1a, 0xce, 0x96, 0xc9, 0xa0, 0xc4, 0x1e, 0xa0, 0xc4, 0xab, 0xbd,
0xb5, 0xb5, 0xb4, 0xb4, 0xbf, 0xac, 0xc8, 0xa3, 0x08, 0xa2, 0xc8, 0xd2, 0x97, 0xda, 0x1b, 0xf7,
0xbf, 0x1c, 0xfa, 0x50, 0x06, 0x0e, 0xf7, 0x69, 0xf9, 0x43, 0x15, 0xf7, 0xd3, 0xf9, 0x95, 0x05,
0xf7, 0x5d, 0x06, 0xf7, 0xd2, 0xfd, 0x95, 0x05, 0xfb, 0x73, 0x06, 0xfb, 0x44, 0xf8, 0x5a, 0x76,
0xdf, 0x76, 0x37, 0xfb, 0x41, 0xfc, 0x5a, 0x05, 0x0e, 0x1c, 0x04, 0x78, 0xf9, 0x84, 0x15, 0x55,
0x84, 0x59, 0x7c, 0x5d, 0x1e, 0x7c, 0x5d, 0x76, 0x64, 0x70, 0x6a, 0x70, 0x6a, 0x6a, 0x71, 0x65,
0x78, 0x08, 0x78, 0x65, 0x61, 0x82, 0x5e, 0x1b, 0x6e, 0x6f, 0x8e, 0x90, 0x72, 0x1f, 0x71, 0x90,
0x72, 0x94, 0x72, 0x96, 0x72, 0x96, 0x73, 0x98, 0x73, 0x9c, 0x73, 0x9c, 0x72, 0x9f, 0x72, 0xa2,
0x7c, 0x98, 0x7c, 0x96, 0x7c, 0x96, 0x7c, 0x95, 0x7c, 0x93, 0x7c, 0x92, 0x7b, 0x93, 0x7b, 0x91,
0x7c, 0x8f, 0x08, 0x8f, 0x7b, 0x7b, 0x8d, 0x7a, 0x1b, 0x79, 0x7a, 0x87, 0x82, 0x7a, 0x1f, 0x7a,
0x82, 0x7d, 0x7f, 0x7e, 0x7c, 0x7e, 0x7c, 0x80, 0x79, 0x84, 0x78, 0x08, 0x83, 0x78, 0x87, 0x77,
0x76, 0x1a, 0xfb, 0x48, 0xa1, 0x05, 0xc1, 0x92, 0xbd, 0x9a, 0xb8, 0x1e, 0x9a, 0xb8, 0xa0, 0xb1,
0xa6, 0xac, 0xa6, 0xab, 0xab, 0xa4, 0xb1, 0x9d, 0x08, 0x9d, 0xb0, 0xb5, 0x94, 0xb8, 0x1b, 0xa9,
0xa8, 0x88, 0x85, 0xa6, 0x1f, 0xa6, 0x85, 0xa5, 0x82, 0xa4, 0x7f, 0xa4, 0x80, 0xa3, 0x7e, 0xa3,
0x7b, 0xa2, 0x7a, 0xa3, 0x78, 0xa3, 0x76, 0x9c, 0x7d, 0x9b, 0x7f, 0x9b, 0x80, 0x9a, 0x80, 0x9b,
0x82, 0x9a, 0x84, 0x9a, 0x84, 0x99, 0x86, 0x9a, 0x88, 0x08, 0x88, 0x9a, 0x99, 0x89, 0x9a, 0x1b,
0x9d, 0x9c, 0x90, 0x94, 0x9b, 0x1f, 0x9b, 0x94, 0x99, 0x98, 0x97, 0x9a, 0x97, 0x9a, 0x95, 0x9d,
0x92, 0x9f, 0x08, 0x92, 0x9e, 0x8f, 0x9f, 0xa0, 0x1a, 0x0e, 0x22, 0x1d, 0xd2, 0xf9, 0x7c, 0x20,
0x0a, 0x22, 0x1d, 0xf8, 0x0c, 0xf8, 0xb3, 0x21, 0x1d, 0x22, 0x1d, 0xfc, 0x10, 0xf9, 0x0f, 0x20,
0x1d, 0x22, 0x1d, 0xf7, 0x06, 0xf8, 0x68, 0x15, 0xfb, 0x6f, 0x06, 0xfb, 0x9c, 0xf7, 0xab, 0x05,
0x2c, 0x1d, 0x0e, 0x22, 0x1d, 0xfb, 0x67, 0xf9, 0x21, 0x38, 0x1d, 0x22, 0x1d, 0xf8, 0x01, 0xf9,
0xa2, 0x25, 0x1d, 0x33, 0x1d, 0xfb, 0x1a, 0xfc, 0x52, 0x35, 0x1d, 0x26, 0x1d, 0xfb, 0xcf, 0xfa,
0x4e, 0x20, 0x0a, 0x26, 0x1d, 0x81, 0xf9, 0x85, 0x21, 0x1d, 0x26, 0x1d, 0xfd, 0x92, 0xf9, 0xe1,
0x20, 0x1d, 0x26, 0x1d, 0xfb, 0xa4, 0xf9, 0x3a, 0x24, 0x1d, 0x5e, 0x1d, 0x26, 0x0a, 0xf8, 0x71,
0xf8, 0xe6, 0x20, 0x0a, 0x26, 0x0a, 0xf9, 0xa2, 0xf8, 0x1d, 0x21, 0x1d, 0x26, 0x0a, 0xa5, 0xf8,
0x79, 0x20, 0x1d, 0x26, 0x0a, 0xf8, 0x9c, 0xf7, 0xd2, 0x24, 0x1d, 0x35, 0x0a, 0xfb, 0x06, 0xf8,
0x29, 0x25, 0x1d, 0x23, 0x0a, 0xfb, 0x45, 0x1c, 0x04, 0xc7, 0x20, 0x0a, 0x23, 0x0a, 0xf7, 0x14,
0xfa, 0x92, 0x21, 0x1d, 0x23, 0x0a, 0xfd, 0x08, 0xfa, 0xee, 0x20, 0x1d, 0x23, 0x0a, 0xfb, 0x1a,
0xfa, 0x47, 0x24, 0x1d, 0x46, 0x0a, 0x0e, 0x23, 0x0a, 0xf7, 0x09, 0x1c, 0x04, 0xed, 0x25, 0x1d,
0x2c, 0x0a, 0xfb, 0x15, 0xf8, 0x00, 0x15, 0x2c, 0x1d, 0xfb, 0xa9, 0xfb, 0xab, 0x05, 0xfb, 0x6c,
0x06, 0x0e, 0x2c, 0x0a, 0xf7, 0x44, 0xf7, 0x37, 0x21, 0x1d, 0x2c, 0x0a, 0xfc, 0xd8, 0xf7, 0x93,
0x15, 0xae, 0x98, 0xa8, 0xa4, 0xa4, 0x1e, 0xa3, 0xa4, 0xac, 0x97, 0xb3, 0x1b, 0xb3, 0xac, 0x7f,
0x73, 0xa4, 0x1f, 0xa4, 0x72, 0x98, 0x6e, 0x68, 0x1a, 0x68, 0x7e, 0x6d, 0x72, 0x74, 0x1e, 0x73,
0x71, 0x6a, 0x7f, 0x64, 0x1b, 0x64, 0x6a, 0x97, 0xa3, 0x71, 0x1f, 0x72, 0xa2, 0x7e, 0xa9, 0xae,
0x1a, 0xf8, 0x74, 0x16, 0xad, 0x43, 0x1d, 0xab, 0x97, 0xb4, 0x1b, 0xb4, 0xab, 0x41, 0x1d, 0x69,
0x1a, 0x67, 0x7e, 0x6d, 0x72, 0x73, 0x1e, 0x73, 0x72, 0x6a, 0x7f, 0x63, 0x1b, 0x63, 0x6a, 0x97,
0xa3, 0x72, 0x1f, 0x72, 0xa3, 0x7e, 0xa9, 0xaf, 0x1a, 0x0e, 0x2c, 0x0a, 0x35, 0xe3, 0x24, 0x1d,
0x30, 0x1d, 0xf7, 0xf8, 0xf8, 0x03, 0x20, 0x0a, 0x30, 0x1d, 0x2c, 0xf7, 0x96, 0x20, 0x1d, 0x23,
0x1d, 0xf7, 0x06, 0x1c, 0x05, 0x1a, 0x20, 0x0a, 0x23, 0x1d, 0xf8, 0x37, 0xfa, 0xe5, 0x21, 0x1d,
0x23, 0x1d, 0xfb, 0xe5, 0x1c, 0x04, 0xad, 0x20, 0x1d, 0x23, 0x1d, 0xf7, 0x31, 0xfa, 0x9a, 0x24,
0x1d, 0x23, 0x1d, 0xfb, 0x3b, 0x1c, 0x04, 0xbf, 0x38, 0x1d, 0x23, 0x1d, 0xf8, 0x2c, 0x1c, 0x05,
0x40, 0x25, 0x1d, 0x34, 0x1d, 0xf6, 0xfb, 0x54, 0x35, 0x1d, 0x22, 0x0a, 0xb1, 0xf9, 0x05, 0x15,
0x2c, 0x1d, 0xfb, 0xa9, 0xfb, 0xab, 0x05, 0xfb, 0x6c, 0x06, 0x0e, 0x22, 0x0a, 0xf7, 0xeb, 0xf8,
0x3c, 0x21, 0x1d, 0x22, 0x0a, 0xfc, 0x31, 0xf8, 0x98, 0x20, 0x1d, 0x22, 0x0a, 0xdc, 0xf7, 0xf1,
0x24, 0x1d, 0x31, 0x1d, 0xf8, 0xae, 0xf9, 0x01, 0x20, 0x0a, 0x31, 0x1d, 0xf9, 0xdf, 0xf8, 0x37,
0x15, 0x6f, 0xfb, 0x71, 0x07, 0xfb, 0x2e, 0xf7, 0x13, 0xfb, 0x2d, 0xfb, 0x13, 0x05, 0xfb, 0x6d,
0xa9, 0x06, 0xf7, 0xb6, 0xf7, 0x85, 0x05, 0xf7, 0x35, 0x06, 0x0e, 0x31, 0x1d, 0xe1, 0xf8, 0x93,
0x20, 0x1d, 0x31, 0x1d, 0xf8, 0xd9, 0xf7, 0xec, 0x24, 0x1d, 0x33, 0x0a, 0xf8, 0xbb, 0x1c, 0x06,
0x03, 0x25, 0x1d, 0x24, 0x0a, 0xf7, 0xc9, 0xfa, 0x4a, 0x20, 0x0a, 0x24, 0x0a, 0xf8, 0xfa, 0xf9,
0x81, 0x21, 0x1d, 0x24, 0x0a, 0xfb, 0x22, 0xf9, 0xdd, 0x20, 0x1d, 0x24, 0x0a, 0xf7, 0xf4, 0xf9,
0x36, 0x24, 0x1d, 0x5b, 0x1d, 0x0e, 0x24, 0x0a, 0xf8, 0xef, 0xfa, 0x70, 0x25, 0x1d, 0x2f, 0x1d,
0xfc, 0x2b, 0x1c, 0x05, 0xc8, 0x20, 0x0a, 0x2f, 0x1d, 0x25, 0x1c, 0x04, 0xff, 0x21, 0x1d, 0x2f,
0x1d, 0xfd, 0xee, 0x1c, 0x05, 0x5b, 0x20, 0x1d, 0x2f, 0x1d, 0xfc, 0x00, 0x1c, 0x04, 0xb4, 0x24,
0x1d, 0x2b, 0x0a, 0xf8, 0x28, 0x1c, 0x07, 0x7d, 0x20, 0x0a, 0x2b, 0x0a, 0x5c, 0x1c, 0x07, 0x10,
0x20, 0x1d, 0xfa, 0x12, 0x1c, 0x04, 0xaf, 0x24, 0x1d, 0xf8, 0xcd, 0x1c, 0x05, 0xc6, 0x20, 0x0a,
0xf9, 0xfe, 0x1c, 0x04, 0xf9, 0x21, 0x1d, 0xf9, 0xec, 0x1c, 0x05, 0xe7, 0x25, 0x1d, 0xfa, 0x7f,
0x1c, 0x05, 0x0c, 0x25, 0x0a, 0xf7, 0x9d, 0x1c, 0x05, 0x55, 0x20, 0x1d, 0xf9, 0x38, 0x90, 0x15,
0x80, 0x53, 0x9e, 0x88, 0x9d, 0x85, 0x9d, 0x84, 0x19, 0x9d, 0x83, 0x9b, 0x80, 0x99, 0x7e, 0x99,
0x7d, 0x96, 0x7a, 0x94, 0x77, 0x08, 0x94, 0x76, 0x8f, 0x73, 0x6e, 0x1a, 0x68, 0x84, 0x6b, 0x7c,
0x6e, 0x1e, 0x7c, 0x6e, 0x76, 0x73, 0x6e, 0x77, 0x6e, 0x76, 0x67, 0x7b, 0x60, 0x2d, 0x0a, 0x60,
0x5a, 0x85, 0x52, 0x1b, 0x84, 0xf7, 0x34, 0x05, 0x9c, 0x9a, 0x8d, 0x8e, 0x9a, 0x1f, 0x99, 0x8e,
0x97, 0x8f, 0x96, 0x91, 0x96, 0x92, 0x93, 0x93, 0x92, 0x96, 0x08, 0x91, 0x96, 0x8e, 0x98, 0x9a,
0x1a, 0x98, 0x88, 0x97, 0x86, 0x94, 0x1e, 0x86, 0x94, 0x82, 0x93, 0x80, 0x91, 0x80, 0x92, 0x7c,
0x90, 0x78, 0x8e, 0x78, 0x8e, 0x75, 0x8d, 0x71, 0x8d, 0xaa, 0xf7, 0x21, 0x18, 0x0e, 0xf8, 0x2c,
0xf8, 0x80, 0x62, 0x0a, 0xf7, 0x1d, 0xfc, 0x24, 0x5f, 0x0a, 0x62, 0x1d, 0xf8, 0x2c, 0x5b, 0x0a,
0xf8, 0xc2, 0x16, 0xf7, 0xaf, 0xfc, 0x1a, 0x05, 0x78, 0x07, 0xfb, 0xaf, 0xfc, 0x1a, 0x05, 0xfb,
0x49, 0x06, 0xf7, 0x85, 0xf8, 0x23, 0xfb, 0x85, 0xf8, 0x24, 0x05, 0x0e, 0x31, 0x1d, 0x0e, 0xfa,
0x28, 0xf8, 0x9c, 0x15, 0xfb, 0xeb, 0x88, 0x06, 0x59, 0x94, 0x5c, 0x9c, 0x60, 0x1e, 0x9c, 0x5f,
0xa0, 0x69, 0xa6, 0x73, 0xa6, 0x72, 0xab, 0x7a, 0xb0, 0x80, 0x08, 0x80, 0xb0, 0xb5, 0x85, 0xb9,
0x1b, 0xae, 0xae, 0x8e, 0x90, 0xac, 0x1f, 0xac, 0x90, 0xaa, 0x93, 0xa9, 0x96, 0xab, 0xfb, 0x77,
0x18, 0x64, 0x82, 0x62, 0x83, 0x60, 0x2b, 0x1d, 0x60, 0x60, 0x88, 0x5f, 0x1b, 0x3a, 0x40, 0x96,
0xa2, 0x47, 0x1f, 0x46, 0xa2, 0x50, 0xad, 0x59, 0xb8, 0x5a, 0xb6, 0x63, 0xc5, 0x6c, 0xd3, 0x08,
0x6c, 0xd2, 0x7b, 0xd7, 0xdb, 0x1a, 0x8f, 0xfb, 0x3f, 0xf7, 0x28, 0xf7, 0x3f, 0xf7, 0x12, 0xfb,
0x3f, 0xf7, 0x27, 0xf7, 0x41, 0x90, 0x07, 0xd5, 0x9c, 0xd4, 0xad, 0xd4, 0x1e, 0xac, 0xd4, 0xb5,
0xc5, 0xbd, 0xb7, 0xbe, 0xb8, 0xc7, 0xac, 0xd0, 0xa2, 0x08, 0xa2, 0xd0, 0xd7, 0x96, 0xdd, 0x1b,
0xb4, 0xb3, 0x88, 0x86, 0xb2, 0x1f, 0xb2, 0x85, 0xb2, 0x83, 0xb2, 0x82, 0x6b, 0xfb, 0x78, 0x18,
0x6e, 0x94, 0x6c, 0x93, 0x6a, 0x91, 0x08, 0x91, 0x6a, 0x69, 0x8e, 0x6a, 0x1b, 0x5a, 0x5e, 0x84,
0x7d, 0x62, 0x1f, 0x62, 0x7c, 0x6b, 0x76, 0x73, 0x70, 0x6c, 0x68, 0x76, 0x64, 0x7f, 0x5e, 0x08,
0x7f, 0x5e, 0x85, 0x69, 0x72, 0x1a, 0x8a, 0xf7, 0xe9, 0xfb, 0x27, 0xfb, 0xeb, 0xfb, 0x12, 0xf7,
0xeb, 0x07, 0x0e, 0x1c, 0x04, 0xca, 0xf8, 0xe6, 0x15, 0x6f, 0x89, 0x70, 0x87, 0x72, 0x1e, 0x87,
0x71, 0x85, 0x73, 0x84, 0x75, 0x7f, 0x6b, 0x7c, 0x6d, 0x79, 0x71, 0x78, 0x71, 0x75, 0x76, 0x70,
0x7b, 0x74, 0x7c, 0x72, 0x80, 0x6f, 0x84, 0x08, 0x83, 0x6e, 0x6c, 0x87, 0x69, 0x1b, 0x6b, 0x6d,
0x90, 0x96, 0x70, 0x1f, 0x70, 0x96, 0x71, 0x99, 0x74, 0x9d, 0x73, 0x9d, 0x76, 0xa0, 0x78, 0xa3,
0x78, 0xa3, 0x7a, 0xa4, 0x7c, 0xa5, 0x7c, 0x71, 0x7a, 0x72, 0x78, 0x73, 0x78, 0x73, 0x75, 0x76,
0x74, 0x79, 0x74, 0x79, 0x71, 0x7d, 0x70, 0x2d, 0x0a, 0x70, 0x6d, 0x86, 0x6c, 0x1b, 0x69, 0x6c,
0x8f, 0x93, 0x6f, 0x1f, 0x6f, 0x92, 0x72, 0x96, 0x75, 0x99, 0x72, 0x9c, 0x75, 0x9f, 0x78, 0xa2,
0x78, 0xa2, 0x7d, 0xa6, 0x80, 0xa9, 0x82, 0xa2, 0x84, 0xa5, 0x87, 0xa7, 0x08, 0x86, 0xa6, 0x89,
0xa8, 0xaa, 0x1a, 0xaf, 0x07, 0xab, 0x8d, 0xa9, 0x90, 0xa8, 0x1e, 0x90, 0xa8, 0x92, 0xa5, 0x95,
0xa4, 0x96, 0xa9, 0x9b, 0xa6, 0x9e, 0xa3, 0x9e, 0xa2, 0xa2, 0x9f, 0xa5, 0x9a, 0xa0, 0x98, 0xa4,
0x95, 0xa6, 0x92, 0x08, 0x92, 0xa6, 0xa8, 0x8e, 0xab, 0x1b, 0xaa, 0xa9, 0x86, 0x81, 0xa7, 0x1f,
0xa6, 0x80, 0xa5, 0x7d, 0xa2, 0x7a, 0xa2, 0x7a, 0xa1, 0x77, 0x9e, 0x74, 0x9e, 0x74, 0x9c, 0x73,
0x9a, 0x72, 0x93, 0x99, 0x94, 0x99, 0x95, 0x99, 0x94, 0x98, 0x96, 0x98, 0x96, 0x97, 0x99, 0x9c,
0x9b, 0x9a, 0x9e, 0x9a, 0x9e, 0x9a, 0x9f, 0x97, 0xa0, 0x94, 0x08, 0x9c, 0x93, 0x9d, 0x91, 0x9e,
0x27, 0x1d, 0x9e, 0x9f, 0x8d, 0xa0, 0x1b, 0xac, 0xa9, 0x87, 0x84, 0xa7, 0x1f, 0xa6, 0x84, 0xa4,
0x80, 0xa1, 0x7e, 0xa6, 0x7a, 0xa2, 0x76, 0x9e, 0x72, 0x9e, 0x72, 0x9a, 0x6e, 0x96, 0x6c, 0x94,
0x74, 0x91, 0x72, 0x90, 0x70, 0x08, 0x8f, 0x70, 0x8d, 0x6e, 0x6e, 0x1a, 0xfb, 0x60, 0x16, 0x95,
0x8b, 0x95, 0x8a, 0x95, 0x1e, 0x8a, 0x94, 0x8a, 0x94, 0x8a, 0x94, 0x89, 0x96, 0x88, 0x95, 0x88,
0x94, 0x88, 0x94, 0x87, 0x93, 0x86, 0x93, 0x82, 0x98, 0x80, 0x96, 0x7c, 0x29, 0x0a, 0x7c, 0x79,
0x8f, 0x75, 0x1b, 0x7d, 0x7e, 0x88, 0x86, 0x7e, 0x1f, 0x7e, 0x86, 0x80, 0x84, 0x80, 0x83, 0x7a,
0x7e, 0x7d, 0x7d, 0x7f, 0x7b, 0x7f, 0x7a, 0x81, 0x7c, 0x84, 0x7d, 0x86, 0x82, 0x87, 0x83, 0x88,
0x84, 0x88, 0x84, 0x8a, 0x85, 0x8a, 0x88, 0x08, 0x7b, 0x07, 0x8c, 0x87, 0x8d, 0x85, 0x8e, 0x82,
0x8e, 0x82, 0x90, 0x82, 0x90, 0x80, 0x94, 0x7b, 0x96, 0x7a, 0x98, 0x78, 0x98, 0x78, 0x9a, 0x7c,
0x9c, 0x7f, 0x95, 0x84, 0x96, 0x85, 0x96, 0x87, 0x08, 0x86, 0x96, 0x96, 0x89, 0x97, 0x1b, 0x98,
0x96, 0x8c, 0x8e, 0x96, 0x1f, 0x95, 0x8d, 0x94, 0x8e, 0x93, 0x8f, 0x96, 0x92, 0x94, 0x94, 0x92,
0x96, 0x92, 0x95, 0x90, 0x97, 0x90, 0x98, 0x8e, 0x96, 0x8e, 0x97, 0x8c, 0x98, 0x08, 0x8c, 0x98,
0x8c, 0x99, 0x9a, 0x1a, 0xfd, 0x90, 0x16, 0x7a, 0x8c, 0x7c, 0x8d, 0x7c, 0x1e, 0x8c, 0x7c, 0x8e,
0x7e, 0x8f, 0x80, 0x90, 0x7e, 0x92, 0x7f, 0x93, 0x81, 0x93, 0x81, 0x95, 0x83, 0x98, 0x86, 0x92,
0x88, 0x94, 0x89, 0x94, 0x8a, 0x08, 0x89, 0x94, 0x94, 0x8a, 0x96, 0x1b, 0x98, 0x98, 0x8e, 0x90,
0x98, 0x1f, 0x97, 0x90, 0x96, 0x93, 0x96, 0x94, 0x9c, 0x9b, 0x9a, 0x9c, 0x97, 0x9c, 0x96, 0x9d,
0x95, 0x9b, 0x93, 0x99, 0x90, 0x95, 0x8e, 0x94, 0x8e, 0x92, 0x8e, 0x92, 0x8c, 0x91, 0x8c, 0x8e,
0x08, 0x9b, 0x07, 0x8a, 0x8e, 0x89, 0x91, 0x88, 0x94, 0x88, 0x93, 0x86, 0x94, 0x84, 0x96, 0x85,
0x96, 0x84, 0x97, 0x82, 0x97, 0x82, 0x97, 0x81, 0x97, 0x80, 0x96, 0x7e, 0x97, 0x7e, 0x95, 0x7c,
0x93, 0x08, 0x92, 0x7c, 0x7a, 0x8f, 0x7a, 0x1b, 0x7e, 0x7f, 0x8a, 0x88, 0x81, 0x1f, 0x80, 0x88,
0x82, 0x88, 0x82, 0x86, 0x80, 0x84, 0x82, 0x81, 0x84, 0x7f, 0x84, 0x7f, 0x85, 0x7e, 0x87, 0x7d,
0x89, 0x80, 0x89, 0x80, 0x8a, 0x80, 0x08, 0x8a, 0x7f, 0x8a, 0x7e, 0x7e, 0x1a, 0x0e, 0xf8, 0xf6,
0x1c, 0x06, 0x52, 0x15, 0xf8, 0xe1, 0xfe, 0x63, 0xfc, 0xe1, 0xfe, 0x63, 0xfc, 0xe7, 0xfa, 0x63,
0x05, 0xf9, 0x4e, 0xfb, 0x8f, 0x15, 0x9c, 0x8c, 0x9a, 0x8d, 0x98, 0x1e, 0x8d, 0x98, 0x8e, 0x96,
0x8f, 0x96, 0x8f, 0x95, 0x90, 0x95, 0x91, 0x95, 0x90, 0x94, 0x92, 0x95, 0x92, 0x96, 0x9a, 0xa0,
0x9a, 0x9e, 0x9a, 0x9e, 0x9a, 0x9d, 0x98, 0x9e, 0x97, 0x9e, 0x97, 0x9e, 0x95, 0x9f, 0x93, 0xa0,
0x08, 0x92, 0xa0, 0x8f, 0xa4, 0xa6, 0x1a, 0xb6, 0x85, 0xb1, 0x7f, 0xae, 0x1e, 0x7e, 0xad, 0x7a,
0xa8, 0x74, 0xa4, 0x74, 0xa3, 0x6e, 0x9e, 0x69, 0x98, 0x08, 0x98, 0x69, 0x65, 0x91, 0x60, 0x1b,
0x66, 0x68, 0x86, 0x81, 0x6b, 0x1f, 0x6a, 0x81, 0x6f, 0x7b, 0x73, 0x76, 0x72, 0x75, 0x78, 0x6f,
0x7d, 0x6a, 0x7c, 0x69, 0x84, 0x63, 0x8a, 0x5c, 0x08, 0xf7, 0x5f, 0x06, 0x8c, 0xb0, 0x93, 0xa5,
0x99, 0x9b, 0x08, 0x9b, 0x98, 0x9a, 0x93, 0x9b, 0x1b, 0xa4, 0x9c, 0x80, 0x76, 0x96, 0x1f, 0x96,
0x76, 0x90, 0x6f, 0x68, 0x1a, 0x7a, 0x88, 0x7a, 0x86, 0x7a, 0x1e, 0x85, 0x7a, 0x84, 0x7a, 0x83,
0x7c, 0x83, 0x7b, 0x83, 0x7d, 0x82, 0x7e, 0x82, 0x7e, 0x83, 0x80, 0x84, 0x82, 0x78, 0x73, 0x7b,
0x78, 0x80, 0x7e, 0x7f, 0x7e, 0x82, 0x7e, 0x84, 0x7e, 0x84, 0x7e, 0x86, 0x7d, 0x88, 0x7a, 0x08,
0x88, 0x7a, 0x8a, 0x73, 0x6b, 0x1a, 0xf7, 0x5e, 0x30, 0x15, 0xfb, 0x5e, 0xfb, 0x3e, 0xf7, 0x5e,
0x06, 0xfb, 0x00, 0xfd, 0x3e, 0x15, 0x8f, 0x87, 0x87, 0x06, 0x89, 0x1c, 0x0a, 0x8d, 0x15, 0x8f,
0x87, 0x87, 0x06, 0x0e, 0x0e, 0x6b, 0x0a, 0x62, 0x1d, 0x1c, 0x04, 0xcd, 0x14, 0x91, 0x13, 0x00,
0x52, 0x02, 0x00, 0x01, 0x00, 0x0d, 0x00, 0x11, 0x00, 0xa5, 0x00, 0xab, 0x00, 0xcb, 0x00, 0xd4,
0x00, 0xd9, 0x00, 0xdd, 0x00, 0xe1, 0x00, 0xe5, 0x00, 0xe9, 0x01, 0x60, 0x01, 0xa7, 0x01, 0xab,
0x01, 0xaf, 0x01, 0xd3, 0x01, 0xd7, 0x01, 0xf1, 0x02, 0x5a, 0x02, 0xd5, 0x02, 0xd8, 0x02, 0xf8,
0x02, 0xfd, 0x04, 0x3c, 0x04, 0x7a, 0x05, 0x01, 0x05, 0x05, 0x05, 0x0c, 0x05, 0x14, 0x05, 0x1a,
0x05, 0x1d, 0x05, 0x41, 0x05, 0x56, 0x05, 0x6e, 0x05, 0x83, 0x05, 0x90, 0x05, 0x93, 0x06, 0xc8,
0x07, 0xa7, 0x08, 0x12, 0x08, 0x78, 0x09, 0x24, 0x09, 0x9c, 0x09, 0x9f, 0x0a, 0x11, 0x0a, 0x14,
0x0a, 0x7b, 0x0a, 0xc2, 0x0a, 0xc7, 0x0a, 0xf3, 0x0b, 0x24, 0x0b, 0x59, 0x0b, 0x90, 0x0b, 0xbd,
0x0b, 0xe5, 0x0c, 0x07, 0x0c, 0x25, 0x0c, 0x41, 0x0c, 0x4f, 0x0c, 0x6b, 0x0c, 0x86, 0x0c, 0x9e,
0x0c, 0xb9, 0x0c, 0xbc, 0x0c, 0xd6, 0x0c, 0xe2, 0x0c, 0xfb, 0x0d, 0x10, 0x0d, 0x22, 0x0d, 0x35,
0x0d, 0x46, 0x0d, 0x55, 0x0d, 0x5a, 0x0d, 0x69, 0x0d, 0x77, 0x0d, 0x84, 0x0d, 0x91, 0x0d, 0x9c,
0x0d, 0xa4, 0x0d, 0xac, 0x0d, 0xb2, 0x0d, 0xbd, 0x15, 0x2c, 0x1d, 0xfb, 0xa9, 0xfb, 0xab, 0x05,
0xfb, 0x6c, 0x06, 0x0e, 0x1c, 0x05, 0xb0, 0x0b, 0xf9, 0x2e, 0x77, 0x15, 0x38, 0x3f, 0x99, 0xa6,
0x47, 0x1f, 0x47, 0xa6, 0x51, 0xb1, 0x5a, 0xba, 0x5a, 0xba, 0x66, 0xc2, 0x71, 0xcb, 0x08, 0x70,
0xca, 0x7e, 0xcf, 0xd4, 0x1a, 0x54, 0x0a, 0xfd, 0x72, 0x88, 0x07, 0x94, 0x60, 0x97, 0x68, 0x9a,
0x71, 0x9a, 0x70, 0x9e, 0x73, 0xa4, 0x76, 0xa4, 0x75, 0xa8, 0x7a, 0xac, 0x7f, 0x08, 0x7f, 0xac,
0xae, 0x85, 0xb2, 0x1b, 0xc2, 0xc0, 0x95, 0xa0, 0xbe, 0x1f, 0xbe, 0xa0, 0xb5, 0xaa, 0xab, 0xb4,
0xf7, 0x1f, 0xfb, 0x2a, 0x18, 0x68, 0x59, 0x53, 0x5e, 0x3e, 0x62, 0x08, 0x62, 0x3e, 0x31, 0x77,
0x22, 0x1b, 0x6a, 0xfa, 0x15, 0x15, 0x6c, 0x6e, 0x86, 0x80, 0x71, 0x1f, 0x71, 0x80, 0x74, 0x7b,
0x78, 0x76, 0x77, 0x76, 0x7a, 0x73, 0x7e, 0x6e, 0x7e, 0x6e, 0x81, 0x6b, 0x84, 0x68, 0x08, 0xf8,
0x5c, 0xa1, 0x06, 0xa8, 0x86, 0xa7, 0x80, 0xa5, 0x1e, 0x80, 0xa5, 0x7d, 0xa2, 0x78, 0x9e, 0x78,
0x9e, 0x75, 0x9a, 0x70, 0x27, 0x0a, 0x70, 0x6b, 0x90, 0x68, 0x1b, 0x0b, 0x1c, 0x04, 0x7b, 0x5a,
0x1d, 0x0b, 0xf2, 0xf8, 0xbb, 0x40, 0x1d, 0xdc, 0xd4, 0x7d, 0x6f, 0xca, 0x1f, 0xca, 0x6f, 0xc1,
0x64, 0xb7, 0x5a, 0xb6, 0x5a, 0xac, 0x51, 0xa2, 0x48, 0x08, 0xa2, 0x48, 0x96, 0x42, 0x3c, 0x4c,
0x1d, 0x0b, 0x15, 0xfd, 0x6e, 0xf7, 0x38, 0xf9, 0x6e, 0x06, 0x0e, 0xf7, 0x55, 0x5a, 0x0a, 0x0b,
0x96, 0x08, 0x96, 0x0b, 0x21, 0x0a, 0x15, 0x0b, 0x92, 0x08, 0x92, 0x0b, 0x82, 0x08, 0x82, 0x0b,
0xf7, 0xcc, 0xfc, 0x49, 0x15, 0x70, 0x74, 0x8d, 0x8e, 0x78, 0x1f, 0x77, 0x8e, 0x75, 0x90, 0x73,
0x92, 0xad, 0xf7, 0x68, 0x18, 0x96, 0x9a, 0x8b, 0x8a, 0x9d, 0x1f, 0x8a, 0x9c, 0x99, 0x8a, 0x96,
0x1b, 0xa1, 0x9f, 0x92, 0x99, 0x9c, 0x1f, 0x9c, 0x98, 0x99, 0x9a, 0x97, 0x9b, 0x97, 0x9b, 0x94,
0x97, 0x91, 0x93, 0x90, 0x93, 0x92, 0x96, 0x93, 0x9a, 0xcb, 0xf7, 0x0b, 0x18, 0xfc, 0x5e, 0xfa,
0xa0, 0x05, 0xf7, 0xc4, 0x06, 0xf7, 0x8c, 0xfd, 0x0e, 0xa9, 0xfb, 0x02, 0xb4, 0xf7, 0x00, 0xf7,
0x8b, 0xf9, 0x10, 0x05, 0xf7, 0xc7, 0x06, 0xfc, 0xb9, 0x1c, 0xfb, 0x24, 0x7f, 0x70, 0x7c, 0x6d,
0x78, 0x6b, 0x19, 0x78, 0x6b, 0x73, 0x6d, 0x6e, 0x70, 0x6e, 0x70, 0x69, 0x74, 0x62, 0x78, 0x08,
0x78, 0x62, 0x5a, 0x82, 0x53, 0x1b, 0x0b, 0xfa, 0xe1, 0x28, 0x0a, 0x8c, 0xfe, 0x59, 0x05, 0x3a,
0x80, 0x42, 0x75, 0x4c, 0x1e, 0x74, 0x55, 0x0a, 0x8c, 0x5a, 0x90, 0x61, 0x94, 0x66, 0x19, 0x94,
0x66, 0x98, 0x6d, 0x9d, 0x73, 0x9c, 0x75, 0x9f, 0x7b, 0xa3, 0x2d, 0x0a, 0xa3, 0xa7, 0x85, 0xaa,
0x1b, 0xad, 0xa9, 0x91, 0x97, 0xa6, 0x1f, 0xa5, 0x96, 0xa1, 0x9d, 0x9c, 0xa2, 0x9e, 0xa3, 0x99,
0xa9, 0x94, 0xaf, 0x94, 0xaf, 0x90, 0xb5, 0x8c, 0xba, 0x8c, 0xfa, 0x59, 0x18, 0x0b, 0x80, 0x08,
0x80, 0x0b, 0x6e, 0x1f, 0x6e, 0x0b, 0x15, 0x3f, 0x78, 0x3e, 0x66, 0x3d, 0x1e, 0x65, 0x3d, 0x5a,
0x49, 0x4f, 0x56, 0xfb, 0x27, 0xd7, 0x18, 0xa4, 0xbb, 0xa1, 0xbd, 0x9c, 0xc0, 0x08, 0x9c, 0xbf,
0x94, 0xca, 0xd4, 0x1a, 0xf7, 0x7e, 0xf7, 0x99, 0x07, 0x0e, 0x9a, 0x08, 0x9a, 0x0b, 0x1c, 0x04,
0xb1, 0x1c, 0x04, 0xcb, 0x15, 0xfc, 0x55, 0x1c, 0xfb, 0x35, 0xfb, 0xae, 0x1c, 0x04, 0xcb, 0xfc,
0x4f, 0xf7, 0x79, 0x1c, 0x04, 0x96, 0x06, 0x0b, 0x6e, 0x1d, 0x3a, 0xa1, 0x45, 0xa6, 0x4e, 0xaa,
0x4e, 0xaa, 0x59, 0xae, 0x64, 0xb0, 0x64, 0xb0, 0x6e, 0xb5, 0x78, 0xb8, 0x08, 0x77, 0xb8, 0x81,
0xbd, 0xc0, 0x4e, 0x0a, 0x70, 0x92, 0x72, 0x99, 0x75, 0x1e, 0x98, 0x75, 0x9f, 0x77, 0xa5, 0x7a,
0xa5, 0x79, 0xab, 0x7b, 0xb0, 0x7c, 0xb0, 0x7c, 0xb4, 0x7e, 0xba, 0x7e, 0xbd, 0x7d, 0xbb, 0x7a,
0xb8, 0x77, 0xb8, 0x77, 0xb5, 0x74, 0xb1, 0x71, 0xc4, 0x60, 0xb9, 0x5a, 0xad, 0x52, 0x08, 0xad,
0x52, 0x9c, 0x4a, 0x41, 0x5c, 0x0a, 0x42, 0x44, 0x96, 0xa1, 0x44, 0x1f, 0x44, 0xa0, 0x4d, 0xab,
0x56, 0xb5, 0x59, 0xb4, 0x64, 0xbc, 0x6e, 0xc3, 0x08, 0x6e, 0xc3, 0x7c, 0xcd, 0xd6, 0x53, 0x0a,
0x0b, 0xf7, 0x21, 0x16, 0xfa, 0xce, 0xf7, 0x90, 0x07, 0x9c, 0xfb, 0x2a, 0x99, 0x9f, 0x9a, 0x9d,
0x9c, 0x9c, 0x19, 0x9c, 0x9c, 0x9c, 0x9a, 0x9e, 0x98, 0xab, 0xa2, 0xae, 0x9c, 0xb1, 0x97, 0x08,
0x97, 0xb1, 0xb3, 0x91, 0xb6, 0x1b, 0xc2, 0xbd, 0x83, 0x7b, 0xb8, 0x1f, 0xb8, 0x7b, 0xb3, 0x72,
0xac, 0x68, 0xac, 0x68, 0xa4, 0x5e, 0x9e, 0x54, 0x08, 0x9d, 0x54, 0x94, 0x48, 0x3c, 0x1a, 0xfd,
0x2e, 0xfb, 0xaa, 0xf9, 0x2a, 0x07, 0xb6, 0x86, 0xae, 0x82, 0xa7, 0x1e, 0x81, 0xa6, 0x7d, 0xa1,
0x79, 0x9b, 0x79, 0x9b, 0x75, 0x96, 0x72, 0x92, 0x08, 0x91, 0x72, 0x6e, 0x8e, 0x6b, 0x1b, 0x70,
0x73, 0x88, 0x85, 0x75, 0x1f, 0x74, 0x85, 0x77, 0x82, 0x7a, 0x7f, 0x7d, 0x82, 0x7e, 0x81, 0x80,
0x7f, 0x80, 0x7f, 0x80, 0x7e, 0x82, 0x7c, 0x08, 0xfd, 0x95, 0x07, 0x0b, 0x53, 0x1d, 0x0e, 0xfa,
0xd7, 0x16, 0xfb, 0xac, 0x06, 0xfc, 0x29, 0xfa, 0x3f, 0x05, 0xfe, 0x3f, 0xfb, 0xaf, 0x21, 0x0a,
0xf7, 0xaf, 0x07, 0xf8, 0x26, 0xfe, 0x3b, 0x8c, 0xfa, 0x3b, 0x05, 0xf7, 0xae, 0x06, 0x0b, 0x1c,
0x04, 0xcc, 0x15, 0x0b, 0xf7, 0x05, 0xf8, 0xb9, 0x15, 0xdd, 0x95, 0xd6, 0xa0, 0xcf, 0x1e, 0x9f,
0xcf, 0xa8, 0xc5, 0xb1, 0xbc, 0xb1, 0xbc, 0xb9, 0xb0, 0xc1, 0xa6, 0x08, 0xa6, 0xc1, 0xc8, 0x98,
0xcf, 0x1b, 0xb0, 0xac, 0x88, 0x84, 0xaa, 0x1f, 0xa9, 0x84, 0xa6, 0x80, 0xa4, 0x7d, 0x9e, 0x81,
0x9c, 0x7f, 0x9b, 0x7e, 0x9b, 0x7d, 0x9a, 0x7c, 0x98, 0x7a, 0x96, 0xf2, 0x18, 0xf7, 0x91, 0xfe,
0xab, 0x06, 0x42, 0x7f, 0x49, 0x72, 0x52, 0x1e, 0x72, 0x52, 0x68, 0x5a, 0x5e, 0x64, 0x5e, 0x64,
0x55, 0x6d, 0x4c, 0x77, 0x08, 0x76, 0x4c, 0x45, 0x81, 0x3f, 0x1b, 0x6a, 0x68, 0x8e, 0x92, 0x66,
0x1f, 0x66, 0x92, 0x66, 0x95, 0x66, 0x99, 0x66, 0x99, 0x69, 0x9d, 0x6a, 0xa1, 0x6a, 0xa0, 0x6f,
0xa5, 0x74, 0xa9, 0xf7, 0x11, 0xf7, 0x3d, 0x18, 0x9d, 0x76, 0x9e, 0x79, 0xa0, 0x7c, 0xa0, 0x7b,
0xa0, 0x7e, 0xa2, 0x81, 0xa1, 0x81, 0xa2, 0x84, 0xa3, 0x2b, 0x1d, 0xa2, 0xa4, 0x88, 0xa4, 0x1b,
0xb4, 0xaf, 0x91, 0x96, 0xab, 0x1f, 0xaa, 0x96, 0xa6, 0x9c, 0xa0, 0xa1, 0x9e, 0x9f, 0x9a, 0xa4,
0x96, 0xa8, 0x08, 0x95, 0xa8, 0x90, 0xac, 0xb0, 0x1a, 0xc9, 0x07, 0x7e, 0x7c, 0x7d, 0x7e, 0x7c,
0x7f, 0x7c, 0x7f, 0x7c, 0x80, 0x7a, 0x82, 0x72, 0x7e, 0x70, 0x80, 0x6e, 0x2a, 0x1d, 0x6d, 0x6b,
0x87, 0x69, 0x1b, 0x48, 0x4e, 0x99, 0xa7, 0x56, 0x1f, 0x55, 0xa6, 0x5d, 0xb1, 0x65, 0xbc, 0x65,
0xbc, 0x6e, 0xc5, 0x77, 0xce, 0x08, 0x76, 0x46, 0x1d, 0xf7, 0xab, 0x16, 0x5e, 0x90, 0x61, 0x94,
0x64, 0x1e, 0x94, 0x64, 0x98, 0x69, 0x9e, 0x6e, 0x9e, 0x6e, 0xa2, 0x74, 0xa8, 0x7a, 0x08, 0x7a,
0xa8, 0xad, 0x83, 0xb2, 0x1b, 0xa3, 0xa1, 0x8d, 0x90, 0x9f, 0x1f, 0x9e, 0x90, 0x9d, 0x91, 0x9b,
0x94, 0x9c, 0x94, 0x99, 0x97, 0x98, 0x98, 0x98, 0x98, 0x96, 0x9a, 0x94, 0x9c, 0x08, 0xf8, 0x5e,
0x07, 0x81, 0x9e, 0x7f, 0x9b, 0x7d, 0x99, 0x7d, 0x99, 0x7b, 0x96, 0x79, 0x94, 0x7c, 0x92, 0x7a,
0x91, 0x79, 0x8f, 0x08, 0x8f, 0x78, 0x77, 0x8d, 0x76, 0x1b, 0x64, 0x69, 0x83, 0x7a, 0x2e, 0x0a,
0x7a, 0x74, 0x73, 0x78, 0x6e, 0x78, 0x6d, 0x7c, 0x68, 0x82, 0x64, 0x08, 0x82, 0x63, 0x86, 0x60,
0x5e, 0x1a, 0x0b, 0xf7, 0x76, 0x16, 0xfb, 0x5c, 0x21, 0x0a, 0x05, 0xf7, 0x95, 0x06, 0xec, 0xfd,
0xc2, 0x92, 0x52, 0x94, 0xc7, 0xf7, 0x07, 0xf9, 0xbf, 0x05, 0xf7, 0x5d, 0x06, 0xf7, 0x0e, 0xfd,
0xc5, 0x94, 0x4f, 0x92, 0xc8, 0xee, 0xf9, 0xc4, 0x05, 0xf7, 0x96, 0x06, 0xfb, 0x5e, 0x32, 0x1d,
0xfb, 0x92, 0x06, 0xfb, 0x13, 0xf9, 0xa6, 0x80, 0xd5, 0x80, 0x41, 0xfb, 0x0e, 0xfd, 0xa6, 0x05,
0x0b, 0xf9, 0x05, 0xf8, 0xb4, 0x15, 0xfb, 0x69, 0xfc, 0xb4, 0xfb, 0xad, 0x21, 0x0a, 0xf8, 0x7c,
0x06, 0xdc, 0xd4, 0x82, 0x78, 0xcc, 0x1f, 0xcc, 0x78, 0xc3, 0x6f, 0xba, 0x66, 0xb9, 0x66, 0xaf,
0x5e, 0xa4, 0x54, 0x08, 0xa4, 0x54, 0x97, 0x4c, 0x43, 0x1a, 0x57, 0x85, 0x5c, 0x7f, 0x62, 0x1e,
0x7e, 0x61, 0x7a, 0x66, 0x74, 0x6a, 0x74, 0x6a, 0x6f, 0x6e, 0x6b, 0x72, 0x6a, 0x72, 0x67, 0x76,
0x63, 0x79, 0xf7, 0xcd, 0xfc, 0xed, 0x18, 0x7e, 0xfb, 0xc1, 0x07, 0xfc, 0x7b, 0xf9, 0x98, 0x15,
0xf7, 0x64, 0x06, 0xb6, 0xb2, 0x91, 0x98, 0xac, 0x1f, 0xac, 0x97, 0xa5, 0x9d, 0xa0, 0xa2, 0x9c,
0x9e, 0x99, 0xa1, 0x94, 0xa5, 0x08, 0x94, 0xa5, 0x8f, 0xa8, 0xab, 0x1a, 0xb2, 0x85, 0xad, 0x80,
0xa9, 0x1e, 0x7f, 0xa8, 0x79, 0xa4, 0x74, 0x9e, 0x76, 0x9c, 0x72, 0x99, 0x6d, 0x28, 0x1d, 0x6d,
0x69, 0x90, 0x64, 0x1b, 0xfb, 0x63, 0x06, 0x0b, 0x15, 0x3d, 0x1d, 0x0b, 0x69, 0x08, 0x96, 0x69,
0x91, 0x67, 0x0b, 0xf9, 0x1f, 0x1c, 0x05, 0x43, 0x5f, 0x1d, 0x0b, 0xf8, 0x42, 0xf8, 0xaa, 0x4a,
0x0a, 0x3f, 0x0a, 0x0e, 0xf9, 0x10, 0xf9, 0x7c, 0x15, 0xf7, 0x82, 0xf7, 0xe6, 0x05, 0xf7, 0xbf,
0x06, 0xfb, 0xff, 0xfc, 0xa7, 0xf8, 0x0c, 0xfc, 0xbb, 0x66, 0x0a, 0xf8, 0x0c, 0xf8, 0xbb, 0xfb,
0xfe, 0xf8, 0xa7, 0x05, 0xf7, 0xbf, 0x06, 0x0b, 0x5e, 0x8f, 0x61, 0x93, 0x64, 0x6e, 0x0a, 0x9c,
0x6e, 0xa2, 0x74, 0xa6, 0x7a, 0x08, 0x7a, 0xa6, 0xad, 0x83, 0xb2, 0x1b, 0x0b, 0xa1, 0x88, 0xa4,
0x1b, 0xb2, 0xad, 0x94, 0x9c, 0xa7, 0x1f, 0xa6, 0x9c, 0xa2, 0xa3, 0x9c, 0xa9, 0x9c, 0xa9, 0x98,
0xae, 0x93, 0xb3, 0x08, 0x0b, 0x15, 0xfb, 0x47, 0xf8, 0x86, 0x06, 0xfb, 0x40, 0x64, 0x05, 0xf7,
0x20, 0x07, 0xf7, 0xe2, 0xf7, 0x00, 0x05, 0x9c, 0x06, 0x0b, 0x5a, 0xa6, 0x51, 0x9e, 0x48, 0x08,
0x9d, 0x47, 0x94, 0x40, 0x39, 0x1a, 0x0b, 0x59, 0x1d, 0x0e, 0x15, 0xda, 0x06, 0x9d, 0x9a, 0x8d,
0x8f, 0x98, 0x1f, 0x98, 0x8e, 0x96, 0x90, 0x94, 0x92, 0x94, 0x92, 0x91, 0x94, 0x8f, 0x95, 0x08,
0x90, 0x95, 0x8d, 0x97, 0x97, 0x1a, 0x94, 0x89, 0x94, 0x87, 0x93, 0x1e, 0x88, 0x94, 0x85, 0x92,
0x84, 0x93, 0x83, 0x91, 0x81, 0x91, 0x7f, 0x8f, 0x08, 0x8f, 0x7f, 0x7b, 0x8d, 0x79, 0x1b, 0x7e,
0x7e, 0x8a, 0x88, 0x7f, 0x1f, 0x7f, 0x88, 0x81, 0x86, 0x82, 0x86, 0x83, 0x86, 0x85, 0x85, 0x87,
0x84, 0x08, 0x87, 0x85, 0x89, 0x83, 0x83, 0x1a, 0xfb, 0x49, 0x06, 0xac, 0x92, 0xa8, 0x9a, 0xa4,
0x1e, 0x9a, 0xa4, 0x9e, 0xa0, 0xa4, 0x9d, 0xa4, 0x9c, 0xa7, 0x97, 0xab, 0x28, 0x1d, 0xac, 0xad,
0x8f, 0xaf, 0x1b, 0xb5, 0xb1, 0x87, 0x82, 0xae, 0x1f, 0xae, 0x82, 0xa9, 0x7f, 0xa3, 0x7a, 0xa4,
0x79, 0x9e, 0x76, 0x99, 0x71, 0x08, 0x99, 0x72, 0x92, 0x6e, 0x6a, 0x1a, 0x74, 0x87, 0x77, 0x82,
0x79, 0x1e, 0x83, 0x79, 0x80, 0x7b, 0x7d, 0x7d, 0x81, 0x82, 0x7f, 0x82, 0x7f, 0x84, 0x7e, 0x83,
0x7d, 0x85, 0x7c, 0x86, 0x9d, 0x86, 0x9b, 0x85, 0x9a, 0x84, 0x9a, 0x83, 0x98, 0x83, 0x96, 0x81,
0x9a, 0x7d, 0x97, 0x7a, 0x93, 0x77, 0x08, 0x93, 0x77, 0x8f, 0x74, 0x70, 0x1a, 0x69, 0x84, 0x6e,
0x7c, 0x71, 0x1e, 0x7c, 0x71, 0x76, 0x75, 0x71, 0x7a, 0x70, 0x79, 0x6b, 0x7d, 0x67, 0x2a, 0x0a,
0x67, 0x64, 0x86, 0x61, 0x1b, 0x69, 0x6a, 0x8f, 0x93, 0x6a, 0x1f, 0x69, 0x93, 0x6e, 0x98, 0x70,
0x9d, 0x70, 0x9c, 0x75, 0xa2, 0x7a, 0xa6, 0x08, 0x7b, 0xa7, 0x82, 0xad, 0xb4, 0x1a, 0xf7, 0x4a,
0x06, 0x81, 0x8d, 0x82, 0x90, 0x82, 0x1e, 0x8f, 0x82, 0x92, 0x83, 0x94, 0x83, 0x94, 0x84, 0x97,
0x85, 0x99, 0x87, 0x08, 0x86, 0x99, 0x9b, 0x89, 0x9d, 0x1b, 0x9e, 0x9b, 0x8e, 0x8f, 0x98, 0x1f,
0x99, 0x90, 0x95, 0x91, 0x94, 0x93, 0x93, 0x92, 0x90, 0x94, 0x8f, 0x94, 0x08, 0x8f, 0x95, 0x8c,
0x95, 0x95, 0x1a, 0x97, 0x8a, 0x96, 0x88, 0x94, 0x1e, 0x88, 0x94, 0x87, 0x92, 0x85, 0x92, 0x82,
0x96, 0x7d, 0x93, 0x7b, 0x8f, 0x08, 0x90, 0x7a, 0x77, 0x8e, 0x74, 0x1b, 0x3c, 0x06, 0x0b, 0x1c,
0x04, 0x80, 0xf9, 0x01, 0x57, 0x1d, 0x52, 0x56, 0x92, 0x9a, 0x5b, 0x1f, 0x5b, 0x99, 0x5f, 0xa0,
0x64, 0xa7, 0x30, 0xfb, 0x34, 0x18, 0xfb, 0x4b, 0x06, 0xf7, 0x31, 0xf7, 0xaa, 0x77, 0xa7, 0x7a,
0xa9, 0x7c, 0xac, 0x19, 0x7c, 0xac, 0x7e, 0xad, 0x81, 0xaf, 0x81, 0xb0, 0x84, 0xb2, 0x86, 0xb4,
0x08, 0x86, 0xb4, 0x88, 0xb5, 0xb7, 0x58, 0x0a, 0xa9, 0xa8, 0x89, 0x87, 0xa7, 0x1f, 0xa7, 0x87,
0xa6, 0x85, 0xa4, 0x83, 0x9f, 0x84, 0x9f, 0x84, 0x9e, 0x82, 0x9e, 0x82, 0x9e, 0x80, 0x9c, 0x80,
0xcf, 0xf7, 0x0c, 0x18, 0xf7, 0x4c, 0x06, 0xfb, 0x16, 0xfb, 0x7a, 0xb8, 0x52, 0xae, 0x48, 0xa3,
0x3e, 0x19, 0xa2, 0x3e, 0x97, 0x36, 0x2f, 0x1a, 0xfd, 0xa2, 0xfb, 0x68, 0x15, 0x7d, 0x8b, 0x7d,
0x8c, 0x7e, 0x1e, 0x7e, 0x8c, 0x7e, 0x8c, 0x7e, 0x1e, 0x8c, 0x82, 0x8b, 0x83, 0x8c, 0x82, 0x8c,
0x82, 0x8c, 0x83, 0x8c, 0x82, 0xf8, 0x1a, 0xf9, 0x47, 0x18, 0x81, 0x95, 0x81, 0x94, 0x80, 0x93,
0x80, 0x92, 0x7f, 0x92, 0x7e, 0x90, 0x7e, 0x90, 0x7c, 0x90, 0x7c, 0x8e, 0x08, 0x8e, 0x7c, 0x7b,
0x8c, 0x7a, 0x70, 0x1d, 0xf8, 0x85, 0x16, 0xa9, 0x8a, 0xa8, 0x88, 0xa7, 0x1e, 0x88, 0xa7, 0x87,
0xa6, 0x86, 0xa4, 0xfc, 0x28, 0xfd, 0x5f, 0x18, 0x9e, 0x73, 0xa2, 0x78, 0xa6, 0x2e, 0x1d, 0xa6,
0xaa, 0x84, 0xb0, 0x1b, 0xb8, 0xb2, 0x95, 0xa0, 0xac, 0x1f, 0xab, 0xa0, 0xa5, 0xa7, 0xa0, 0xb0,
0x9f, 0xaf, 0x9a, 0xb6, 0x95, 0xbd, 0x08, 0x95, 0xbd, 0x90, 0xc2, 0xc6, 0x1a, 0x0b, 0xf7, 0x25,
0xfc, 0x34, 0x15, 0x1c, 0x05, 0xda, 0xf7, 0x95, 0x07, 0x95, 0x21, 0x9a, 0x9d, 0x9b, 0x9b, 0x9c,
0x9a, 0x19, 0x9c, 0x99, 0x9e, 0x97, 0x9f, 0x96, 0xa3, 0x98, 0xa6, 0x95, 0xa8, 0x29, 0x0a, 0xa8,
0xaa, 0x8e, 0xac, 0x7d, 0x1d, 0xaf, 0x43, 0x0a, 0x76, 0x07, 0x61, 0x0a, 0x67, 0x6a, 0x8f, 0x93,
0x6d, 0x1f, 0x6c, 0x92, 0x6f, 0x96, 0x71, 0x9a, 0x7c, 0x94, 0x7c, 0x96, 0x7d, 0x96, 0x7d, 0x96,
0x7e, 0x98, 0x7e, 0x99, 0x08, 0xfc, 0x92, 0x07, 0xf8, 0x30, 0xfa, 0x5c, 0x15, 0x6d, 0x1d, 0x7a,
0x85, 0x7c, 0x83, 0x7a, 0x82, 0x7c, 0x60, 0x0a, 0x9a, 0x82, 0x9d, 0x84, 0x9f, 0x2b, 0x1d, 0x9f,
0x41, 0x0a, 0x93, 0xb2, 0x8f, 0xb5, 0xb8, 0x1a, 0x0e, 0xf7, 0x04, 0xf8, 0xb9, 0x15, 0x52, 0x1d,
0xc4, 0xbd, 0x81, 0x77, 0xb6, 0x1f, 0xb6, 0x76, 0xb1, 0x6e, 0xac, 0x66, 0x08, 0xf8, 0xbb, 0xf7,
0xab, 0x1c, 0xfa, 0x00, 0xfb, 0x8f, 0x07, 0x7d, 0xf7, 0x05, 0x69, 0x61, 0x63, 0x6a, 0x5d, 0x74,
0x19, 0x74, 0x5d, 0x56, 0x7f, 0x4e, 0x5d, 0x0a, 0xf7, 0xaa, 0x16, 0x40, 0x0a, 0xbb, 0xb3, 0x95,
0xa0, 0xab, 0x1f, 0xaa, 0xa0, 0xa4, 0xa7, 0x9e, 0xaf, 0x08, 0xf8, 0x4a, 0x07, 0x78, 0xb0, 0x72,
0xa7, 0x6c, 0xa0, 0x08, 0x9f, 0x6c, 0x63, 0x95, 0x5c, 0x1b, 0x64, 0x69, 0x83, 0x7a, 0x70, 0x1f,
0x6f, 0x7a, 0x3a, 0x1d, 0x7a, 0x6d, 0x44, 0x1d, 0x83, 0x63, 0x87, 0x60, 0x5e, 0x1a, 0x0e, 0xf7,
0x11, 0x16, 0x21, 0x0a, 0xf8, 0x0d, 0x07, 0xce, 0xca, 0x83, 0x7b, 0xc6, 0x1f, 0xc6, 0x7a, 0xc0,
0x74, 0xbb, 0x6d, 0xb5, 0x72, 0xb0, 0x6d, 0xad, 0x67, 0xac, 0x68, 0xa8, 0x64, 0xa3, 0x61, 0xa8,
0x58, 0xa1, 0x52, 0x9b, 0x4d, 0x08, 0x9a, 0x4d, 0x93, 0x49, 0x45, 0x1a, 0xfb, 0x0c, 0x07, 0x48,
0x84, 0x4b, 0x7c, 0x4f, 0x1e, 0x7c, 0x4f, 0x77, 0x54, 0x70, 0x59, 0x72, 0x5e, 0x6d, 0x62, 0x69,
0x65, 0x69, 0x66, 0x65, 0x6c, 0x63, 0x71, 0x5c, 0x6d, 0x57, 0x74, 0x52, 0x7b, 0x08, 0x7b, 0x52,
0x4e, 0x83, 0x4a, 0x1b, 0xfb, 0x00, 0x36, 0x0a, 0xfe, 0x7e, 0xf7, 0x00, 0x07, 0xae, 0xab, 0x8f,
0x94, 0xa9, 0x1f, 0xa9, 0x94, 0xa6, 0x97, 0xa4, 0x9c, 0xa4, 0x9c, 0xa2, 0xa2, 0xa0, 0xa6, 0x9f,
0xa6, 0x9c, 0xaa, 0x9a, 0xaf, 0x97, 0xaa, 0x94, 0xae, 0x92, 0xb2, 0x08, 0x91, 0xb1, 0x8e, 0xb4,
0xb8, 0x1a, 0xf7, 0x0e, 0x07, 0xb5, 0x88, 0xb3, 0x85, 0xb1, 0x1e, 0x84, 0xb0, 0x82, 0xae, 0x7f,
0xaa, 0x7d, 0xb0, 0x77, 0xad, 0x73, 0xa8, 0x74, 0xa8, 0x6f, 0xa3, 0x6c, 0x9e, 0x73, 0x99, 0x71,
0x96, 0x6e, 0x93, 0x08, 0x92, 0x6e, 0x6b, 0x8f, 0x69, 0x1b, 0x0b, 0x15, 0xfc, 0xaa, 0xfb, 0xad,
0x21, 0x0a, 0xf8, 0x86, 0x07, 0xda, 0xd3, 0x80, 0x74, 0xcb, 0x1f, 0xcb, 0x74, 0xc2, 0x6b, 0xb8,
0x62, 0xb8, 0x62, 0xad, 0x59, 0xa4, 0x52, 0x08, 0xa3, 0x52, 0x97, 0x4b, 0x45, 0x1a, 0x4a, 0x7f,
0x4e, 0x73, 0x54, 0x1e, 0x72, 0x54, 0x69, 0x5b, 0x5e, 0x63, 0x5e, 0x62, 0x54, 0x6c, 0x4b, 0x74,
0x08, 0x74, 0x4b, 0x43, 0x80, 0x3c, 0x1b, 0xfb, 0x6d, 0xf7, 0x78, 0x15, 0xf7, 0x6d, 0x06, 0xb3,
0xae, 0x91, 0x97, 0x29, 0x1d, 0x97, 0xa4, 0x9b, 0x9f, 0xa0, 0x9e, 0xa0, 0x9a, 0xa3, 0x95, 0xa6,
0x08, 0x94, 0xa6, 0x90, 0xa7, 0xa8, 0x1a, 0xad, 0x86, 0xab, 0x82, 0xa8, 0x1e, 0x81, 0xa8, 0x7c,
0xa5, 0x78, 0xa1, 0x77, 0xa1, 0x72, 0x9c, 0x6e, 0x2d, 0x1d, 0x6e, 0x68, 0x91, 0x63, 0x1b, 0xfb,
0x6d, 0x06, 0x0e, 0x4c, 0x0a, 0x0e, 0xf9, 0xc6, 0x28, 0x0a, 0xf7, 0xad, 0x06, 0x8c, 0xfe, 0x85,
0x8a, 0x46, 0x7e, 0x4c, 0x72, 0x52, 0x19, 0x71, 0x52, 0x68, 0x59, 0x5e, 0x62, 0x5e, 0x62, 0x57,
0x6b, 0x4f, 0x74, 0x08, 0x74, 0x4e, 0x4a, 0x80, 0x46, 0x1b, 0x42, 0x48, 0x94, 0x9e, 0x4f, 0x1f,
0x4f, 0x9e, 0x58, 0xa7, 0x60, 0xb0, 0x60, 0xb0, 0x69, 0xb9, 0x73, 0xc3, 0x73, 0xc3, 0x7f, 0xcd,
0x8a, 0xd6, 0x08, 0xf7, 0xae, 0x06, 0x68, 0x8e, 0x6d, 0x92, 0x71, 0x1e, 0x92, 0x71, 0x95, 0x75,
0x98, 0x79, 0x9c, 0x75, 0xa2, 0x7b, 0xa7, 0x2d, 0x0a, 0xa7, 0xad, 0x86, 0xb3, 0x1b, 0xab, 0xa8,
0x91, 0x98, 0xa6, 0x1f, 0xa6, 0x97, 0xa1, 0x9c, 0x9e, 0xa0, 0x9e, 0xa0, 0x99, 0xa5, 0x96, 0xa9,
0x08, 0x95, 0xa8, 0x90, 0xab, 0xad, 0x1a, 0x0b, 0x63, 0x1d, 0x0e, 0x1a, 0xc8, 0x98, 0xc3, 0xa5,
0xbd, 0x1e, 0xa5, 0xbd, 0xaf, 0xb6, 0xb9, 0xae, 0xb9, 0xae, 0xc1, 0xa7, 0xca, 0x9e, 0x08, 0x9e,
0xca, 0xcf, 0x94, 0xd4, 0x1b, 0xd7, 0xd1, 0x80, 0x75, 0xca, 0x1f, 0xca, 0x75, 0xc1, 0x6c, 0xb8,
0x64, 0xb8, 0x63, 0xaf, 0x5c, 0xa4, 0x54, 0x08, 0xa4, 0x54, 0x98, 0x4f, 0x4a, 0x1a, 0xfb, 0xa6,
0x06, 0x8a, 0xac, 0x85, 0xa9, 0x81, 0xa6, 0x80, 0xa6, 0x7c, 0xa3, 0x77, 0x9f, 0x76, 0x9e, 0x72,
0x9b, 0x6d, 0x27, 0x0a, 0x6c, 0x68, 0x90, 0x62, 0x1b, 0x66, 0x6a, 0x87, 0x82, 0x2e, 0x0a, 0x82,
0x72, 0x7e, 0x77, 0x7b, 0x77, 0x7a, 0x7c, 0x78, 0x81, 0x75, 0x08, 0x80, 0x74, 0x86, 0x73, 0x71,
0x1a, 0x0b, 0x05, 0xd0, 0x96, 0xc8, 0xa1, 0xc2, 0x1e, 0xa1, 0xc1, 0xaa, 0xb9, 0xb3, 0xb0, 0xb3,
0xb0, 0xbb, 0xa7, 0xc3, 0x9f, 0x08, 0x9e, 0xc2, 0xc8, 0x95, 0xce, 0x1b, 0xd2, 0xcb, 0x81, 0x78,
0xc2, 0x1f, 0xc2, 0x77, 0xba, 0x6f, 0xb1, 0x67, 0xb0, 0x67, 0xa8, 0x60, 0x9f, 0x58, 0x08, 0x9e,
0x58, 0x95, 0x53, 0x4d, 0x1a, 0xfb, 0xa1, 0x06, 0xad, 0x86, 0xa8, 0x82, 0xa3, 0x1e, 0x81, 0xa2,
0x7e, 0x9e, 0x7a, 0x9a, 0x7a, 0x9a, 0x78, 0x95, 0x0b, 0xf8, 0x91, 0x51, 0x0a, 0x0b, 0x15, 0xfb,
0x91, 0x06, 0x7b, 0xfa, 0x47, 0x05, 0xf7, 0xb1, 0x06, 0xfb, 0xc5, 0x1c, 0xfa, 0xd8, 0x15, 0xb7,
0x99, 0xb0, 0xa8, 0xa8, 0x85, 0x1d, 0x29, 0x1d, 0x6e, 0x9a, 0x66, 0x5f, 0x1a, 0x60, 0x7c, 0x68,
0x6e, 0x6e, 0x1e, 0x6e, 0x6e, 0x63, 0x7c, 0x6a, 0x0a, 0x0b, 0x97, 0x8c, 0x99, 0x08, 0x8c, 0x99,
0x8c, 0x9a, 0x9b, 0x1a, 0xb1, 0x07, 0x9a, 0x8a, 0x9a, 0x88, 0x99, 0x1e, 0x88, 0x99, 0x87, 0x98,
0x85, 0x96, 0x85, 0x96, 0x83, 0x93, 0x81, 0x92, 0x08, 0x91, 0x81, 0x7f, 0x8e, 0x7d, 0x1b, 0x7c,
0x7f, 0x88, 0x85, 0x77, 0x1d, 0x7d, 0x8a, 0x7c, 0x7c, 0x1a, 0x0b, 0x1a, 0xf7, 0xa8, 0x06, 0x8c,
0x5f, 0x93, 0x65, 0x99, 0x6c, 0x99, 0x6c, 0x9f, 0x71, 0xa4, 0x77, 0xa4, 0x77, 0xa9, 0x7c, 0xae,
0x2a, 0x0a, 0xae, 0xb1, 0x86, 0xb5, 0x1b, 0xb0, 0xad, 0x8f, 0x94, 0x29, 0x1d, 0x94, 0xa3, 0x97,
0x9f, 0x9a, 0x9f, 0x9a, 0x9a, 0x9e, 0x96, 0xa1, 0x08, 0x96, 0xa0, 0x90, 0xa3, 0xa5, 0x1a, 0x0b,
0xb3, 0x07, 0xde, 0x98, 0xd6, 0xa5, 0xd0, 0x1e, 0xa5, 0xcf, 0xaf, 0xc6, 0xba, 0xbc, 0xba, 0xbc,
0xc2, 0xb2, 0xcb, 0xa6, 0x08, 0xa6, 0xcb, 0xd1, 0x99, 0xd6, 0x1b, 0xd9, 0xd1, 0x7e, 0x72, 0xc8,
0x1f, 0xc8, 0x71, 0xbe, 0x67, 0xb6, 0x5c, 0xb5, 0x5c, 0xab, 0x53, 0xa1, 0x4a, 0x08, 0xa1, 0x49,
0x96, 0x42, 0x3c, 0x1a, 0xfb, 0x0a, 0x0b, 0x4c, 0x6b, 0x55, 0x61, 0x60, 0x60, 0x5f, 0x58, 0x6a,
0x4e, 0x74, 0x08, 0x74, 0x4e, 0x45, 0x80, 0x3d, 0x1b, 0x42, 0x49, 0x96, 0xa2, 0x50, 0x1f, 0x50,
0xa2, 0x58, 0xac, 0x61, 0xb6, 0x61, 0xb6, 0x6b, 0xc1, 0x74, 0xcb, 0x08, 0x74, 0xca, 0x7f, 0xd4,
0xdc, 0x84, 0x1d, 0x0b, 0x3c, 0x1a, 0x3c, 0x7d, 0x41, 0x6f, 0x47, 0x1e, 0x6f, 0x46, 0x65, 0x50,
0x5b, 0x58, 0x5b, 0x58, 0x53, 0x64, 0x4a, 0x6e, 0x08, 0x6e, 0x4a, 0x46, 0x7d, 0x42, 0x1b, 0x42,
0x46, 0x99, 0xa8, 0x4a, 0x1f, 0x4a, 0xa8, 0x53, 0xb2, 0x5b, 0xbe, 0x0b, 0xf8, 0x7b, 0x1c, 0x05,
0x94, 0x15, 0x6e, 0xfc, 0x38, 0x05, 0xfb, 0x45, 0xf8, 0xa4, 0xf7, 0x62, 0x06, 0xf8, 0x2f, 0xfb,
0x00, 0x15, 0x6f, 0xfc, 0x38, 0x05, 0xfb, 0x45, 0xf8, 0xa4, 0xf7, 0x61, 0x06, 0x0e, 0x1a, 0xf7,
0x68, 0x07, 0xe8, 0x97, 0xe1, 0xa2, 0xda, 0x1e, 0xa2, 0xda, 0xad, 0xcf, 0xb8, 0xc4, 0xb8, 0xc4,
0xc2, 0xb7, 0xcc, 0xab, 0x08, 0xab, 0xcc, 0xd5, 0x9b, 0xdf, 0x1b, 0x0b, 0x15, 0x7c, 0x8d, 0x7c,
0x8e, 0x7d, 0x1e, 0x8e, 0x7c, 0x90, 0x7f, 0x92, 0x80, 0x91, 0x80, 0x93, 0x82, 0x95, 0x85, 0x08,
0x84, 0x95, 0x97, 0x88, 0x98, 0x1b, 0x9c, 0x0b, 0x67, 0x0a, 0xfd, 0xde, 0xf7, 0x76, 0xf7, 0xa9,
0xfa, 0x7f, 0xfb, 0xa9, 0x06, 0x0b, 0xfa, 0x32, 0x15, 0xf7, 0xaf, 0xfc, 0x1a, 0x05, 0x78, 0x07,
0xfb, 0xaf, 0xfc, 0x1a, 0x05, 0xfb, 0x49, 0x06, 0xf7, 0x85, 0xf8, 0x23, 0xfb, 0x85, 0xf8, 0x24,
0x05, 0x0b, 0x1a, 0x4b, 0x7e, 0x52, 0x72, 0x5a, 0x1e, 0x71, 0x59, 0x67, 0x61, 0x5e, 0x69, 0x5e,
0x68, 0x55, 0x71, 0x4c, 0x7a, 0x08, 0x79, 0x4c, 0x47, 0x82, 0x41, 0x1b, 0x0b, 0x1b, 0x49, 0x50,
0x99, 0xa7, 0x57, 0x1f, 0x56, 0xa6, 0x5f, 0xb1, 0x67, 0xbc, 0x66, 0xbc, 0x6f, 0xc5, 0x78, 0xce,
0x08, 0x78, 0x46, 0x1d, 0x0b, 0x62, 0x1a, 0x62, 0x7d, 0x6a, 0x70, 0x70, 0x1e, 0x70, 0x70, 0x65,
0x7e, 0x5c, 0x1b, 0x5c, 0x66, 0x98, 0xa6, 0x70, 0x1f, 0x70, 0xa6, 0x7d, 0xac, 0xb4, 0x1a, 0x0b,
0x62, 0x0a, 0x0e, 0x7f, 0x7e, 0x7d, 0x7e, 0x7d, 0x7f, 0x7b, 0x82, 0x78, 0x08, 0xfc, 0x58, 0x07,
0x94, 0x7a, 0x95, 0x7b, 0x98, 0x7d, 0x97, 0x7d, 0x99, 0x7f, 0x9b, 0x81, 0x0b, 0x79, 0x1d, 0x56,
0x6f, 0x08, 0x6f, 0x56, 0x4f, 0x7d, 0x47, 0x1b, 0x0b, 0x15, 0xf7, 0x86, 0xfc, 0x23, 0x05, 0xfb,
0x49, 0x06, 0xfb, 0xae, 0xf8, 0x1a, 0x05, 0x9e, 0x07, 0xf7, 0xae, 0xf8, 0x1a, 0x05, 0xf7, 0x49,
0x06, 0x0b, 0x7f, 0x74, 0x56, 0x1f, 0x55, 0x73, 0x5c, 0x6a, 0x63, 0x61, 0x63, 0x61, 0x6c, 0x5a,
0x74, 0x52, 0x08, 0x74, 0x52, 0x7f, 0x0b, 0xf9, 0x33, 0x1c, 0x05, 0x72, 0x15, 0x6f, 0xfc, 0x25,
0x05, 0xfb, 0x4e, 0xf8, 0xb3, 0xf7, 0x6a, 0x06, 0x0e, 0x1e, 0x88, 0x99, 0x85, 0x98, 0x84, 0x96,
0x83, 0x96, 0x81, 0x93, 0x7f, 0x92, 0x08, 0x91, 0x7e, 0x7c, 0x8e, 0x0b, 0x05, 0xfb, 0xc0, 0x06,
0xfb, 0x8d, 0xf7, 0xf6, 0xfb, 0x8b, 0xfb, 0xf6, 0x05, 0xfb, 0xc1, 0x06, 0x0b, 0x28, 0x0a, 0xf9,
0xde, 0xfb, 0x77, 0xfb, 0xb0, 0xfe, 0x7f, 0xf7, 0xb0, 0xfb, 0x76, 0x0b, 0x1c, 0x04, 0x97, 0x6d,
0x0a, 0xb3, 0x6a, 0xba, 0x6a, 0xba, 0x72, 0xc1, 0x7a, 0xc7, 0x08, 0x7a, 0xc7, 0x82, 0xcb, 0x0b,
0x5a, 0x1b, 0x58, 0x64, 0x9a, 0xa8, 0x2e, 0x0a, 0xa8, 0x7d, 0xae, 0xb6, 0x1a, 0x0b, 0xfa, 0xef,
0xf8, 0xa6, 0x15, 0xfd, 0xd5, 0xf7, 0x75, 0xf9, 0xd5, 0x06, 0x0e, 0x93, 0x91, 0x94, 0x8f, 0x96,
0x08, 0x8f, 0x96, 0x8d, 0x96, 0x96, 0x1a, 0x0b, 0xf8, 0xed, 0x15, 0xfe, 0xf2, 0xf7, 0x77, 0xfa,
0xf2, 0x06, 0x0e, 0x1e, 0x92, 0x64, 0x98, 0x69, 0x9c, 0x6e, 0x0b, 0x79, 0x75, 0x73, 0x7a, 0x6d,
0x7a, 0x6d, 0x0b, 0xa2, 0x82, 0x08, 0x82, 0xa2, 0x0b, 0x8e, 0x90, 0x9a, 0x1f, 0x9a, 0x90, 0x97,
0x92, 0x94, 0x94, 0x0b, 0x00, 0x01, 0x00, 0x00, 0x00, 0x0a, 0x00, 0x32, 0x00, 0x34, 0x00, 0x04,
0x44, 0x46, 0x4c, 0x54, 0x00, 0x1a, 0x63, 0x79, 0x72, 0x6c, 0x00, 0x24, 0x67, 0x72, 0x65, 0x6b,
0x00, 0x24, 0x6c, 0x61, 0x74, 0x6e, 0x00, 0x24, 0x00, 0x04, 0x00, 0x00, 0x00, 0x00, 0xff, 0xff,
0x00, 0x00, 0x00, 0x00, 0x00, 0x00, 0x00, 0x00, 0x00, 0x00, 0x00, 0x00, 0x00, 0x01, 0x00, 0x01,
0xff, 0xff, 0x00, 0x0f, 0x04, 0xcd, 0x00, 0x00, 0x00, 0x00, 0x00, 0x1c, 0x00, 0x81, 0x00, 0x4f,
0x00, 0x7d, 0x00, 0x93, 0x00, 0x95, 0x00, 0x57, 0x00, 0x7b, 0x00, 0xc1, 0x00, 0x6f, 0x00, 0x81,
0x00, 0x96, 0x00, 0x7f, 0x00, 0x7b, 0x00, 0x50, 0x00, 0x95, 0x00, 0x55, 0x00, 0x83, 0x00, 0x59,
0x00, 0x1b, 0x00, 0x7e, 0x00, 0x1f, 0x00, 0x1a, 0x00, 0x1e, 0x00, 0x21, 0x00, 0x59, 0x00, 0x73,
0x00, 0x93, 0x00, 0x75, 0x00, 0x70, 0x00, 0x70, 0x00, 0x7e, 0x00, 0x71, 0x00, 0x8d, 0x00, 0xd7,
0x00, 0xdf, 0x00, 0x90, 0x00, 0xc7, 0x00, 0x4b, 0x00, 0x8d, 0x00, 0x67, 0x00, 0x91, 0x00, 0x71,
0x01, 0x1f, 0x00, 0x7a, 0x00, 0x7e, 0x00, 0x96, 0x00, 0x48, 0x00, 0x1b, 0x00, 0x59, 0x00, 0x34,
0x00, 0x76, 0x00, 0x8d, 0x00, 0xad, 0x00, 0x46, 0x00, 0x60, 0x00, 0x3b, 0x00, 0x75, 0x00, 0x69,
0x00, 0x45, 0x00, 0x6d, 0x00, 0x61, 0x01, 0x8a, 0x01, 0x2a, 0x01, 0x25, 0x01, 0x11, 0x01, 0x0a,
0x00, 0x18, 0x00, 0x41, 0x00, 0x21, 0x00, 0x30, 0x00, 0x2e, 0x00, 0x47, 0x00, 0x26, 0x00, 0x26,
0x00, 0x88, 0x00, 0x91, 0x00, 0xa2, 0x00, 0x7f, 0x00, 0x8e, 0x00, 0x73, 0x00, 0x15, 0x00, 0x94,
0x00, 0x53, 0x01, 0xc4, 0x01, 0xe2, 0x00, 0xa0, 0x00, 0xca, 0x01, 0x68, 0x01, 0xa6, 0x01, 0xb4,
0x01, 0xb4, 0x00, 0x65, 0x01, 0xee, 0x01, 0x94, 0x00, 0x94, 0x01, 0x1a, 0x00, 0x3d, 0x00, 0x39,
0x01, 0xc9, 0x01, 0x19, 0x01, 0xeb, 0x01, 0xd2, 0x01, 0xd0, 0x01, 0x46, 0x01, 0x2c, 0x01, 0x41,
0x01, 0x59, 0x01, 0x3c, 0x01, 0x90, 0x01, 0x90, 0x01, 0x35, 0x01, 0x4c, 0x01, 0x88, 0x01, 0x81,
0x00, 0x63, 0x00, 0x95, 0x00, 0x93, 0x00, 0x9d, 0x00, 0x6c, 0x00, 0x9e, 0x00, 0x98, 0x00, 0x9c,
0x00, 0xa1, 0x00, 0xaa, 0x00, 0xab, 0x00, 0xb9, 0x00, 0xdc, 0x00, 0xf0, 0x00, 0x23, 0x00, 0x4b,
0x02, 0x15, 0x01, 0xe8, 0x00, 0x6a, 0x00, 0x80, 0x00, 0x59, 0x00, 0x58, 0x00, 0x73, 0x01, 0x65,
0x00, 0x9a, 0x00, 0x29, 0x00, 0x4b, 0x00, 0x29, 0x00, 0x56, 0x00, 0xd8, 0x00, 0xd5, 0x00, 0x1a,
0x00, 0x1c, 0x00, 0x1c, 0x00, 0x1c, 0x00, 0x1c, 0x00, 0x1c, 0x00, 0x1c, 0x00, 0x4f, 0x00, 0x93,
0x00, 0x93, 0x00, 0x93, 0x00, 0x93, 0xff, 0xd6, 0x00, 0xc1, 0x00, 0xc1, 0x00, 0xc1, 0x00, 0xc1,
0x00, 0x7b, 0x00, 0x50, 0x00, 0x50, 0x00, 0x50, 0x00, 0x50, 0x00, 0x30, 0x00, 0x50, 0x00, 0x7e,
0x00, 0x7e, 0x00, 0x7e, 0x00, 0x7e, 0x00, 0x21, 0x00, 0x21, 0x00, 0x73, 0x00, 0x73, 0x00, 0x73,
0x00, 0x73, 0x00, 0x73, 0x00, 0x73, 0x00, 0x75, 0x00, 0x70, 0x00, 0x70, 0x00, 0x70, 0x00, 0x70,
0x00, 0xc7, 0x00, 0xc7, 0x00, 0xc7, 0x00, 0xc7, 0x00, 0x8d, 0x00, 0x67, 0x00, 0x67, 0x00, 0x67,
0x00, 0x67, 0x00, 0x67, 0x00, 0x67, 0x00, 0x96, 0x00, 0x96, 0x00, 0x96, 0x00, 0x96, 0x00, 0x34,
0x00, 0x34, 0x01, 0x9b, 0x01, 0x7e, 0x00, 0x81, 0x00, 0x80, 0x01, 0x11, 0x01, 0x09, 0x01, 0xb6,
0x00, 0xbb, 0x00, 0xac, 0x00, 0xe3, 0x00, 0xc7, 0x00, 0x79, 0x00, 0x38, 0x00, 0x0f, 0x00, 0x00,
0x01, 0x1a, 0x00, 0xac, 0xb8, 0x01, 0xff, 0x85, 0xb0, 0x04, 0x8d, 0x00
