// Generated by scripts/build_monospace_fallback.py; SIL OFL 1.1.
0x4f, 0x54, 0x54, 0x4f, 0x00, 0x0c, 0x00, 0x80, 0x00, 0x03, 0x00, 0x40, 0x43, 0x46, 0x46, 0x20,
0x13, 0xae, 0xcc, 0xd1, 0x00, 0x00, 0x05, 0xdc, 0x00, 0x00, 0x69, 0xb7, 0x47, 0x53, 0x55, 0x42,
0x93, 0x15, 0x82, 0x16, 0x00, 0x00, 0x6f, 0x94, 0x00, 0x00, 0x00, 0x36, 0x4f, 0x53, 0x2f, 0x32,
0x98, 0x22, 0x8b, 0x5a, 0x00, 0x00, 0x01, 0x30, 0x00, 0x00, 0x00, 0x60, 0x63, 0x6d, 0x61, 0x70,
0x3e, 0x5e, 0xfc, 0x9e, 0x00, 0x00, 0x03, 0xa0, 0x00, 0x00, 0x02, 0x1c, 0x67, 0x61, 0x73, 0x70,
0x00, 0x00, 0x00, 0x10, 0x00, 0x00, 0x6f, 0xcc, 0x00, 0x00, 0x00, 0x08, 0x68, 0x65, 0x61, 0x64,
0x0d, 0x24, 0x7e, 0x98, 0x00, 0x00, 0x00, 0xcc, 0x00, 0x00, 0x00, 0x36, 0x68, 0x68, 0x65, 0x61,
0x0e, 0xce, 0x09, 0xe8, 0x00, 0x00, 0x01, 0x04, 0x00, 0x00, 0x00, 0x24, 0x68, 0x6d, 0x74, 0x78,
0x38, 0x10, 0x33, 0x5d, 0x00, 0x00, 0x6f, 0xd4, 0x00, 0x00, 0x01, 0xc0, 0x6d, 0x61, 0x78, 0x70,
0x00, 0xdf, 0x50, 0x00, 0x00, 0x00, 0x01, 0x28, 0x00, 0x00, 0x00, 0x06, 0x6e, 0x61, 0x6d, 0x65,
0x2e, 0xce, 0x49, 0x2c, 0x00, 0x00, 0x01, 0x90, 0x00, 0x00, 0x02, 0x10, 0x70, 0x6f, 0x73, 0x74,
0xff, 0x63, 0x00, 0x64, 0x00, 0x00, 0x05, 0xbc, 0x00, 0x00, 0x00, 0x20, 0x70, 0x72, 0x65, 0x70,
0x68, 0x06, 0x8c, 0x85, 0x00, 0x00, 0x71, 0x94, 0x00, 0x00, 0x00, 0x07, 0x00, 0x01, 0x00, 0x00,
0x00, 0x03, 0x00, 0x42, 0xf6, 0xf0, 0x08, 0xff, 0x5f, 0x0f, 0x3c, 0xf5, 0x00, 0x0b, 0x08, 0x00,
0x00, 0x00, 0x00, 0x00, 0xc4, 0xf0, 0x11, 0x2e, 0x00, 0x00, 0x00, 0x00, 0xe4, 0x10, 0x21, 0xf3,
0xff, 0xae, 0xfd, 0xd5, 0x05, 0x52, 0x08, 0x62, 0x00, 0x03, 0x00, 0x09, 0x00, 0x02, 0x00, 0x00,
0x00, 0x00, 0x00, 0x00, 0x00, 0x01, 0x00, 0x00, 0x08, 0x62, 0xfd, 0xd5, 0x00, 0x00, 0x04, 0xb2,
0xff, 0xae, 0xff, 0x60, 0x05, 0x52, 0x08, 0x00, 0x01, 0x69, 0x00, 0x00, 0x00, 0x00, 0x00, 0x00,
0x00, 0x00, 0x00, 0x00, 0x00, 0x00, 0x00, 0x01, 0x00, 0x00, 0x50, 0x00, 0x00, 0xdf, 0x00, 0x00,
0x00, 0x04, 0x04, 0xb2, 0x02, 0xbc, 0x00, 0x05, 0x00, 0x00, 0x05, 0x9a, 0x05, 0x33, 0x00, 0x00,
0x01, 0x1f, 0x05, 0x9a, 0x05, 0x33, 0x00, 0x00, 0x03, 0xd1, 0x00, 0x66, 0x02, 0x00, 0x00, 0x00,
0x00, 0x00, 0x00, 0x00, 0x00, 0x00, 0x00, 0x00, 0x00, 0x00, 0x00, 0x00, 0x00, 0xaf, 0x00, 0x00,
0x00, 0x4a, 0x00, 0x00, 0x00, 0x20, 0x00, 0x00, 0x00, 0x00, 0x70, 0x79, 0x72, 0x73, 0x00, 0x21,
0x00, 0x20, 0xff, 0xfd, 0x08, 0x62, 0xfd, 0xd5, 0x00, 0x00, 0x08, 0x62, 0x02, 0x2b, 0x00, 0x00,
0x00, 0x01, 0x00, 0x00, 0x00, 0x00, 0x04, 0x3a, 0x05, 0xb0, 0x00, 0x00, 0x00, 0x20, 0x00, 0x01,
0x00, 0x00, 0x00, 0x08, 0x00, 0x66, 0x00, 0x03, 0x00, 0x01, 0x04, 0x09, 0x00, 0x00, 0x00, 0xb4,
0x00, 0x00, 0x00, 0x03, 0x00, 0x01, 0x04, 0x09, 0x00, 0x01, 0x00, 0x14, 0x00, 0xb4, 0x00, 0x03,
0x00, 0x01, 0x04, 0x09, 0x00, 0x02, 0x00, 0x14, 0x00, 0xc8, 0x00, 0x03, 0x00, 0x01, 0x04, 0x09,
0x00, 0x03, 0x00, 0x2c, 0x00, 0xdc, 0x00, 0x03, 0x00, 0x01, 0x04, 0x09, 0x00, 0x04, 0x00, 0x2a,
0x01, 0x08, 0x00, 0x03, 0x00, 0x01, 0x04, 0x09, 0x00, 0x05, 0x00, 0x1a, 0x01, 0x32, 0x00, 0x03,
0x00, 0x01, 0x04, 0x09, 0x00, 0x06, 0x00, 0x28, 0x01, 0x4c, 0x00, 0x03, 0x00, 0x01, 0x04, 0x09,
0x00, 0x0e, 0x00, 0x36, 0x01, 0x74, 0x00, 0x43, 0x00, 0x6f, 0x00, 0x70, 0x00, 0x79, 0x00, 0x72,
0x00, 0x69, 0x00, 0x67, 0x00, 0x68, 0x00, 0x74, 0x00, 0x20, 0x00, 0x32, 0x00, 0x30, 0x00, 0x31,
0x00, 0x35, 0x00, 0x20, 0x00, 0x54, 0x00, 0x68, 0x00, 0x65, 0x00, 0x20, 0x00, 0x52, 0x00, 0x6f,
0x00, 0x62, 0x00, 0x6f, 0x00, 0x74, 0x00, 0x6f, 0x00, 0x20, 0x00, 0x4d, 0x00, 0x6f, 0x00, 0x6e,
0x00, 0x6f, 0x00, 0x20, 0x00, 0x50, 0x00, 0x72, 0x00, 0x6f, 0x00, 0x6a, 0x00, 0x65, 0x00, 0x63,
0x00, 0x74, 0x00, 0x20, 0x00, 0x41, 0x00, 0x75, 0x00, 0x74, 0x00, 0x68, 0x00, 0x6f, 0x00, 0x72,
0x00, 0x73, 0x00, 0x20, 0x00, 0x28, 0x00, 0x68, 0x00, 0x74, 0x00, 0x74, 0x00, 0x70, 0x00, 0x73,
0x00, 0x3a, 0x00, 0x2f, 0x00, 0x2f, 0x00, 0x67, 0x00, 0x69, 0x00, 0x74, 0x00, 0x68, 0x00, 0x75,
0x00, 0x62, 0x00, 0x2e, 0x00, 0x63, 0x00, 0x6f, 0x00, 0x6d, 0x00, 0x2f, 0x00, 0x67, 0x00, 0x6f,
0x00, 0x6f, 0x00, 0x67, 0x00, 0x6c, 0x00, 0x65, 0x00, 0x66, 0x00, 0x6f, 0x00, 0x6e, 0x00, 0x74,
0x00, 0x73, 0x00, 0x2f, 0x00, 0x72, 0x00, 0x6f, 0x00, 0x62, 0x00, 0x6f, 0x00, 0x74, 0x00, 0x6f,
0x00, 0x6d, 0x00, 0x6f, 0x00, 0x6e, 0x00, 0x6f, 0x00, 0x29, 0x00, 0x57, 0x00, 0x69, 0x00, 0x74,
0x00, 0x63, 0x00, 0x68, 0x00, 0x20, 0x00, 0x4d, 0x00, 0x6f, 0x00, 0x6e, 0x00, 0x6f, 0x00, 0x42,
0x00, 0x6f, 0x00, 0x6c, 0x00, 0x64, 0x00, 0x49, 0x00, 0x74, 0x00, 0x61, 0x00, 0x6c, 0x00, 0x69,
0x00, 0x63, 0x00, 0x57, 0x00, 0x69, 0x00, 0x74, 0x00, 0x63, 0x00, 0x68, 0x00, 0x4d, 0x00, 0x6f,
0x00, 0x6e, 0x00, 0x6f, 0x00, 0x2d, 0x00, 0x42, 0x00, 0x6f, 0x00, 0x6c, 0x00, 0x64, 0x00, 0x49,
0x00, 0x74, 0x00, 0x61, 0x00, 0x6c, 0x00, 0x69, 0x00, 0x63, 0x00, 0x2d, 0x00, 0x31, 0x00, 0x57,
0x00, 0x69, 0x00, 0x74, 0x00, 0x63, 0x00, 0x68, 0x00, 0x20, 0x00, 0x4d, 0x00, 0x6f, 0x00, 0x6e,
0x00, 0x6f, 0x00, 0x20, 0x00, 0x42, 0x00, 0x6f, 0x00, 0x6c, 0x00, 0x64, 0x00, 0x49, 0x00, 0x74,
0x00, 0x61, 0x00, 0x6c, 0x00, 0x69, 0x00, 0x63, 0x00, 0x56, 0x00, 0x65, 0x00, 0x72, 0x00, 0x73,
0x00, 0x69, 0x00, 0x6f, 0x00, 0x6e, 0x00, 0x20, 0x00, 0x33, 0x00, 0x2e, 0x00, 0x30, 0x00, 0x30,
0x00, 0x31, 0x00, 0x57, 0x00, 0x69, 0x00, 0x74, 0x00, 0x63, 0x00, 0x68, 0x00, 0x4d, 0x00, 0x6f,
0x00, 0x6e, 0x00, 0x6f, 0x00, 0x2d, 0x00, 0x42, 0x00, 0x6f, 0x00, 0x6c, 0x00, 0x64, 0x00, 0x49,
0x00, 0x74, 0x00, 0x61, 0x00, 0x6c, 0x00, 0x69, 0x00, 0x63, 0x00, 0x68, 0x00, 0x74, 0x00, 0x74,
0x00, 0x70, 0x00, 0x73, 0x00, 0x3a, 0x00, 0x2f, 0x00, 0x2f, 0x00, 0x6f, 0x00, 0x70, 0x00, 0x65,
0x00, 0x6e, 0x00, 0x66, 0x00, 0x6f, 0x00, 0x6e, 0x00, 0x74, 0x00, 0x6c, 0x00, 0x69, 0x00, 0x63,
0x00, 0x65, 0x00, 0x6e, 0x00, 0x73, 0x00, 0x65, 0x00, 0x2e, 0x00, 0x6f, 0x00, 0x72, 0x00, 0x67,
0x00, 0x00, 0x00, 0x02, 0x00, 0x00, 0x00, 0x03, 0x00, 0x00, 0x00, 0x14, 0x00, 0x03, 0x00, 0x01,
0x00, 0x00, 0x00, 0x14, 0x00, 0x04, 0x02, 0x08, 0x00, 0x00, 0x00, 0x3c, 0x00, 0x20, 0x00, 0x04,
0x00, 0x1c, 0x00, 0x2f, 0x00, 0x39, 0x00, 0x40, 0x00, 0x5a, 0x00, 0x60, 0x00, 0x7a, 0x00, 0x7e,
0x00, 0xff, 0x01, 0x31, 0x01, 0x53, 0x01, 0x78, 0x01, 0x92, 0x02, 0xc6, 0x02, 0xdc, 0x03, 0xbc,
0x20, 0x14, 0x20, 0x1a, 0x20, 0x1e, 0x20, 0x22, 0x20, 0x26, 0x20, 0x30, 0x20, 0x3a, 0x20, 0xac,
0x21, 0x22, 0x22, 0x12, 0x22, 0x1e, 0x22, 0x60, 0x22, 0x65, 0xff, 0xfd, 0xff, 0xff, 0x00, 0x00,
0x00, 0x20, 0x00, 0x30, 0x00, 0x3a, 0x00, 0x41, 0x00, 0x5b, 0x00, 0x61, 0x00, 0x7b, 0x00, 0xa0,
0x01, 0x31, 0x01, 0x52, 0x01, 0x78, 0x01, 0x92, 0x02, 0xc6, 0x02, 0xdc, 0x03, 0xbc, 0x20, 0x13,
0x20, 0x18, 0x20, 0x1c, 0x20, 0x20, 0x20, 0x26, 0x20, 0x30, 0x20, 0x39, 0x20, 0xac, 0x21, 0x22,
0x22, 0x12, 0x22, 0x1e, 0x22, 0x60, 0x22, 0x64, 0xff, 0xfd, 0xff, 0xff, 0x00, 0x00, 0x00, 0x06,
0x00, 0x00, 0xff, 0xc1, 0x00, 0x00, 0xff, 0xbb, 0x00, 0x00, 0x00, 0x00, 0xff, 0xa7, 0xfe, 0xf8,
0xff, 0x39, 0xfe, 0xc2, 0xfe, 0x0a, 0xfd, 0xf5, 0xfd, 0x22, 0xe0, 0x50, 0xe0, 0x4f, 0xe0, 0x4e,
0x00, 0x00, 0xe0, 0x38, 0xe0, 0x54, 0xe0, 0x3a, 0xe0, 0x2d, 0xdf, 0x69, 0xde, 0x64, 0xde, 0xbc,
0xde, 0x1b, 0xde, 0x1a, 0x00, 0x5b, 0x00, 0x01, 0x00, 0x3c, 0x00, 0x00, 0x00, 0x58, 0x00, 0x00,
0x00, 0x62, 0x00, 0x00, 0x00, 0x6a, 0x00, 0x70, 0x00, 0x00, 0x00, 0x00, 0x00, 0x00, 0x00, 0x00,
0x00, 0x00, 0x00, 0x00, 0x00, 0x00, 0x00, 0x00, 0x00, 0x00, 0x00, 0x00, 0x01, 0x1a, 0x00, 0x00,
0x00, 0x00, 0x00, 0x00, 0x00, 0x00, 0x00, 0x00, 0x00, 0x00, 0x00, 0x00, 0x00, 0x00, 0x00, 0x00,
0x00, 0x00, 0x00, 0x00, 0x00, 0x01, 0x00, 0x56, 0x00, 0x66, 0x00, 0x8e, 0x00, 0x50, 0x00, 0x83,
0x00, 0x8f, 0x00, 0x65, 0x00, 0x6d, 0x00, 0x6e, 0x00, 0x8d, 0x00, 0x75, 0x00, 0x5a, 0x00, 0x62,
0x00, 0x5b, 0x00, 0x81, 0x00, 0x5c, 0x00, 0x5d, 0x00, 0x7c, 0x00, 0x7a, 0x00, 0x7d, 0x00, 0x58,
0x00, 0x90, 0x00, 0x6f, 0x00, 0x82, 0x00, 0x70, 0x00, 0x93, 0x00, 0x61, 0x00, 0xce, 0x00, 0x71,
0x00, 0x85, 0x00, 0x72, 0x00, 0x94, 0x00, 0xdc, 0x00, 0x57, 0x00, 0x51, 0x00, 0x52, 0x00, 0x55,
0x00, 0x53, 0x00, 0x86, 0x00, 0x91, 0x00, 0xd3, 0x00, 0x89, 0x00, 0x43, 0x00, 0xd5, 0x00, 0x80,
0x00, 0xdd, 0x00, 0x8a, 0x00, 0xd2, 0x00, 0x8c, 0x00, 0x77, 0x00, 0x41, 0x00, 0x42, 0x00, 0xcf,
0x00, 0xd6, 0x00, 0x92, 0x00, 0x5f, 0x00, 0xd4, 0x00, 0x40, 0x00, 0x44, 0x00, 0xd7, 0x00, 0x46,
0x00, 0x45, 0x00, 0x47, 0x00, 0x59, 0x00, 0x98, 0x00, 0x95, 0x00, 0x96, 0x00, 0x9a, 0x00, 0x97,
0x00, 0x99, 0x00, 0x48, 0x00, 0x9b, 0x00, 0x9f, 0x00, 0x9c, 0x00, 0x9d, 0x00, 0x9e, 0x00, 0xa4,
0x00, 0xa1, 0x00, 0xa2, 0x00, 0xa3, 0x00, 0xa0, 0x00, 0xa5, 0x00, 0xa9, 0x00, 0xa6, 0x00, 0xa7,
0x00, 0xab, 0x00, 0xa8, 0x00, 0x78, 0x00, 0xaa, 0x00, 0xaf, 0x00, 0xac, 0x00, 0xad, 0x00, 0xae,
0x00, 0xb0, 0x00, 0x4d, 0x00, 0x4f, 0x00, 0xb5, 0x00, 0xb2, 0x00, 0xb3, 0x00, 0xb7, 0x00, 0xb4,
0x00, 0xb6, 0x00, 0x49, 0x00, 0xb8, 0x00, 0xbc, 0x00, 0xb9, 0x00, 0xba, 0x00, 0xbb, 0x00, 0xc0,
0x00, 0xbd, 0x00, 0xbe, 0x00, 0xbf, 0x00, 0x4c, 0x00, 0xc1, 0x00, 0xc5, 0x00, 0xc2, 0x00, 0xc3,
0x00, 0xc7, 0x00, 0xc4, 0x00, 0x79, 0x00, 0xc6, 0x00, 0xcb, 0x00, 0xc8, 0x00, 0xc9, 0x00, 0xca,
0x00, 0xcc, 0x00, 0x4e, 0x00, 0xcd, 0x00, 0x87, 0x00, 0x88, 0x00, 0x60, 0x00, 0x03, 0x00, 0x00,
0xff, 0xf6, 0x00, 0x00, 0xff, 0x6a, 0x00, 0x64, 0x00, 0x00, 0x00, 0x00, 0x00, 0x00, 0x00, 0x00,
0x00, 0x00, 0x00, 0x00, 0x00, 0x00, 0x00, 0x00, 0x00, 0x00, 0x00, 0x00, 0x01, 0x00, 0x04, 0x02,
0x00, 0x01, 0x01, 0x01, 0x15, 0x57, 0x69, 0x74, 0x63, 0x68, 0x4d, 0x6f, 0x6e, 0x6f, 0x2d, 0x42,
0x6f, 0x6c, 0x64, 0x49, 0x74, 0x61, 0x6c, 0x69, 0x63, 0x00, 0x01, 0x01, 0x01, 0x42, 0xf8, 0x24,
0x00, 0xf8, 0x25, 0x01, 0xf8, 0x26, 0x0c, 0x00, 0xf8, 0x27, 0x02, 0xf8, 0x28, 0x03, 0x81, 0x0c,
0x02, 0xfb, 0x2a, 0x0c, 0x03, 0xef, 0x0c, 0x04, 0x1e, 0x48, 0x82, 0x8c, 0x8f, 0x8b, 0x8b, 0x1e,
0x48, 0x82, 0x8c, 0x8f, 0x8b, 0x8b, 0x0c, 0x07, 0x39, 0xfc, 0xbf, 0x1c, 0x05, 0x52, 0x1c, 0x08,
0x62, 0x05, 0x1c, 0x16, 0x8b, 0x0f, 0x91, 0x1c, 0x56, 0xc3, 0x12, 0x1c, 0x17, 0xb8, 0x11, 0x00,
0x0e, 0x01, 0x01, 0x09, 0x12, 0x1e, 0x22, 0x2a, 0x31, 0x41, 0x48, 0x4f, 0x52, 0x77, 0xcb, 0xe0,
0xea, 0x6e, 0x6f, 0x74, 0x65, 0x71, 0x75, 0x61, 0x6c, 0x6c, 0x65, 0x73, 0x73, 0x65, 0x71, 0x75,
0x61, 0x6c, 0x67, 0x72, 0x65, 0x61, 0x74, 0x65, 0x72, 0x65, 0x71, 0x75, 0x61, 0x6c, 0x45, 0x75,
0x72, 0x6f, 0x69, 0x6e, 0x66, 0x69, 0x6e, 0x69, 0x74, 0x79, 0x75, 0x6e, 0x69, 0x46, 0x46, 0x46,
0x44, 0x6e, 0x6f, 0x6e, 0x62, 0x72, 0x65, 0x61, 0x6b, 0x69, 0x6e, 0x67, 0x73, 0x70, 0x61, 0x63,
0x65, 0x75, 0x6e, 0x69, 0x30, 0x30, 0x41, 0x44, 0x75, 0x6e, 0x69, 0x30, 0x33, 0x42, 0x43, 0x33,
0x2e, 0x31, 0x52, 0x6f, 0x62, 0x6f, 0x74, 0x6f, 0x20, 0x4d, 0x6f, 0x6e, 0x6f, 0x20, 0x69, 0x73,
0x20, 0x61, 0x20, 0x74, 0x72, 0x61, 0x64, 0x65, 0x6d, 0x61, 0x72, 0x6b, 0x20, 0x6f, 0x66, 0x20,
0x47, 0x6f, 0x6f, 0x67, 0x6c, 0x65, 0x2e, 0x43, 0x6f, 0x70, 0x79, 0x72, 0x69, 0x67, 0x68, 0x74,
0x20, 0x32, 0x30, 0x31, 0x35, 0x20, 0x54, 0x68, 0x65, 0x20, 0x52, 0x6f, 0x62, 0x6f, 0x74, 0x6f,
0x20, 0x4d, 0x6f, 0x6e, 0x6f, 0x20, 0x50, 0x72, 0x6f, 0x6a, 0x65, 0x63, 0x74, 0x20, 0x41, 0x75,
0x74, 0x68, 0x6f, 0x72, 0x73, 0x20, 0x68, 0x74, 0x74, 0x70, 0x73, 0x3a, 0x67, 0x69, 0x74, 0x68,
0x75, 0x62, 0x2e, 0x63, 0x6f, 0x6d, 0x67, 0x6f, 0x6f, 0x67, 0x6c, 0x65, 0x66, 0x6f, 0x6e, 0x74,
0x73, 0x72, 0x6f, 0x62, 0x6f, 0x74, 0x6f, 0x6d, 0x6f, 0x6e, 0x6f, 0x57, 0x69, 0x74, 0x63, 0x68,
0x20, 0x4d, 0x6f, 0x6e, 0x6f, 0x20, 0x42, 0x6f, 0x6c, 0x64, 0x49, 0x74, 0x61, 0x6c, 0x69, 0x63,
0x57, 0x69, 0x74, 0x63, 0x68, 0x20, 0x4d, 0x6f, 0x6e, 0x6f, 0x00, 0x6d, 0x02, 0x00, 0x01, 0x00,
0x5a, 0x00, 0x76, 0x00, 0x83, 0x01, 0xcb, 0x02, 0x55, 0x02, 0x5d, 0x02, 0x63, 0x02, 0x9c, 0x02,
0xcd, 0x02, 0xd2, 0x02, 0xd7, 0x02, 0xdc, 0x02, 0xe2, 0x03, 0x5d, 0x04, 0xac, 0x04, 0xdd, 0x05,
0xee, 0x06, 0x6e, 0x06, 0x71, 0x06, 0x97, 0x06, 0x9d, 0x06, 0xa3, 0x06, 0xa9, 0x06, 0xe8, 0x07,
0x0e, 0x07, 0x22, 0x07, 0x3e, 0x07, 0x46, 0x07, 0x4c, 0x08, 0x17, 0x08, 0x80, 0x08, 0xa6, 0x08,
0xd7, 0x09, 0x00, 0x09, 0x13, 0x09, 0x18, 0x09, 0x1e, 0x09, 0x21, 0x09, 0x45, 0x09, 0x76, 0x09,
0xa2, 0x09, 0xc8, 0x09, 0xdc, 0x09, 0xec, 0x09, 0xf9, 0x0a, 0x03, 0x0a, 0x10, 0x0a, 0x15, 0x0b,
0xec, 0x0c, 0xc8, 0x0d, 0x7b, 0x0d, 0xcb, 0x0d, 0xde, 0x0e, 0x20, 0x0e, 0xa0, 0x0f, 0x15, 0x0f,
0x7e, 0x0f, 0xc0, 0x0f, 0xe3, 0x10, 0x1d, 0x10, 0x37, 0x10, 0x6d, 0x10, 0xa4, 0x10, 0xce, 0x10,
0xff, 0x11, 0x17, 0x11, 0x2c, 0x11, 0x4d, 0x11, 0x75, 0x11, 0x8c, 0x11, 0xb3, 0x11, 0xd8, 0x11,
0xfa, 0x12, 0x1b, 0x12, 0x3c, 0x12, 0x59, 0x12, 0x76, 0x12, 0x8f, 0x12, 0xaa, 0x12, 0xc2, 0x12,
0xdb, 0x12, 0xea, 0x12, 0xff, 0x13, 0x13, 0x13, 0x26, 0x13, 0x39, 0x13, 0x40, 0x13, 0x4f, 0x13,
0x5f, 0x13, 0x70, 0x13, 0x80, 0x13, 0x8f, 0x13, 0x9d, 0x13, 0xab, 0x13, 0xae, 0x13, 0xbb, 0x13,
0xc8, 0x13, 0xd5, 0x13, 0xe2, 0x13, 0xee, 0x13, 0xfa, 0x14, 0x06, 0x14, 0x12, 0x14, 0x1e, 0x14,
0x26, 0x14, 0x2e, 0x14, 0x39, 0x14, 0x44, 0x14, 0x4f, 0x15, 0xb0, 0x98, 0xaa, 0xa5, 0xa3, 0x1e,
0xa5, 0xa3, 0xaa, 0x98, 0xaf, 0x8c, 0x08, 0xae, 0xa9, 0x80, 0x74, 0xa6, 0x1f, 0xa6, 0x74, 0x99,
0x6e, 0x67, 0x1a, 0x65, 0x7e, 0x6d, 0x71, 0x73, 0x1e, 0x71, 0x74, 0x3c, 0x1d, 0x66, 0x6c, 0x96,
0x3b, 0x1d, 0xae, 0x1a, 0xf8, 0x66, 0x16, 0xb0, 0x98, 0xa9, 0xa4, 0xa4, 0x1e, 0xa4, 0xa3, 0xaa,
0x97, 0xb0, 0x8c, 0xac, 0x8c, 0xaa, 0x80, 0xa7, 0x74, 0x08, 0xa7, 0x75, 0x99, 0x6e, 0x66, 0x1a,
0x65, 0x7e, 0x6c, 0x71, 0x73, 0x1e, 0x70, 0x73, 0x3c, 0x1d, 0x67, 0x6c, 0x97, 0x3b, 0x1d, 0xaf,
0x1a, 0x0e, 0x15, 0x89, 0x6d, 0xfb, 0x65, 0x8c, 0xfb, 0x12, 0xf7, 0x12, 0xfb, 0x3f, 0xfb, 0x11,
0xfb, 0x6f, 0x89, 0x8d, 0xab, 0xf7, 0xcd, 0xf7, 0x84, 0x05, 0xf7, 0x2f, 0x06, 0x0e, 0x15, 0xfb,
0x5a, 0x06, 0xfb, 0x69, 0xf7, 0xab, 0x05, 0xf7, 0xae, 0x06, 0x0e, 0xf9, 0x50, 0x16, 0x86, 0x9c,
0x88, 0x9c, 0x8a, 0x9c, 0x8a, 0x9b, 0x8a, 0x9c, 0x8c, 0x9c, 0x7c, 0x7e, 0x7c, 0x7e, 0x7c, 0x80,
0x7c, 0x7f, 0x7b, 0x80, 0x7b, 0x82, 0x6c, 0x7a, 0x6b, 0x7e, 0x68, 0x82, 0x68, 0x82, 0x67, 0x86,
0x64, 0x8c, 0x5e, 0x8c, 0x60, 0x93, 0x62, 0x9a, 0x08, 0x62, 0x9a, 0x67, 0xa0, 0x6d, 0xa6, 0x6c,
0xa6, 0x74, 0xab, 0x7a, 0xb2, 0x7a, 0xb2, 0x84, 0xb6, 0x8d, 0xbb, 0x8d, 0xbb, 0x94, 0xb5, 0x9c,
0xb0, 0x9b, 0xb0, 0xa0, 0xab, 0xa6, 0xa6, 0xa6, 0xa6, 0xa9, 0xa2, 0xae, 0x9e, 0xae, 0x9d, 0xb0,
0x9a, 0xb2, 0x96, 0x08, 0xb2, 0x96, 0xb4, 0x93, 0xb5, 0x90, 0x08, 0x90, 0xb4, 0xb4, 0x8d, 0xb4,
0x1b, 0xf7, 0x30, 0x89, 0x98, 0xce, 0x8f, 0xa5, 0x8a, 0xa2, 0x86, 0xa0, 0x19, 0x85, 0xa0, 0x81,
0x9c, 0x7e, 0x9a, 0x7d, 0x99, 0x7a, 0x96, 0x76, 0x93, 0x76, 0x92, 0x74, 0x8f, 0x71, 0x8c, 0x73,
0x8c, 0x75, 0x88, 0x77, 0x86, 0x76, 0x85, 0x79, 0x82, 0x7c, 0x7f, 0x7c, 0x80, 0x7f, 0x7e, 0x82,
0x7a, 0x81, 0x7a, 0x84, 0x77, 0x86, 0x75, 0xfb, 0xa3, 0x89, 0x18, 0x8f, 0xc7, 0x9c, 0xbf, 0xa9,
0xb7, 0xa9, 0xb6, 0xb1, 0xaf, 0xb8, 0xa8, 0xb8, 0xa7, 0xbe, 0xa0, 0xc2, 0x98, 0xc2, 0x98, 0xc1,
0x91, 0xc1, 0x8a, 0xc4, 0x8a, 0xc0, 0x82, 0xbe, 0x7a, 0xbe, 0x7a, 0xb7, 0x73, 0xb0, 0x6c, 0xb0,
0x6b, 0xa7, 0x64, 0x9e, 0x5c, 0x08, 0x9e, 0x5c, 0x91, 0x55, 0x85, 0x4d, 0x40, 0xfc, 0x65, 0x18,
0x85, 0x64, 0x87, 0x63, 0x88, 0x62, 0x88, 0x62, 0x90, 0x63, 0x99, 0x64, 0x8a, 0x79, 0x18, 0xfc,
0x90, 0xf7, 0x56, 0x15, 0xa6, 0x8a, 0xa6, 0x8e, 0xa5, 0x92, 0xa5, 0x92, 0xa3, 0x95, 0xa2, 0x98,
0x9b, 0x94, 0x9b, 0x96, 0x9a, 0x98, 0x9a, 0x98, 0x98, 0x99, 0x98, 0x9a, 0xad, 0xf7, 0x4f, 0x18,
0xfb, 0x0f, 0x8c, 0x05, 0x70, 0x70, 0x89, 0x86, 0x70, 0x1f, 0x70, 0x86, 0x71, 0x84, 0x73, 0x81,
0x7c, 0x83, 0x7c, 0x82, 0x7c, 0x82, 0x7c, 0x81, 0x7f, 0x7f, 0x80, 0x7d, 0x82, 0x80, 0x84, 0x7e,
0x85, 0x7c, 0x85, 0x7c, 0x87, 0x7b, 0x88, 0x79, 0x88, 0x76, 0x8d, 0x79, 0x90, 0x7c, 0x90, 0x7c,
0x94, 0x7e, 0x96, 0x81, 0x08, 0x96, 0x81, 0x99, 0x83, 0x9c, 0x86, 0x08, 0x86, 0x9b, 0x9d, 0x88,
0x9e, 0x1b, 0x0b, 0xf8, 0xc0, 0x77, 0x15, 0x41, 0x8c, 0x48, 0x99, 0x50, 0xa6, 0x4f, 0xa6, 0x59,
0xb0, 0x62, 0xba, 0x62, 0xb9, 0x6c, 0xc1, 0x78, 0xca, 0x78, 0xca, 0x84, 0xcf, 0x92, 0xd4, 0x8f,
0xb4, 0x18, 0x92, 0xc7, 0x99, 0xc5, 0xa1, 0xc3, 0xa0, 0xc3, 0xa7, 0xbe, 0xad, 0xba, 0xa3, 0xaa,
0xa5, 0xa8, 0xa8, 0xa6, 0xa7, 0xa6, 0xaa, 0xa2, 0xac, 0x9f, 0xb4, 0xa4, 0xb8, 0x9e, 0xbc, 0x99,
0xbc, 0x98, 0xbe, 0x91, 0xc1, 0x8a, 0xd6, 0x89, 0xcc, 0x7b, 0xc2, 0x6e, 0x08, 0xc2, 0x6e, 0xb7,
0x64, 0xad, 0x5a, 0xac, 0x5a, 0xa2, 0x52, 0x98, 0x4c, 0x97, 0x4c, 0x8d, 0x48, 0x82, 0x45, 0x79,
0xfb, 0x0a, 0x18, 0xfd, 0x57, 0x06, 0x8a, 0x68, 0x8f, 0x6b, 0x95, 0x6e, 0x95, 0x6d, 0x9a, 0x71,
0x9e, 0x75, 0x70, 0x1d, 0xf7, 0x0f, 0xfb, 0x2b, 0x18, 0x5b, 0x48, 0x4a, 0x5a, 0x3a, 0x6b, 0x39,
0x6b, 0x37, 0x7b, 0x35, 0x8c, 0x08, 0xf7, 0x01, 0xfa, 0x16, 0x5b, 0x1d, 0x0b, 0x06, 0xf7, 0x91,
0x1c, 0x05, 0xb0, 0x05, 0x0b, 0x06, 0xab, 0xf7, 0x48, 0x05, 0x0b, 0x1c, 0x04, 0xc1, 0x1c, 0x05,
0xb0, 0x15, 0xfb, 0x37, 0xfe, 0x58, 0x80, 0x40, 0x76, 0x45, 0x6e, 0x4c, 0x19, 0x6e, 0x4c, 0x65,
0x54, 0x5c, 0x5e, 0x5c, 0x5d, 0x54, 0x68, 0x4c, 0x72, 0x4b, 0x72, 0x43, 0x7f, 0x3c, 0x8d, 0x42,
0x8c, 0x4c, 0x9a, 0x56, 0xa7, 0x56, 0xa6, 0x60, 0xb0, 0x6a, 0xba, 0x6a, 0xb9, 0x75, 0xc1, 0x7e,
0xc8, 0x54, 0x1d, 0x0b, 0x15, 0x84, 0x60, 0x7f, 0x62, 0x7c, 0x63, 0x7c, 0x63, 0x78, 0x65, 0x74,
0x67, 0x74, 0x66, 0x72, 0x69, 0x6e, 0x6b, 0x6e, 0x6b, 0x6d, 0x6e, 0x6a, 0x70, 0xfb, 0x22, 0xd9,
0x18, 0xac, 0xc1, 0xa9, 0xc1, 0xa5, 0xc1, 0xa4, 0xc0, 0x9e, 0xc6, 0x96, 0xca, 0xb3, 0xf7, 0x7e,
0x18, 0xf7, 0x93, 0x06, 0x0e, 0x1c, 0x05, 0xb0, 0x05, 0x0b, 0xf9, 0x10, 0x68, 0x1d, 0x0b, 0x05,
0xf7, 0xa3, 0x06, 0x0b, 0x06, 0x63, 0xfb, 0x76, 0x05, 0x0b, 0x15, 0x76, 0x50, 0x9d, 0x87, 0x9b,
0x85, 0x9a, 0x83, 0x19, 0x99, 0x83, 0x97, 0x81, 0x95, 0x80, 0x98, 0x7c, 0x94, 0x7a, 0x92, 0x78,
0x91, 0x77, 0x8e, 0x75, 0x8a, 0x74, 0x8a, 0x6b, 0x86, 0x6f, 0x80, 0x72, 0x80, 0x72, 0x7d, 0x76,
0x79, 0x7a, 0x78, 0x79, 0x76, 0x7c, 0x73, 0x7f, 0x73, 0x7f, 0x72, 0x81, 0x70, 0x84, 0x08, 0x70,
0x84, 0x6f, 0x85, 0x6f, 0x88, 0x6f, 0x87, 0x70, 0x89, 0x71, 0x8a, 0x91, 0xf7, 0x38, 0x18, 0x9a,
0x8c, 0x99, 0x8d, 0x9a, 0x8e, 0x9a, 0x8e, 0x98, 0x90, 0x98, 0x92, 0x97, 0x92, 0x95, 0x94, 0x94,
0x96, 0x94, 0x96, 0x91, 0x99, 0x8e, 0x9c, 0x8e, 0x9c, 0x88, 0x99, 0x83, 0x94, 0x83, 0x94, 0x80,
0x92, 0x7e, 0x90, 0x7e, 0x8f, 0x7c, 0x8e, 0x7c, 0x8c, 0x08, 0x7b, 0x8c, 0x7d, 0x8c, 0x80, 0x8c,
0xb7, 0xf7, 0x20, 0x18, 0x0e, 0xf9, 0x93, 0xf7, 0xc3, 0x15, 0x8e, 0x9c, 0x8a, 0x99, 0x84, 0x98,
0x84, 0x97, 0x82, 0x96, 0x7f, 0x94, 0x81, 0x92, 0x7f, 0x92, 0x7d, 0x91, 0x7d, 0x91, 0x7d, 0x90,
0x7d, 0x8e, 0x6f, 0x91, 0x71, 0x91, 0x73, 0x91, 0x72, 0x90, 0x74, 0x91, 0x76, 0x90, 0x62, 0x96,
0x66, 0x97, 0x6a, 0x99, 0x08, 0x6a, 0x98, 0x6b, 0x9d, 0x6c, 0xa0, 0x66, 0xa4, 0x6c, 0xa9, 0x74,
0xb0, 0x74, 0xb0, 0x80, 0xb7, 0x8d, 0xbe, 0x8d, 0xce, 0xa0, 0xc5, 0xb2, 0xba, 0xb2, 0xba, 0xbb,
0xb0, 0xc4, 0xa6, 0xb4, 0x9e, 0xb8, 0x9a, 0xbd, 0x96, 0xbc, 0x95, 0xbb, 0x90, 0xb9, 0x8a, 0x08,
0xc2, 0x8a, 0xc0, 0x84, 0xbf, 0x7e, 0xbf, 0x7d, 0xba, 0x76, 0xb4, 0x6e, 0xb4, 0x6e, 0xac, 0x67,
0xa4, 0x60, 0x08, 0xa4, 0x5f, 0x97, 0x57, 0x4e, 0x1a, 0xfb, 0xa2, 0x8c, 0x8c, 0xa5, 0x87, 0xa1,
0x82, 0x9e, 0x19, 0x82, 0x9e, 0x7e, 0x9a, 0x7b, 0x97, 0x7b, 0x96, 0x78, 0x94, 0x76, 0x91, 0x08,
0x90, 0x75, 0x74, 0x8e, 0x72, 0x1b, 0x76, 0x75, 0x89, 0x87, 0x74, 0x1f, 0x74, 0x87, 0x75, 0x84,
0x76, 0x82, 0x76, 0x81, 0x7a, 0x7e, 0x7c, 0x7b, 0x7c, 0x7a, 0x81, 0x77, 0x87, 0x73, 0x86, 0x72,
0x8f, 0x76, 0x98, 0x7c, 0x98, 0x7c, 0x9b, 0x7f, 0x9f, 0x82, 0x9f, 0x82, 0xa1, 0x84, 0xa2, 0x86,
0xa2, 0x86, 0xa0, 0x87, 0x9c, 0x88, 0x08, 0xa6, 0x86, 0xa6, 0x85, 0xa8, 0x84, 0xa8, 0x84, 0xa7,
0x82, 0xa6, 0x81, 0x9e, 0x84, 0x9d, 0x84, 0x9d, 0x83, 0x9d, 0x83, 0x9c, 0x82, 0x9b, 0x81, 0xb2,
0x72, 0xac, 0x6c, 0xa4, 0x65, 0xa4, 0x65, 0x96, 0x5c, 0x88, 0x53, 0x88, 0x47, 0x76, 0x53, 0x65,
0x5e, 0x08, 0x65, 0x5e, 0x5d, 0x67, 0x55, 0x71, 0x5b, 0x76, 0x58, 0x7b, 0x55, 0x81, 0x54, 0x81,
0x58, 0x86, 0x5b, 0x8c, 0x54, 0x8c, 0x54, 0x93, 0x56, 0x9a, 0x56, 0x9a, 0x5b, 0xa2, 0x61, 0xaa,
0x60, 0xa9, 0x69, 0xb1, 0x71, 0xb8, 0x08, 0x70, 0xb8, 0x7e, 0xc0, 0xc8, 0x1a, 0xf7, 0x95, 0x8a,
0x8c, 0x6e, 0x92, 0x72, 0x96, 0x76, 0x19, 0x96, 0x76, 0x9b, 0x7b, 0x9e, 0x7e, 0x9e, 0x7e, 0xa0,
0x81, 0xa4, 0x85, 0x08, 0x85, 0xa3, 0xa5, 0x88, 0xa6, 0x1b, 0xa0, 0xa2, 0x8d, 0x8e, 0xa4, 0x1f,
0xa4, 0x8e, 0xa2, 0x92, 0xa2, 0x94, 0xa1, 0x94, 0x9e, 0x97, 0x9c, 0x9b, 0x9b, 0x9b, 0x95, 0xa0,
0x90, 0xa4, 0x08, 0x0b, 0xc2, 0x9d, 0xb9, 0xaf, 0xaf, 0x1e, 0xb0, 0xaf, 0xb9, 0x9d, 0xc3, 0x1b,
0xc0, 0xb6, 0x7a, 0x6a, 0xad, 0x1f, 0xae, 0x69, 0x9c, 0x60, 0x58, 0x1a, 0x54, 0x78, 0x5d, 0x66,
0x68, 0x1e, 0x68, 0x65, 0x5e, 0x79, 0x56, 0x1b, 0x56, 0x60, 0x9b, 0xac, 0x69, 0x1f, 0x68, 0xac,
0x7a, 0xb5, 0xbe, 0x1a, 0x0b, 0xf9, 0xcf, 0xf8, 0x17, 0x15, 0x90, 0xae, 0x87, 0xa8, 0x80, 0xa4,
0x7f, 0xa4, 0x7a, 0xa0, 0x76, 0x9d, 0x75, 0x1d, 0x81, 0x1d, 0x08, 0x74, 0xbb, 0x82, 0xc2, 0x8f,
0xc9, 0x8f, 0xd0, 0x9e, 0xc8, 0xad, 0xbf, 0xad, 0xbf, 0xb6, 0xb6, 0xbe, 0xae, 0xbe, 0xae, 0xc5,
0xa4, 0xca, 0x9c, 0xca, 0x9c, 0xca, 0x92, 0xca, 0x8a, 0x80, 0x1d, 0x08, 0xb3, 0x64, 0xaa, 0x5d,
0xa1, 0x54, 0xa0, 0x54, 0x95, 0x4e, 0x89, 0x47, 0xfb, 0x9e, 0x8c, 0x18, 0x8c, 0xac, 0x87, 0xa9,
0x83, 0xa6, 0x82, 0xa6, 0x7f, 0xa3, 0x7a, 0x9e, 0x7a, 0x9e, 0x75, 0x9a, 0x72, 0x96, 0x71, 0x96,
0x6d, 0x90, 0x68, 0x8c, 0x6e, 0x8c, 0x6e, 0x87, 0x6e, 0x84, 0x6e, 0x83, 0x70, 0x7f, 0x73, 0x7c,
0x73, 0x7b, 0x77, 0x77, 0x7a, 0x74, 0x08, 0x7a, 0x73, 0x81, 0x6f, 0x87, 0x6b, 0x87, 0x69, 0x91,
0x6e, 0x9a, 0x74, 0x9a, 0x73, 0xa0, 0x77, 0xa5, 0x7b, 0xa4, 0x7a, 0xa7, 0x7e, 0xa9, 0x80, 0xa9,
0x80, 0xa6, 0x81, 0xa4, 0x83, 0xc0, 0x79, 0xbd, 0x75, 0xbb, 0x70, 0xbb, 0x70, 0xb5, 0x6a, 0xaf,
0x66, 0x08, 0xae, 0x66, 0xa7, 0x60, 0x9f, 0x5a, 0x9e, 0x5a, 0x93, 0x54, 0x87, 0x4e, 0x86, 0x45,
0x78, 0x4f, 0x6b, 0x5a, 0x6a, 0x59, 0x63, 0x60, 0x5b, 0x68, 0x59, 0x66, 0x52, 0x70, 0x4a, 0x7c,
0x4a, 0x7b, 0x4a, 0x84, 0x49, 0x8c, 0x45, 0x8c, 0x4a, 0x97, 0x4e, 0xa1, 0x08, 0x4e, 0xa0, 0x57,
0xaa, 0x5e, 0xb4, 0x5e, 0xb4, 0x69, 0xbc, 0x73, 0xc5, 0x72, 0xc4, 0x80, 0xcd, 0x8d, 0xd4, 0xf7,
0xa0, 0x8a, 0x18, 0x8a, 0x64, 0x8f, 0x68, 0x95, 0x6c, 0x95, 0x6c, 0x9a, 0x71, 0x9f, 0x76, 0x9e,
0x76, 0xa4, 0x7c, 0xaa, 0x80, 0xaa, 0x80, 0xae, 0x85, 0xb3, 0x8a, 0x08, 0xa8, 0xa9, 0x8f, 0x92,
0xa8, 0x1f, 0xa8, 0x92, 0xa5, 0x96, 0xa3, 0x9a, 0xa3, 0x9a, 0x9f, 0x9e, 0x9c, 0xa2, 0x9c, 0xa2,
0x95, 0xa6, 0x90, 0xab, 0x08, 0x0b, 0xab, 0x16, 0xf7, 0x50, 0xfa, 0xce, 0xf7, 0x88, 0x8c, 0x79,
0xfb, 0x2c, 0x9c, 0xa0, 0x9e, 0x9e, 0x9e, 0x9d, 0x19, 0x9e, 0x9d, 0x9f, 0x9b, 0xa0, 0x99, 0xaa,
0xa0, 0xae, 0x9c, 0xb0, 0x96, 0xb0, 0x96, 0xb2, 0x91, 0xb5, 0x8a, 0xca, 0x8a, 0xbf, 0x7e, 0xb4,
0x72, 0xb4, 0x72, 0xab, 0x6b, 0xa2, 0x62, 0xa2, 0x62, 0x9b, 0x5d, 0x92, 0x58, 0x92, 0x57, 0x8c,
0x55, 0x85, 0x54, 0xfb, 0x03, 0xfd, 0x2e, 0x18, 0xfb, 0xa3, 0x06, 0xf7, 0x02, 0xf9, 0x2b, 0x8e,
0xaa, 0x8c, 0xa8, 0x88, 0xa5, 0x19, 0x88, 0xa4, 0x83, 0xa1, 0x80, 0x9e, 0x7f, 0x9e, 0x7a, 0x99,
0x76, 0x96, 0x75, 0x96, 0x6f, 0x90, 0x69, 0x8c, 0x74, 0x8c, 0x76, 0x89, 0x76, 0x86, 0x76, 0x86,
0x78, 0x83, 0x79, 0x81, 0x7a, 0x82, 0x7a, 0x80, 0x7c, 0x7e, 0x7c, 0x7e, 0x7c, 0x7c, 0x7d, 0x7b,
0xfb, 0x1b, 0xfd, 0x96, 0x18, 0x0b, 0x47, 0x1d, 0x0e, 0xfa, 0x4f, 0x16, 0xfb, 0x9f, 0x06, 0xfb,
0x7c, 0xfa, 0x49, 0xfb, 0x39, 0xfe, 0x49, 0x05, 0xfb, 0xa8, 0x06, 0xf7, 0x90, 0x29, 0x1d, 0xf7,
0xa3, 0x06, 0xf7, 0x79, 0xfe, 0x45, 0xf7, 0x3a, 0xfa, 0x45, 0x05, 0xf7, 0xa7, 0x06, 0x0b, 0x94,
0x74, 0x90, 0x72, 0x8a, 0x0b, 0x82, 0x82, 0x84, 0x81, 0x85, 0x0b, 0x06, 0x63, 0xfb, 0x77, 0x05,
0x0b, 0xf7, 0x13, 0x16, 0xac, 0x29, 0x1d, 0xf7, 0x8c, 0x06, 0x6b, 0xfd, 0x8c, 0x87, 0x24, 0xa9,
0xef, 0xf7, 0x75, 0xf9, 0x8f, 0x05, 0xf7, 0x59, 0x06, 0x81, 0xfd, 0x94, 0x8a, 0x23, 0xa6, 0xef,
0xf7, 0x68, 0xf9, 0x98, 0x05, 0xf7, 0x93, 0x06, 0xfc, 0x3b, 0x1c, 0xfa, 0x50, 0x05, 0xfb, 0x8c,
0x06, 0x8c, 0xf9, 0x7a, 0x05, 0xf7, 0x05, 0x07, 0x6b, 0x24, 0xfb, 0x7a, 0xfd, 0x84, 0x05, 0x0b,
0xf8, 0x04, 0xf7, 0x77, 0x15, 0xf9, 0x49, 0x06, 0x68, 0xfb, 0x77, 0x05, 0xfe, 0x9e, 0x06, 0xa8,
0xf7, 0x4b, 0xf9, 0xdd, 0xfa, 0xa8, 0x05, 0xfd, 0x39, 0x06, 0xb0, 0xf7, 0x79, 0x05, 0xfa, 0x8a,
0x06, 0x70, 0xfb, 0x46, 0x05, 0x0b, 0xf7, 0xf7, 0xf7, 0x77, 0x15, 0xf9, 0x2a, 0x36, 0x1d, 0xfe,
0x3c, 0x06, 0xf7, 0x90, 0x29, 0x1d, 0xf7, 0xa8, 0x06, 0x0b, 0x88, 0x75, 0x18, 0x82, 0x3f, 0x77,
0x43, 0x6d, 0x48, 0x6c, 0x47, 0x64, 0x50, 0x5a, 0x58, 0x5a, 0x58, 0x52, 0x64, 0x49, 0x6e, 0x48,
0x6e, 0x42, 0x7d, 0x3a, 0x8d, 0x0b, 0xa2, 0x71, 0x1f, 0x70, 0xa2, 0x7e, 0xa8, 0x0b, 0x6d, 0x7e,
0x67, 0x8a, 0x08, 0x0b, 0x15, 0x67, 0x1d, 0xaa, 0x8a, 0xa8, 0x87, 0xa7, 0x83, 0x08, 0xa6, 0x83,
0xa5, 0x80, 0xa2, 0x7c, 0x9a, 0x82, 0x9a, 0x80, 0x98, 0x7f, 0x98, 0x7f, 0x98, 0x7e, 0x97, 0x7c,
0xf3, 0xf8, 0xbd, 0x18, 0xf7, 0xa4, 0x06, 0xfb, 0x9e, 0x1c, 0xfa, 0x00, 0x05, 0xfb, 0x87, 0x06,
0x99, 0xf7, 0x05, 0x7b, 0x79, 0x7a, 0x7b, 0x7a, 0x7c, 0x19, 0x79, 0x7c, 0x78, 0x7e, 0x78, 0x80,
0x71, 0x7c, 0x6f, 0x80, 0x6d, 0x83, 0x6d, 0x83, 0x6b, 0x87, 0x69, 0x8c, 0x5b, 0x8c, 0x61, 0x94,
0x67, 0x9c, 0x67, 0x9b, 0x6c, 0xa1, 0x71, 0xa6, 0x71, 0xa6, 0x76, 0xaa, 0x7a, 0xae, 0x7a, 0xae,
0x7f, 0xb1, 0x82, 0xb3, 0x08, 0x82, 0xb2, 0x86, 0xb4, 0x8a, 0xb5, 0x89, 0xb4, 0x8c, 0xb4, 0x8f,
0xb2, 0x08, 0xf7, 0xa4, 0x16, 0x88, 0x72, 0x8a, 0x70, 0x8a, 0x6e, 0x8a, 0x6d, 0x8c, 0x6e, 0x90,
0x70, 0x8f, 0x78, 0x90, 0x7a, 0x91, 0x7b, 0x90, 0x7b, 0x93, 0x7d, 0x95, 0x7e, 0x96, 0x7c, 0x9a,
0x7e, 0x9d, 0x82, 0x9d, 0x81, 0xa1, 0x86, 0xa5, 0x8a, 0xa3, 0x8a, 0xa1, 0x8e, 0xa0, 0x91, 0x08,
0xa0, 0x90, 0x9e, 0x94, 0x9c, 0x96, 0x9b, 0x95, 0x9a, 0x97, 0x9a, 0x99, 0x99, 0x99, 0x98, 0x9a,
0x98, 0x9c, 0xd9, 0xf8, 0x4c, 0x18, 0x84, 0x9e, 0x82, 0x9b, 0x81, 0x9a, 0x80, 0x9a, 0x7f, 0x97,
0x7d, 0x94, 0x7e, 0x95, 0x7c, 0x93, 0x7a, 0x90, 0x7a, 0x90, 0x78, 0x8d, 0x6c, 0x1d, 0x0b, 0xfa,
0x56, 0xfa, 0xe4, 0x15, 0xae, 0x8a, 0xad, 0x89, 0xad, 0x86, 0xac, 0x86, 0xad, 0x84, 0xad, 0x82,
0x41, 0xfb, 0xa9, 0x18, 0x68, 0x94, 0x69, 0x92, 0x68, 0x90, 0x68, 0x90, 0x68, 0x8d, 0x67, 0x8c,
0x64, 0x8c, 0x67, 0x87, 0x6a, 0x82, 0x6a, 0x82, 0x6c, 0x7e, 0x6e, 0x7a, 0x73, 0x7d, 0x75, 0x7a,
0x77, 0x76, 0x76, 0x76, 0x78, 0x72, 0x7a, 0x70, 0xfb, 0x05, 0xfd, 0x1f, 0x18, 0xfb, 0xa3, 0x06,
0xf7, 0x50, 0xfa, 0xce, 0x05, 0xf7, 0x90, 0x06, 0x76, 0xfb, 0x1a, 0x84, 0x5f, 0xa3, 0xa8, 0xa5,
0xa6, 0xa6, 0xa4, 0x19, 0xa6, 0xa4, 0xa9, 0xa0, 0xaa, 0x9d, 0xaa, 0x9c, 0xad, 0x99, 0xae, 0x95,
0x08, 0x94, 0xae, 0xb0, 0x90, 0xb2, 0x1b, 0x0b, 0xf8, 0x45, 0xf7, 0x73, 0x15, 0xf8, 0xf6, 0x06,
0x68, 0xfb, 0x73, 0x05, 0xfe, 0x70, 0x06, 0xa8, 0xf7, 0x4a, 0xf9, 0x40, 0xf9, 0x36, 0x05, 0xfc,
0xca, 0x06, 0xaf, 0xf7, 0x76, 0x05, 0xfa, 0x4a, 0x06, 0x6f, 0xfb, 0x45, 0x05, 0x0b, 0xf8, 0xc0,
0xf8, 0xe7, 0x15, 0xfb, 0x50, 0xfb, 0x45, 0x43, 0xfc, 0x36, 0x05, 0xfb, 0xa8, 0x25, 0x1d, 0xf7,
0xa7, 0x06, 0xfb, 0x06, 0xfd, 0x21, 0xf7, 0x31, 0xf7, 0x43, 0xf8, 0x37, 0xf8, 0x72, 0x05, 0xf7,
0xf4, 0x06, 0xfc, 0xeb, 0xfd, 0x24, 0xf7, 0xf0, 0xfd, 0xb4, 0x05, 0xfb, 0xcb, 0x06, 0x0b, 0xac,
0xf7, 0x68, 0x18, 0x93, 0xc0, 0x97, 0xc1, 0x9c, 0xc0, 0x9b, 0xc0, 0x9f, 0xbd, 0xa4, 0xbb, 0xa3,
0xbb, 0xa8, 0xb8, 0xac, 0xb4, 0xac, 0xb4, 0xb1, 0xaf, 0xb5, 0xa9, 0xb5, 0xa8, 0xba, 0xa2, 0xbe,
0x9c, 0xbe, 0x9b, 0xc3, 0x92, 0xc8, 0x8a, 0x0b, 0xcb, 0x8a, 0xc1, 0x7e, 0xb6, 0x72, 0xb6, 0x72,
0xac, 0x69, 0xa4, 0x62, 0xa3, 0x61, 0x9b, 0x5b, 0x93, 0x56, 0x0b, 0xf9, 0x8e, 0x58, 0x1d, 0x0b,
0xf7, 0x2e, 0x15, 0x2f, 0x1d, 0x0b, 0x46, 0x1d, 0x0e, 0xf9, 0x20, 0xfa, 0x3c, 0x15, 0xf7, 0xe0,
0xf8, 0x9c, 0x05, 0xf7, 0xe2, 0x06, 0xfc, 0x9b, 0xfd, 0x72, 0xf7, 0xb4, 0xfd, 0x66, 0x79, 0x1d,
0xf8, 0xa7, 0xf9, 0x7e, 0xfb, 0xac, 0xf9, 0x5a, 0x05, 0xf7, 0xc8, 0x06, 0x0b, 0x15, 0x85, 0x64,
0x81, 0x66, 0x7d, 0x67, 0x7d, 0x66, 0x7a, 0x68, 0x77, 0x6a, 0x76, 0x6a, 0x74, 0x6b, 0x72, 0x6e,
0x71, 0x6e, 0x6f, 0x70, 0x6d, 0x72, 0xfb, 0x0e, 0xdc, 0x18, 0xac, 0xbb, 0xa8, 0xbc, 0xa3, 0xbd,
0xa2, 0xbd, 0x9c, 0xc1, 0x96, 0xc6, 0xa8, 0xf7, 0x41, 0x18, 0xf7, 0x6e, 0x06, 0x0b, 0x92, 0x56,
0x8c, 0x54, 0x85, 0x52, 0xfb, 0x01, 0xfd, 0x23, 0x18, 0xfb, 0xa4, 0x06, 0xf7, 0x03, 0xf9, 0x26,
0x8e, 0xa9, 0x8c, 0xa7, 0x88, 0xa5, 0x19, 0x88, 0xa4, 0x83, 0xa2, 0x7f, 0x9f, 0x7f, 0x9e, 0x7a,
0x9b, 0x76, 0x96, 0x76, 0x96, 0x70, 0x92, 0x6a, 0x8c, 0x0b, 0x15, 0x82, 0x55, 0x7f, 0x55, 0x7a,
0x56, 0x7a, 0x56, 0x76, 0x58, 0x72, 0x5b, 0x71, 0x5b, 0x6d, 0x5f, 0x69, 0x62, 0x68, 0x62, 0x64,
0x67, 0x60, 0x6e, 0x60, 0x6e, 0x5b, 0x74, 0x57, 0x7b, 0x57, 0x7b, 0x52, 0x84, 0x4e, 0x8c, 0x0b,
0x15, 0xfb, 0x44, 0x06, 0xe1, 0xf8, 0x82, 0xfb, 0x42, 0x65, 0xa5, 0xf7, 0x27, 0xf7, 0xe0, 0xf3,
0x05, 0xa1, 0x06, 0x0b, 0x05, 0xf7, 0xc1, 0x2c, 0x1d, 0xfe, 0x0d, 0x06, 0xb3, 0xf7, 0x76, 0x05,
0xf7, 0xce, 0x06, 0x0b, 0x7d, 0xa1, 0x79, 0x9d, 0x74, 0x99, 0x74, 0x99, 0x6f, 0x93, 0x69, 0x8c,
0x0b, 0xb0, 0x7b, 0xaa, 0x76, 0xa6, 0x70, 0xa5, 0x70, 0xa0, 0x0b, 0xfb, 0xa3, 0x06, 0xf7, 0x9f,
0x1c, 0x06, 0x00, 0x05, 0xf7, 0xa3, 0x06, 0x0b, 0x6a, 0x77, 0x8c, 0x1d, 0x0b, 0xf9, 0x83, 0x78,
0x15, 0x73, 0x8c, 0x73, 0x8d, 0x74, 0x90, 0x74, 0x8f, 0x75, 0x92, 0x76, 0x95, 0x76, 0x94, 0x77,
0x97, 0x79, 0x9a, 0x79, 0x99, 0x7b, 0x9c, 0x7e, 0xa0, 0x7c, 0x7c, 0x7c, 0x7d, 0x7c, 0x7e, 0x7c,
0x7e, 0x7b, 0x7f, 0x7b, 0x81, 0x75, 0x7e, 0x74, 0x80, 0x72, 0x84, 0x08, 0x72, 0x84, 0x71, 0x87,
0x6f, 0x8c, 0x5d, 0x8c, 0x63, 0x93, 0x68, 0x9b, 0x68, 0x9a, 0x6d, 0xa1, 0x74, 0xa6, 0x73, 0xa6,
0x7a, 0xac, 0x80, 0xb1, 0x80, 0xb0, 0x86, 0xb4, 0x8d, 0xb7, 0x8f, 0xcd, 0x9b, 0xc3, 0xa8, 0xba,
0xa8, 0xb9, 0xb0, 0xb1, 0xb8, 0xa8, 0x08, 0xb8, 0xa8, 0xbd, 0x9f, 0xc4, 0x98, 0xc3, 0x97, 0xc5,
0x90, 0xc6, 0x89, 0x08, 0x93, 0x06, 0xa3, 0xf7, 0x0d, 0x8d, 0x96, 0x8c, 0x96, 0x8c, 0x98, 0x19,
0x97, 0x8a, 0x97, 0x88, 0x96, 0x1e, 0x88, 0x96, 0x86, 0x94, 0x84, 0x92, 0x84, 0x92, 0x80, 0x8f,
0x7c, 0x8c, 0x7a, 0x8c, 0x7d, 0x88, 0x80, 0x86, 0x80, 0x86, 0x81, 0x83, 0x84, 0x82, 0x83, 0x81,
0x85, 0x80, 0x86, 0x7e, 0x86, 0x7e, 0x88, 0x7e, 0x88, 0x7d, 0xfb, 0x96, 0x95, 0x18, 0x8f, 0xbd,
0x97, 0xb8, 0x9f, 0xb3, 0x9e, 0xb2, 0xa5, 0xad, 0xaa, 0xa7, 0xaa, 0xa6, 0xb0, 0xa0, 0xb6, 0x9a,
0xb5, 0x99, 0xb9, 0x92, 0xbd, 0x8a, 0xb3, 0x8a, 0xb2, 0x86, 0xb0, 0x80, 0xb0, 0x80, 0xad, 0x77,
0xa8, 0x6f, 0xae, 0xa4, 0xaf, 0x9d, 0xb1, 0x98, 0x08, 0xb0, 0x98, 0xb3, 0x90, 0xb6, 0x8a, 0xc1,
0x8a, 0xb8, 0x7e, 0xb0, 0x72, 0xaf, 0x72, 0xa7, 0x6c, 0xa0, 0x65, 0x9f, 0x64, 0x99, 0x5f, 0x92,
0x59, 0x92, 0x59, 0x8a, 0x51, 0x80, 0x48, 0x6b, 0xfb, 0x62, 0x18, 0xfc, 0x48, 0x06, 0x7c, 0x2f,
0x88, 0x76, 0x8b, 0x78, 0x8e, 0x7a, 0x19, 0x8d, 0x7a, 0x90, 0x7c, 0x92, 0x7f, 0x94, 0x7a, 0x9a,
0x7d, 0x9f, 0x82, 0x9e, 0x82, 0xa4, 0x86, 0xa8, 0x8a, 0x9a, 0x8a, 0x9a, 0x8c, 0x9a, 0x8d, 0x9a,
0x8c, 0x99, 0x8e, 0x99, 0x8f, 0x9c, 0x8f, 0x9d, 0x90, 0x9c, 0x92, 0x9c, 0x91, 0x9d, 0x92, 0x9c,
0x92, 0xb1, 0xfb, 0x56, 0x18, 0x77, 0x7c, 0x75, 0x7e, 0x74, 0x81, 0x73, 0x80, 0x72, 0x83, 0x72,
0x86, 0x71, 0x85, 0x71, 0x87, 0x71, 0x89, 0x70, 0x88, 0x72, 0x8a, 0x73, 0x8c, 0x08, 0xf7, 0x05,
0xfa, 0x16, 0x15, 0x72, 0x8c, 0x77, 0x86, 0x7c, 0x80, 0x7c, 0x80, 0x7e, 0x7d, 0x82, 0x7a, 0x81,
0x7a, 0x84, 0x78, 0x86, 0x76, 0x86, 0x76, 0x86, 0x77, 0x88, 0x78, 0x7f, 0x4c, 0x18, 0xf7, 0x58,
0x8c, 0x9a, 0xf7, 0x06, 0x05, 0x8c, 0x98, 0x8c, 0x99, 0x9a, 0x1a, 0x8a, 0x99, 0x89, 0x98, 0x87,
0x97, 0x86, 0x96, 0x84, 0x95, 0x82, 0x93, 0x81, 0x92, 0x7d, 0x8f, 0x7a, 0x8c, 0x08, 0xfc, 0x9e,
0xfd, 0x4a, 0x15, 0x92, 0x8c, 0x91, 0x8c, 0x91, 0x8d, 0x91, 0x8c, 0x91, 0x8d, 0x90, 0x8d, 0x90,
0x8e, 0x91, 0x8d, 0x91, 0x8e, 0x90, 0x8e, 0x91, 0x8d, 0x90, 0x8e, 0xc9, 0xf7, 0x94, 0x18, 0x87,
0x8c, 0x71, 0x8c, 0x72, 0x87, 0x74, 0x82, 0x19, 0x74, 0x81, 0x76, 0x7e, 0x78, 0x7a, 0x78, 0x7a,
0x7c, 0x77, 0x7f, 0x74, 0x7f, 0x74, 0x84, 0x73, 0x88, 0x72, 0x89, 0x7e, 0x8b, 0x7e, 0x8e, 0x7f,
0x8d, 0x7e, 0x8f, 0x81, 0x92, 0x82, 0x91, 0x82, 0x93, 0x84, 0x96, 0x86, 0x96, 0x86, 0x98, 0x88,
0x9a, 0x8c, 0x08, 0x0b, 0xf8, 0x18, 0xfa, 0xcf, 0x15, 0x72, 0xfb, 0x19, 0xa3, 0xb7, 0xaa, 0xb0,
0xb0, 0xa8, 0x19, 0xa8, 0xb0, 0xb7, 0x99, 0xc0, 0x1b, 0xa3, 0xa1, 0x88, 0x84, 0x9e, 0x1f, 0x9e,
0x84, 0x9c, 0x80, 0x9a, 0x7e, 0x94, 0x82, 0x93, 0x81, 0x92, 0x7e, 0x91, 0x7e, 0x90, 0x7d, 0x8e,
0x7b, 0xa6, 0xad, 0xa9, 0xa7, 0xac, 0xa1, 0xac, 0xa0, 0xb2, 0x96, 0xb8, 0x8a, 0xaf, 0x8a, 0xaa,
0x83, 0xa3, 0x7c, 0xa4, 0x7c, 0x9d, 0x77, 0x98, 0x73, 0x08, 0xa2, 0x5f, 0x99, 0x5d, 0x8e, 0x5c,
0x8e, 0x5b, 0x89, 0x5f, 0x84, 0x64, 0xfb, 0x10, 0xfd, 0x83, 0x18, 0xfb, 0x8b, 0x06, 0xf7, 0x17,
0xf9, 0x9b, 0x05, 0x8c, 0x96, 0x8c, 0x96, 0x97, 0x1a, 0x96, 0x89, 0x96, 0x88, 0x95, 0x1e, 0x88,
0x95, 0x85, 0x93, 0x84, 0x92, 0x08, 0x92, 0x83, 0x80, 0x8e, 0x7d, 0x1b, 0x80, 0x81, 0x89, 0x88,
0x82, 0x1f, 0x82, 0x88, 0x82, 0x86, 0x83, 0x85, 0x86, 0x87, 0x86, 0x86, 0x86, 0x86, 0x86, 0x86,
0x85, 0x85, 0x86, 0x86, 0xfb, 0x25, 0xfd, 0xcf, 0x18, 0xfb, 0x83, 0x06, 0xf7, 0x17, 0xf9, 0x9c,
0x8c, 0x96, 0x8b, 0x96, 0x8c, 0x97, 0x19, 0x97, 0x8a, 0x96, 0x88, 0x95, 0x1e, 0x88, 0x94, 0x85,
0x93, 0x84, 0x92, 0x08, 0x91, 0x83, 0x80, 0x8e, 0x7c, 0x1b, 0x7f, 0x80, 0x89, 0x87, 0x82, 0x1f,
0x81, 0x86, 0x82, 0x86, 0x84, 0x84, 0x84, 0x85, 0x85, 0x85, 0x86, 0x84, 0x86, 0x84, 0x86, 0x83,
0x86, 0x83, 0xfb, 0x21, 0xfd, 0xbf, 0x18, 0xfb, 0x8b, 0x06, 0xf7, 0x50, 0xfa, 0xce, 0x05, 0x0b,
0x9c, 0x16, 0xf7, 0x90, 0x1c, 0x05, 0xb0, 0xf7, 0xf4, 0x8a, 0xcc, 0x8a, 0xc6, 0x81, 0xc0, 0x79,
0x19, 0xc0, 0x78, 0xba, 0x72, 0xb4, 0x6c, 0xae, 0x6f, 0xaa, 0x6b, 0xa7, 0x66, 0xa6, 0x66, 0xa1,
0x63, 0x9c, 0x60, 0x9f, 0x58, 0x98, 0x55, 0x92, 0x50, 0x91, 0x50, 0x8a, 0x4e, 0x84, 0x4c, 0x7a,
0xfb, 0x0c, 0x18, 0x82, 0x50, 0x7d, 0x53, 0x78, 0x54, 0x78, 0x54, 0x73, 0x57, 0x6e, 0x5c, 0x6b,
0x55, 0x65, 0x5a, 0x5f, 0x5f, 0x60, 0x60, 0x5a, 0x67, 0x57, 0x6d, 0x5b, 0x6f, 0x57, 0x75, 0x52,
0x7c, 0x52, 0x7c, 0x4f, 0x83, 0x4c, 0x8c, 0x08, 0xea, 0x1c, 0x04, 0xcc, 0x15, 0xfb, 0x42, 0xfe,
0x7e, 0xe6, 0x89, 0x05, 0xac, 0xaa, 0x8f, 0x92, 0xa8, 0x1f, 0xa8, 0x92, 0xa5, 0x94, 0xa3, 0x98,
0xb2, 0xa0, 0xad, 0xa5, 0xa8, 0xaa, 0xa8, 0xaa, 0xa5, 0xb2, 0xa3, 0xb8, 0x9c, 0xaa, 0x98, 0xad,
0x96, 0xaf, 0x95, 0xaf, 0x93, 0xaf, 0x90, 0xb0, 0x9c, 0xf7, 0x0f, 0x18, 0x8f, 0xab, 0x8d, 0xac,
0x8c, 0xad, 0x08, 0xac, 0x89, 0xac, 0x86, 0xab, 0x1e, 0x86, 0xab, 0x82, 0xa9, 0x80, 0xa8, 0x7f,
0xa7, 0x7b, 0xa4, 0x78, 0xa1, 0x77, 0xa0, 0x73, 0x9d, 0x6e, 0x98, 0x6e, 0x98, 0x69, 0x92, 0x64,
0x8d, 0x08, 0x0b, 0x49, 0x1d, 0x51, 0x8c, 0x58, 0x95, 0x5e, 0x9e, 0x08, 0x5e, 0x9d, 0x64, 0xa4,
0x6a, 0xaa, 0x6a, 0xaa, 0x6f, 0xaf, 0x76, 0xb4, 0x76, 0xb4, 0x7a, 0xb7, 0x80, 0xba, 0x80, 0xba,
0x84, 0xbb, 0x89, 0xbe, 0x89, 0xbe, 0x8d, 0xbd, 0x92, 0xbd, 0x41, 0x1d, 0xc6, 0x8a, 0xbf, 0x81,
0xb9, 0x79, 0x08, 0xb8, 0x79, 0xb3, 0x73, 0xae, 0x6c, 0xad, 0x6c, 0xa7, 0x67, 0xa2, 0x62, 0xa2,
0x62, 0x9c, 0x5f, 0x98, 0x5c, 0x97, 0x5c, 0x92, 0x59, 0x8e, 0x58, 0x8e, 0x58, 0x89, 0x58, 0x84,
0x58, 0x08, 0x0b, 0x7e, 0xc8, 0x89, 0xcc, 0x93, 0xcf, 0x72, 0x1d, 0x90, 0x6d, 0x94, 0x6f, 0x1e,
0x94, 0x6f, 0x99, 0x66, 0x1d, 0x0b, 0xf8, 0x5b, 0xfa, 0x37, 0x15, 0x99, 0x9d, 0x9a, 0x9c, 0x9b,
0x9c, 0x9b, 0x9b, 0x9c, 0x9a, 0x9c, 0x98, 0xaa, 0xa2, 0xad, 0x9e, 0xb0, 0x99, 0xb0, 0x98, 0xb2,
0x92, 0xb6, 0x8a, 0x42, 0x1d, 0x08, 0x48, 0x1d, 0x74, 0x8c, 0x76, 0x89, 0x77, 0x87, 0x76, 0x86,
0x78, 0x85, 0x78, 0x83, 0x7a, 0x83, 0x7a, 0x81, 0x7b, 0x80, 0x7b, 0x7f, 0x7c, 0x7e, 0x7c, 0x7c,
0xfb, 0x1e, 0xfd, 0xa2, 0x18, 0x4e, 0x1d, 0x0e, 0x15, 0x2e, 0xfc, 0xaa, 0x05, 0xfb, 0xa6, 0x06,
0xf7, 0x90, 0x1c, 0x05, 0xb0, 0xf8, 0x69, 0x8a, 0xce, 0x89, 0xc9, 0x7f, 0xc3, 0x75, 0x19, 0xc3,
0x75, 0xbb, 0x6c, 0xb3, 0x63, 0xb2, 0x63, 0xa9, 0x5b, 0x9f, 0x53, 0x9e, 0x53, 0x92, 0x4c, 0x85,
0x46, 0x85, 0x40, 0x77, 0x4a, 0x6a, 0x52, 0x69, 0x52, 0x60, 0x5b, 0x57, 0x64, 0x57, 0x64, 0x50,
0x6d, 0x4a, 0x77, 0x08, 0x76, 0x49, 0x47, 0x81, 0x45, 0x1b, 0xfb, 0x4d, 0xf7, 0x79, 0x15, 0xf7,
0x5c, 0x88, 0xae, 0x8c, 0xad, 0x91, 0xaa, 0x96, 0x19, 0xaa, 0x96, 0xa7, 0x9a, 0xa4, 0x9f, 0xa4,
0x9f, 0x9f, 0xa3, 0x9c, 0xa8, 0x9b, 0xa8, 0x95, 0xab, 0x90, 0xaf, 0x8f, 0xaa, 0x8b, 0xa9, 0x86,
0xa7, 0x86, 0xa6, 0x82, 0xa4, 0x7d, 0xa0, 0x7c, 0xa0, 0x78, 0x9c, 0x73, 0x98, 0x73, 0x98, 0x6e,
0x92, 0x6a, 0x8c, 0xfb, 0x73, 0x8c, 0x18, 0x0e, 0xfa, 0x41, 0x1c, 0x05, 0xb0, 0x15, 0xf7, 0xa7,
0x06, 0xfb, 0x3f, 0xfe, 0x85, 0x81, 0x46, 0x76, 0x4c, 0x6a, 0x52, 0x19, 0x6a, 0x51, 0x63, 0x59,
0x5a, 0x62, 0x5a, 0x61, 0x53, 0x6b, 0x4d, 0x74, 0x4d, 0x74, 0x49, 0x81, 0x45, 0x8c, 0x46, 0x8c,
0x4d, 0x96, 0x56, 0xa0, 0x56, 0xa0, 0x5e, 0xaa, 0x68, 0xb2, 0x67, 0xb2, 0x70, 0xba, 0x7a, 0xc2,
0x7a, 0xc2, 0x83, 0xc8, 0x8d, 0xcf, 0xf7, 0xa7, 0x8a, 0x18, 0x8a, 0x6c, 0x8c, 0x6e, 0x8f, 0x70,
0x8f, 0x70, 0x93, 0x73, 0x98, 0x78, 0x98, 0x77, 0x9c, 0x7b, 0xa2, 0x80, 0xa1, 0x7f, 0xa8, 0x85,
0xae, 0x8a, 0xae, 0x8a, 0xaa, 0x92, 0xa8, 0x98, 0xa8, 0x98, 0xa4, 0x9c, 0xa0, 0xa2, 0xa0, 0xa1,
0x9d, 0xa5, 0x99, 0xa8, 0x08, 0x99, 0xa8, 0x95, 0xaa, 0x90, 0xab, 0x08, 0x0e, 0x1c, 0x05, 0x43,
0x15, 0x5d, 0xfb, 0x9d, 0x05, 0xf8, 0x1c, 0x06, 0x67, 0xfb, 0x61, 0x05, 0xfc, 0x1c, 0x06, 0x3f,
0xfc, 0x66, 0x88, 0x6e, 0x8a, 0x71, 0x8e, 0x73, 0x19, 0x8d, 0x73, 0x91, 0x76, 0x96, 0x79, 0x95,
0x79, 0x9a, 0x7d, 0x9f, 0x80, 0x9e, 0x80, 0xa5, 0x86, 0xaa, 0x8a, 0xb2, 0x8a, 0xb1, 0x8d, 0xb1,
0x91, 0xb1, 0x91, 0xb1, 0x92, 0xb1, 0x93, 0x94, 0xfb, 0x55, 0x18, 0x5a, 0x70, 0x56, 0x79, 0x50,
0x83, 0x50, 0x82, 0x54, 0x88, 0x56, 0x8c, 0x4e, 0x8c, 0x57, 0x96, 0x60, 0xa0, 0x5f, 0xa0, 0x68,
0xa7, 0x70, 0xaf, 0x70, 0xaf, 0x78, 0xb6, 0x81, 0xbc, 0x80, 0xbc, 0x89, 0xc0, 0x91, 0xc4, 0xdc,
0xf8, 0x80, 0x18, 0x7b, 0x1d, 0x0b, 0xfa, 0xa3, 0x16, 0xfc, 0x9e, 0x06, 0xc5, 0xf7, 0xe2, 0x05,
0xfb, 0x60, 0x06, 0xfb, 0x2a, 0xfb, 0xe2, 0x05, 0xfb, 0xb0, 0x06, 0xf9, 0x62, 0x29, 0x1d, 0xf8,
0xfc, 0x06, 0x63, 0xfb, 0x78, 0x05, 0xfb, 0x84, 0x06, 0x4b, 0xfc, 0x02, 0x05, 0xf7, 0x67, 0x36,
0x1d, 0xfb, 0x66, 0x06, 0x44, 0xfc, 0x2d, 0x05, 0xf7, 0x99, 0x06, 0xfc, 0xee, 0xf7, 0xf0, 0x15,
0xf7, 0x20, 0x06, 0xe5, 0xf8, 0x94, 0x05, 0x0e, 0x88, 0x6e, 0x8a, 0x6e, 0x8c, 0x6d, 0x08, 0x6d,
0x8e, 0x6e, 0x90, 0x6e, 0x1e, 0x90, 0x6e, 0x94, 0x72, 0x98, 0x74, 0x98, 0x74, 0x9c, 0x79, 0x69,
0x1d, 0x08, 0x96, 0xaa, 0x95, 0xaa, 0x92, 0xab, 0x88, 0x1d, 0x0b, 0x15, 0x67, 0x8c, 0x6b, 0x85,
0x6e, 0x7e, 0x6e, 0x7e, 0x72, 0x79, 0x75, 0x74, 0x74, 0x74, 0x78, 0x72, 0x7a, 0x6e, 0x7a, 0x6e,
0x7d, 0x6e, 0x7e, 0x6e, 0x08, 0xf8, 0x4d, 0x06, 0x90, 0xa4, 0x90, 0xa8, 0x8a, 0xa7, 0x85, 0xa4,
0x19, 0x85, 0xa4, 0x81, 0xa1, 0x7c, 0x9e, 0x7c, 0x9e, 0x78, 0x9a, 0x74, 0x96, 0x74, 0x96, 0x70,
0x91, 0x6d, 0x8c, 0x08, 0x0b, 0x6a, 0x1d, 0x4e, 0x7a, 0x54, 0x6e, 0x5a, 0x6e, 0x5a, 0x65, 0x61,
0x5e, 0x69, 0x5d, 0x69, 0x58, 0x71, 0x53, 0x7a, 0x52, 0x79, 0x52, 0x83, 0x51, 0x8c, 0x0b, 0xf9,
0x4c, 0x15, 0xb6, 0x9a, 0xb0, 0xa8, 0xaa, 0x1e, 0xa9, 0xa8, 0xaf, 0x9a, 0xb8, 0x1b, 0xb6, 0x8c,
0xaf, 0x7e, 0xa9, 0x70, 0x08, 0xa8, 0x6f, 0x9a, 0x67, 0x60, 0x1a, 0x5e, 0x7c, 0x67, 0x6e, 0x6d,
0x1e, 0x6e, 0x6d, 0x66, 0x7c, 0x60, 0x1b, 0x60, 0x8a, 0x66, 0x98, 0x6e, 0xa6, 0x08, 0x6e, 0xa6,
0x7c, 0xaf, 0xb6, 0x1a, 0x0e, 0x8a, 0x64, 0x82, 0x69, 0x78, 0x70, 0x78, 0x6f, 0x72, 0x74, 0x6e,
0x7a, 0x08, 0x6e, 0x7a, 0x6a, 0x7f, 0x68, 0x84, 0x67, 0x83, 0x68, 0x87, 0x69, 0x8c, 0x68, 0x8c,
0x6b, 0x90, 0x6c, 0x94, 0x6c, 0x94, 0x71, 0x99, 0x74, 0x9d, 0x74, 0x9e, 0x78, 0xa2, 0x7e, 0xa7,
0x08, 0x7d, 0xa6, 0x84, 0xab, 0xb0, 0x1a, 0xf7, 0x40, 0x06, 0x8c, 0x0b, 0xf8, 0x96, 0xf8, 0x51,
0x15, 0xfb, 0x2c, 0xfb, 0x11, 0x53, 0xfb, 0xd4, 0x05, 0x4e, 0x1d, 0xfb, 0x2b, 0xfd, 0xf5, 0xe5,
0xe2, 0xf7, 0xeb, 0xf7, 0xd8, 0x05, 0xf7, 0xec, 0x06, 0xfc, 0x7a, 0xfc, 0x62, 0xf7, 0xe4, 0xfd,
0x00, 0x05, 0xfb, 0xd0, 0x06, 0x0b, 0x15, 0x91, 0xb2, 0x95, 0xb0, 0x99, 0xb0, 0x99, 0xaf, 0x9c,
0xae, 0xa0, 0xac, 0x9f, 0xac, 0xa2, 0xab, 0xa5, 0xa8, 0xa4, 0xa8, 0xa7, 0xa6, 0xa9, 0xa4, 0xf7,
0x0e, 0x3a, 0x18, 0x6a, 0x5b, 0x6f, 0x5a, 0x73, 0x59, 0x73, 0x59, 0x7a, 0x55, 0x80, 0x51, 0x6d,
0xfb, 0x45, 0x18, 0xfb, 0x6e, 0x06, 0x0b, 0x77, 0x1d, 0xfe, 0x4d, 0x25, 0x1d, 0xfa, 0x4a, 0x06,
0x63, 0xfb, 0x79, 0x05, 0xfd, 0x37, 0x06, 0x4b, 0xfc, 0x03, 0x05, 0xf8, 0xd9, 0x06, 0x0b, 0x8a,
0xbc, 0x8a, 0xb6, 0x82, 0xb0, 0x7c, 0x4d, 0x1d, 0x6b, 0x9c, 0x68, 0x9b, 0x68, 0x97, 0x65, 0x94,
0x64, 0x76, 0x1d, 0x0b, 0x98, 0x8e, 0x9a, 0x8e, 0x99, 0x8d, 0x99, 0x8c, 0x98, 0x8e, 0xb1, 0x18,
0x8c, 0x96, 0x8b, 0x97, 0x8a, 0x99, 0x8a, 0x98, 0x89, 0x98, 0x87, 0x97, 0x87, 0x96, 0x85, 0x95,
0x82, 0x93, 0x84, 0x1d, 0x0b, 0x8b, 0xc3, 0x91, 0xc3, 0xf6, 0xf9, 0x14, 0x18, 0xf7, 0xa3, 0x06,
0x20, 0xfd, 0x17, 0x05, 0x88, 0x6f, 0x89, 0x6f, 0x70, 0x1a, 0x8a, 0x6f, 0x8f, 0x72, 0x93, 0x75,
0x92, 0x75, 0x98, 0x79, 0x9e, 0x7d, 0x9e, 0x7d, 0xa5, 0x84, 0xae, 0x8a, 0x0b, 0x1c, 0x06, 0x00,
0x15, 0xf8, 0xe0, 0x06, 0xfb, 0x77, 0x1c, 0xfa, 0xe2, 0x4b, 0x1d, 0xf7, 0x50, 0xfa, 0xcf, 0x05,
0xfb, 0xcf, 0x06, 0x0b, 0x74, 0xa0, 0x78, 0x9f, 0x78, 0xa8, 0x80, 0xb0, 0x89, 0xb4, 0x89, 0xaf,
0x92, 0xa9, 0x9c, 0xa9, 0x9b, 0xa4, 0xa1, 0xa0, 0xa6, 0x9f, 0xa6, 0x9b, 0xaa, 0x97, 0xae, 0x97,
0xae, 0x94, 0xad, 0x90, 0xae, 0xf7, 0x39, 0xfa, 0x5a, 0x18, 0x0b, 0x90, 0xb8, 0x94, 0xb8, 0x97,
0xb8, 0x97, 0xb8, 0x9b, 0xb7, 0x9e, 0xb5, 0x9e, 0xb5, 0xa1, 0xb2, 0xa6, 0xb0, 0xa5, 0xaf, 0xa9,
0xaa, 0xae, 0xa6, 0xae, 0xa5, 0xb1, 0x9f, 0xb6, 0x9a, 0xb6, 0x9a, 0xba, 0x91, 0xbf, 0x8a, 0x0b,
0xf9, 0xa7, 0x15, 0xf8, 0x1e, 0xf9, 0x31, 0x05, 0xf7, 0xcd, 0x06, 0xfc, 0xfe, 0xfe, 0x59, 0x35,
0xfc, 0x7f, 0x05, 0xfb, 0xa5, 0x06, 0xe6, 0xf8, 0xa6, 0xfb, 0xa3, 0xfa, 0x32, 0x05, 0xf7, 0xb4,
0x06, 0x0b, 0xa1, 0x7d, 0xa0, 0x7c, 0xa7, 0x83, 0xad, 0x8a, 0xaf, 0x8a, 0xab, 0x90, 0xa8, 0x97,
0xa8, 0x96, 0xa4, 0x9b, 0xa2, 0xa0, 0xa1, 0xa0, 0x9e, 0xa3, 0x9c, 0xa7, 0x9c, 0xa7, 0x99, 0xa9,
0x97, 0xaa, 0x0b, 0xf7, 0x5d, 0x15, 0xa6, 0x8a, 0xa4, 0x8f, 0xa4, 0x92, 0xa3, 0x92, 0xa1, 0x96,
0x9f, 0x9a, 0x9e, 0x99, 0x9c, 0x9d, 0x99, 0xa0, 0x98, 0xa0, 0x94, 0xa3, 0x8f, 0xa6, 0xf7, 0x92,
0x8d, 0x18, 0x88, 0x0b, 0xe6, 0xf8, 0xb4, 0x15, 0x94, 0xd7, 0x9f, 0xd3, 0xaa, 0xd0, 0xa9, 0xcf,
0xb2, 0xc7, 0xbc, 0xbe, 0xbc, 0xbe, 0xc4, 0xb4, 0xce, 0xa8, 0xcd, 0xa8, 0xd5, 0x99, 0xdc, 0x89,
0x0b, 0x76, 0x8c, 0x5e, 0x8c, 0x64, 0x81, 0x6b, 0x76, 0x6b, 0x76, 0x70, 0x71, 0x76, 0x6a, 0x76,
0x6a, 0x7a, 0x67, 0x80, 0x63, 0x08, 0x80, 0x63, 0x83, 0x64, 0x86, 0x65, 0x08, 0x0b, 0xfc, 0x3b,
0x06, 0xfb, 0x1c, 0xfb, 0xc4, 0x05, 0xfb, 0xbd, 0x06, 0xf9, 0x5f, 0x29, 0x1d, 0xf7, 0x8d, 0x06,
0xf7, 0x5e, 0x1c, 0xfa, 0x50, 0x05, 0x0b, 0xfa, 0x32, 0x15, 0xf7, 0x6a, 0xfc, 0x18, 0x8a, 0x77,
0xfb, 0xe3, 0xfc, 0x1b, 0x05, 0xfb, 0x54, 0x06, 0xf7, 0xcd, 0xf8, 0x30, 0xfb, 0x34, 0xf8, 0x17,
0x05, 0x0b, 0xf9, 0x9a, 0x1c, 0x05, 0x66, 0x15, 0x34, 0xfc, 0x19, 0x05, 0xfb, 0x4b, 0x06, 0xcb,
0xf8, 0x2d, 0xa0, 0xf7, 0x1a, 0x05, 0xf7, 0x65, 0x06, 0x0e, 0x9e, 0x75, 0xa2, 0x7a, 0xa7, 0x7e,
0xa7, 0x7e, 0xab, 0x84, 0xaf, 0x8a, 0xc4, 0x89, 0xc0, 0x95, 0xbe, 0xa1, 0xbd, 0xa0, 0xb7, 0xaa,
0xb2, 0xb3, 0x0b, 0x83, 0x1d, 0x7c, 0x6f, 0x7e, 0x6e, 0x81, 0x6c, 0x80, 0x6c, 0x83, 0x6c, 0x84,
0x6c, 0x0b, 0xf7, 0x39, 0xfa, 0x5a, 0x18, 0xf7, 0xa6, 0x06, 0xfb, 0x36, 0xfe, 0x5a, 0x88, 0x6e,
0x89, 0x6d, 0x8c, 0x6b, 0x19, 0x6a, 0x0b, 0xfb, 0xa3, 0x06, 0xf7, 0x02, 0xf9, 0x0b, 0x05, 0xfc,
0x22, 0x06, 0xfb, 0x02, 0xfd, 0x0b, 0x05, 0xfb, 0xa4, 0x06, 0x0b, 0x2a, 0xfc, 0x94, 0x18, 0xfb,
0xa3, 0x06, 0xf7, 0x98, 0x1c, 0x05, 0xda, 0xf7, 0x8c, 0x8c, 0x7a, 0xfb, 0x00, 0x0b, 0x75, 0x9c,
0x72, 0x9a, 0x6f, 0x97, 0x6f, 0x97, 0x6f, 0x96, 0x70, 0x94, 0x57, 0x9c, 0x58, 0xa0, 0x59, 0xa5,
0x0b, 0x7c, 0x1d, 0x08, 0xfb, 0xa4, 0x16, 0x0b, 0xf9, 0x12, 0x15, 0xfc, 0xd8, 0x06, 0x43, 0xfc,
0x2f, 0x05, 0xf9, 0x3b, 0x36, 0x1d, 0x0b, 0xfa, 0xc2, 0xf8, 0xa6, 0x15, 0xfd, 0xbd, 0x06, 0xb2,
0xf7, 0x75, 0x05, 0xf9, 0xbe, 0x06, 0x0e, 0x05, 0xfb, 0xc7, 0x06, 0xfb, 0x44, 0xf8, 0xa4, 0xfb,
0xe8, 0xfc, 0xa4, 0x05, 0xfb, 0xe4, 0x06, 0x0b, 0x7d, 0x98, 0x7d, 0x98, 0x80, 0x9a, 0x83, 0x9d,
0x08, 0x82, 0x9d, 0x87, 0x9f, 0xa1, 0x1a, 0x0b, 0xfb, 0x84, 0x06, 0xaf, 0xf7, 0x61, 0x05, 0xf7,
0x84, 0x06, 0xb9, 0xf7, 0x9d, 0x05, 0x0b, 0x08, 0x93, 0x63, 0x90, 0x62, 0x8c, 0x61, 0x8c, 0x60,
0x89, 0x62, 0x87, 0x62, 0x0b, 0xf7, 0x19, 0xf9, 0x8c, 0x18, 0xf7, 0xa4, 0x06, 0xfb, 0x50, 0xfe,
0xce, 0x05, 0x0b, 0x86, 0x1d, 0x0e, 0x86, 0x5f, 0x82, 0x5f, 0x7f, 0x5e, 0x7f, 0x5e, 0x7c, 0x5f,
0x78, 0x61, 0x0b, 0xcd, 0x8a, 0xc8, 0x7f, 0xc3, 0x76, 0xc3, 0x76, 0xbb, 0x6d, 0xb3, 0x64, 0x0b,
0x58, 0xa4, 0x5f, 0xaa, 0x64, 0xaf, 0x64, 0xaf, 0x6d, 0xb5, 0x75, 0xbc, 0x0b, 0x78, 0x62, 0x78,
0x61, 0x75, 0x64, 0x71, 0x67, 0x71, 0x67, 0x6d, 0x6c, 0x0b, 0x7f, 0x73, 0x7b, 0x76, 0x76, 0x76,
0x76, 0x78, 0x72, 0x7c, 0x70, 0x0b, 0x08, 0x93, 0x82, 0x80, 0x8f, 0x7c, 0x1b, 0x7b, 0x7e, 0x87,
0x83, 0x0b, 0x8e, 0x6d, 0x8e, 0x6d, 0x8f, 0x6d, 0x90, 0xaf, 0xf7, 0x78, 0x18, 0x0b, 0x15, 0xfe,
0x0a, 0x06, 0xb1, 0xf7, 0x6d, 0x05, 0xfa, 0x0b, 0x06, 0x0b, 0xf8, 0x5d, 0x15, 0x81, 0x42, 0x76,
0x48, 0x6a, 0x50, 0x6a, 0x50, 0x0b, 0x92, 0xab, 0x91, 0xa9, 0x90, 0xa8, 0x08, 0x0b, 0xa2, 0x86,
0xa1, 0x83, 0x9e, 0x80, 0x9c, 0x0b, 0x1a, 0x74, 0x87, 0x77, 0x83, 0x78, 0x1e, 0x83, 0x78, 0x80,
0x0b, 0x9c, 0x96, 0x99, 0x99, 0x19, 0x98, 0x98, 0x97, 0x9b, 0x94, 0x0b, 0x6f, 0x71, 0x75, 0x6a,
0x74, 0x6a, 0x7a, 0x67, 0x7e, 0x63, 0x0b, 0x01, 0x00, 0x01, 0x00, 0x00, 0x22, 0x19, 0x00, 0x42,
0x19, 0x00, 0x11, 0x09, 0x00, 0x96, 0x00, 0x00, 0xa4, 0x00, 0x00, 0xa9, 0x00, 0x00, 0x8b, 0x00,
0x00, 0x8f, 0x00, 0x00, 0x9b, 0x00, 0x00, 0x9e, 0x00, 0x00, 0xa3, 0x00, 0x00, 0x8a, 0x00, 0x00,
0x90, 0x00, 0x00, 0x8e, 0x00, 0x00, 0x94, 0x00, 0x00, 0xa7, 0x00, 0x00, 0x9d, 0x00, 0x00, 0xa2,
0x00, 0x00, 0x95, 0x00, 0x00, 0x05, 0x00, 0x00, 0x61, 0x01, 0x00, 0x64, 0x01, 0x00, 0x67, 0x00,
0x00, 0x02, 0x00, 0x00, 0x60, 0x00, 0x00, 0x20, 0x00, 0x00, 0x7b, 0x00, 0x00, 0x0d, 0x00, 0x00,
0x0f, 0x00, 0x00, 0x1b, 0x01, 0x00, 0x79, 0x00, 0x00, 0x72, 0x00, 0x00, 0x74, 0x00, 0x00, 0x40,
0x00, 0x00, 0x0e, 0x00, 0x00, 0x6f, 0x00, 0x00, 0x89, 0x00, 0x00, 0x68, 0x00, 0x00, 0x03, 0x00,
0x00, 0x41, 0x00, 0x00, 0x08, 0x00, 0x00, 0x75, 0x00, 0x00, 0x69, 0x00, 0x00, 0x77, 0x00, 0x00,
0x76, 0x00, 0x00, 0x09, 0x01, 0x00, 0x3c, 0x00, 0x00, 0x3e, 0x00, 0x00, 0x5c, 0x00, 0x00, 0x5e,
0x00, 0x00, 0x6b, 0x01, 0x00, 0x0c, 0x00, 0x00, 0xa6, 0x00, 0x00, 0x9c, 0x00, 0x00, 0xa8, 0x00,
0x00, 0x9f, 0x00, 0x00, 0x1e, 0x00, 0x01, 0x87, 0x00, 0x00, 0x1d, 0x00, 0x00, 0x1f, 0x00, 0x01,
0x88, 0x01, 0x00, 0x97, 0x00, 0x00, 0x10, 0x00, 0x00, 0x3d, 0x00, 0x00, 0x06, 0x00, 0x00, 0x7a,
0x00, 0x00, 0x5d, 0x00, 0x00, 0xa0, 0x00, 0x00, 0x70, 0x01, 0x00, 0xaa, 0x00, 0x00, 0xa5, 0x00,
0x00, 0x99, 0x00, 0x00, 0xa1, 0x00, 0x00, 0x0b, 0x00, 0x00, 0x04, 0x00, 0x00, 0x07, 0x00, 0x00,
0x21, 0x00, 0x00, 0x66, 0x00, 0x00, 0x73, 0x00, 0x00, 0x3f, 0x00, 0x00, 0x5f, 0x00, 0x00, 0xab,
0x0a, 0x00, 0x9a, 0x00, 0x00, 0xb6, 0x08, 0x00, 0x8d, 0x00, 0x00, 0xbf, 0x00, 0x00, 0xc1, 0x05,
0x00, 0xc8, 0x13, 0x00, 0x93, 0x00, 0x00, 0xdc, 0x00, 0x00, 0xde, 0x05, 0x00, 0x7c, 0x04, 0x00,
0x83, 0x00, 0x00, 0x85, 0x00, 0x00, 0x6a, 0x00, 0x00, 0x98, 0x00, 0x00, 0x78, 0x00, 0x00, 0x91,
0x00, 0x01, 0x8a, 0x05, 0x00, 0xdf, 0x02, 0x00, 0x01, 0x00, 0x02, 0x00, 0x03, 0x00, 0x06, 0x00,
0x08, 0x00, 0x0b, 0x00, 0x0e, 0x00, 0x11, 0x00, 0x14, 0x00, 0x17, 0x00, 0x1a, 0x00, 0x1d, 0x00,
0x1f, 0x00, 0x22, 0x00, 0x25, 0x00, 0x27, 0x00, 0x2a, 0x00, 0x2d, 0x00, 0x2f, 0x01, 0x74, 0x01,
0x77, 0x01, 0x7a, 0x01, 0x7d, 0x01, 0x80, 0x01, 0x9e, 0x01, 0xa1, 0x01, 0xa3, 0x01, 0xa6, 0x01,
0xa9, 0x01, 0xac, 0x02, 0xa1, 0x02, 0xa4, 0x02, 0xaa, 0x02, 0xad, 0x03, 0x21, 0x03, 0x24, 0x03,
0x26, 0x03, 0x28, 0x03, 0x2a, 0x03, 0x2d, 0x03, 0x30, 0x03, 0x33, 0x03, 0x36, 0x03, 0x39, 0x03,
0x3b, 0x04, 0x47, 0x04, 0x4a, 0x04, 0x4d, 0x04, 0x50, 0x04, 0x53, 0x04, 0x55, 0x04, 0x58, 0x04,
0x5a, 0x04, 0x5d, 0x04, 0x60, 0x05, 0xad, 0x05, 0xc6, 0x06, 0x73, 0x07, 0xa6, 0x07, 0xdd, 0x08,
0xa5, 0x09, 0xd7, 0x09, 0xf8, 0x0b, 0x92, 0x0c, 0xd2, 0x0c, 0xeb, 0x0d, 0x8e, 0x0e, 0x7d, 0x0f,
0xa4, 0x10, 0x7d, 0x11, 0x37, 0x11, 0x4a, 0x11, 0xbd, 0x11, 0xbf, 0x11, 0xc1, 0x12, 0xb0, 0x14,
0xdd, 0x16, 0x29, 0x16, 0xae, 0x17, 0xb8, 0x18, 0xef, 0x19, 0xde, 0x1a, 0xa8, 0x1b, 0x3c, 0x1b,
0x99, 0x1c, 0x59, 0x1d, 0x86, 0x1d, 0x8d, 0x1d, 0xd6, 0x1e, 0xc2, 0x1f, 0xc7, 0x1f, 0xcc, 0x1f,
0xd1, 0x1f, 0xdd, 0x1f, 0xea, 0x1f, 0xfb, 0x1f, 0xff, 0x20, 0x6b, 0x20, 0x71, 0x20, 0x73, 0x20,
0x78, 0x20, 0x7a, 0x20, 0x7c, 0x20, 0x7e, 0x20, 0x83, 0x20, 0x85, 0x20, 0xa1, 0x20, 0xac, 0x20,
0xb9, 0x20, 0xfe, 0x21, 0x94, 0x22, 0x1f, 0x22, 0x42, 0x22, 0x65, 0x23, 0x2c, 0x23, 0xe7, 0x24,
0x03, 0x24, 0x08, 0x24, 0x34, 0x24, 0x3a, 0x24, 0x6b, 0x24, 0x9e, 0x25, 0x17, 0x25, 0x33, 0x25,
0x74, 0x25, 0x94, 0x25, 0xb3, 0x25, 0xda, 0x26, 0x01, 0x26, 0x18, 0x26, 0x2a, 0x26, 0x3b, 0x27,
0xd7, 0x29, 0xd3, 0x29, 0xe5, 0x2a, 0x08, 0x2a, 0x27, 0x2a, 0x5e, 0x2b, 0xf7, 0x2d, 0x43, 0x2d,
0x8f, 0x2e, 0x60, 0x2e, 0x99, 0x2f, 0x12, 0x30, 0x3d, 0x32, 0x7e, 0x34, 0xeb, 0x35, 0x2d, 0x35,
0x4f, 0x36, 0x1e, 0x36, 0x26, 0x36, 0x2e, 0x36, 0x36, 0x36, 0x3e, 0x36, 0x45, 0x36, 0x4d, 0x36,
0x55, 0x36, 0x5d, 0x36, 0x65, 0x36, 0x6d, 0x36, 0x75, 0x36, 0x77, 0x36, 0x7f, 0x36, 0xa1, 0x36,
0xa8, 0x36, 0xb0, 0x36, 0xb7, 0x36, 0xbf, 0x36, 0xc7, 0x36, 0xcf, 0x36, 0xd6, 0x36, 0xd9, 0x36,
0xe2, 0x36, 0xe9, 0x37, 0x0b, 0x37, 0x13, 0x37, 0x19, 0x37, 0x21, 0x37, 0x28, 0x37, 0x31, 0x37,
0x39, 0x37, 0x42, 0x37, 0x4a, 0x37, 0x52, 0x37, 0x5b, 0x37, 0x62, 0x37, 0x6a, 0x37, 0x72, 0x37,
0x7a, 0x37, 0x82, 0x37, 0x8a, 0x37, 0x92, 0x37, 0x9a, 0x37, 0xa2, 0x37, 0xab, 0x37, 0xb3, 0x37,
0xbb, 0x37, 0xc2, 0x37, 0xca, 0x37, 0xcd, 0x37, 0xd5, 0x37, 0xde, 0x37, 0xe7, 0x37, 0xef, 0x37,
0xf8, 0x38, 0x00, 0x38, 0x07, 0x38, 0x0e, 0x38, 0x15, 0x38, 0x36, 0x38, 0x3d, 0x38, 0x44, 0x38,
0x4b, 0x38, 0xc9, 0x38, 0xd5, 0x38, 0xd7, 0x38, 0xf6, 0x38, 0xf9, 0x39, 0xf9, 0x3c, 0x5e, 0x3d,
0x44, 0x3d, 0x45, 0x3d, 0x47, 0x3d, 0x49, 0x0e, 0x0e, 0x21, 0x0a, 0x0e, 0x41, 0x0a, 0x2f, 0x0a,
0x0e, 0x52, 0x1d, 0x0e, 0x22, 0x0a, 0x0e, 0x5e, 0x0a, 0x0e, 0x3b, 0x0a, 0x0e, 0x37, 0x0a, 0x0e,
0x27, 0x0a, 0x0e, 0x57, 0x1d, 0x40, 0x1d, 0x0e, 0x39, 0x1d, 0x0e, 0x45, 0x0a, 0x33, 0x1d, 0x0e,
0x24, 0x0a, 0x0e, 0x42, 0x0a, 0xfa, 0xf5, 0xf8, 0xd6, 0x15, 0x81, 0x4f, 0x7c, 0x52, 0x76, 0x54,
0x76, 0x54, 0x6f, 0x59, 0x6a, 0x5c, 0x7a, 0x72, 0x77, 0x74, 0x76, 0x74, 0x75, 0x74, 0x73, 0x75,
0x72, 0x77, 0xf7, 0x57, 0xfb, 0x74, 0x18, 0xfb, 0x54, 0xfb, 0x2b, 0xfb, 0x72, 0xf7, 0x93, 0x74,
0x86, 0x73, 0x87, 0x74, 0x88, 0x19, 0x73, 0x88, 0x73, 0x89, 0x72, 0x8c, 0x56, 0x8c, 0x5a, 0x93,
0x60, 0x9c, 0x5f, 0x9c, 0x65, 0xa1, 0x6a, 0xa7, 0x6a, 0xa7, 0x6e, 0xac, 0x74, 0xb1, 0x74, 0xb1,
0x78, 0xb4, 0x7e, 0xb7, 0x7e, 0xb6, 0x82, 0xb9, 0x88, 0xbb, 0x87, 0xba, 0x8c, 0xbb, 0x91, 0xbb,
0xb3, 0xf7, 0x90, 0x18, 0x93, 0xc1, 0x97, 0xc1, 0x9c, 0xc0, 0x9b, 0xc0, 0x9f, 0xbd, 0xa4, 0xbc,
0xa4, 0xbb, 0xa8, 0xb8, 0xac, 0xb5, 0xac, 0xb4, 0xb1, 0xaf, 0xb6, 0xa9, 0xb5, 0xa9, 0xba, 0xa2,
0xbe, 0x9c, 0xbe, 0x9b, 0xc4, 0x92, 0xc8, 0x8a, 0xc6, 0x8a, 0xbf, 0x81, 0xb9, 0x79, 0x08, 0xb9,
0x78, 0xb3, 0x73, 0xad, 0x6c, 0xad, 0x6c, 0xa8, 0x66, 0xa2, 0x62, 0xa2, 0x62, 0x9c, 0x5e, 0x98,
0x5c, 0x97, 0x5b, 0x92, 0x59, 0x8e, 0x58, 0x8e, 0x58, 0x89, 0x58, 0x84, 0x58, 0x08, 0xfb, 0xaa,
0x8e, 0x15, 0x8e, 0xa4, 0x8e, 0xa6, 0x8d, 0xa9, 0x8d, 0xa8, 0x8b, 0xa9, 0x8a, 0xa9, 0x8a, 0xa9,
0x87, 0xa8, 0x85, 0xa8, 0x84, 0xa7, 0x81, 0xa4, 0x7d, 0xa2, 0x7d, 0xa1, 0x79, 0x9d, 0x74, 0x99,
0x74, 0x99, 0x6e, 0x93, 0x68, 0x8c, 0x66, 0x8c, 0x6b, 0x86, 0x6f, 0x7f, 0x08, 0x6e, 0x7f, 0x72,
0x7b, 0x76, 0x76, 0x76, 0x76, 0x78, 0x72, 0x7c, 0x6f, 0x7c, 0x6f, 0x7e, 0x6e, 0x80, 0x6c, 0x80,
0x6c, 0x83, 0x6b, 0x84, 0x6b, 0x84, 0x6b, 0x85, 0x6d, 0x87, 0x6e, 0x63, 0xfb, 0x93, 0x18, 0x88,
0x74, 0x88, 0x73, 0x8a, 0x70, 0x8a, 0x70, 0x8b, 0x71, 0x8e, 0x70, 0x8d, 0x70, 0x8f, 0x72, 0x92,
0x72, 0x92, 0x72, 0x95, 0x74, 0x99, 0x78, 0x98, 0x77, 0x9d, 0x7b, 0xa0, 0x7f, 0xa0, 0x7f, 0xa5,
0x84, 0xaa, 0x8a, 0xad, 0x8a, 0xaa, 0x90, 0xa8, 0x96, 0x08, 0xa7, 0x96, 0xa4, 0x9a, 0xa1, 0x9e,
0xa1, 0x9e, 0x9f, 0xa1, 0x9b, 0xa4, 0x9c, 0xa4, 0x99, 0xa5, 0x96, 0xa7, 0x96, 0xa5, 0x95, 0xa6,
0x93, 0xa7, 0x92, 0xa7, 0x91, 0xa6, 0x8f, 0xa5, 0x08, 0x0e, 0x3e, 0x0a, 0x0e, 0x30, 0x1d, 0x0e,
0x34, 0x0a, 0x0e, 0x27, 0x1d, 0x0e, 0xf8, 0x02, 0x16, 0xfb, 0x5b, 0x29, 0x1d, 0xf7, 0xbb, 0x06,
0xe7, 0xfe, 0x61, 0x92, 0x42, 0xa5, 0xcb, 0xf8, 0x28, 0xfa, 0x6a, 0x05, 0xf7, 0xca, 0x06, 0xfd,
0x24, 0x2d, 0x0a, 0x0e, 0x37, 0x1d, 0x0e, 0x45, 0x1d, 0x2a, 0x1d, 0x0e, 0x38, 0x1d, 0x0e, 0x23,
0x1d, 0x0e, 0xfa, 0xc3, 0xf8, 0xac, 0x15, 0x86, 0x5e, 0x82, 0x5e, 0x80, 0x5e, 0x7f, 0x5d, 0x7c,
0x5f, 0x82, 0x1d, 0x69, 0x71, 0x69, 0x71, 0x65, 0x77, 0x60, 0x7d, 0x60, 0x7c, 0x5b, 0x85, 0x57,
0x8c, 0x67, 0x8c, 0x69, 0x90, 0x6b, 0x96, 0x08, 0x6a, 0x95, 0x6e, 0x9a, 0x70, 0x9f, 0x7e, 0x95,
0x7e, 0x96, 0x80, 0x98, 0x7f, 0x97, 0x80, 0x98, 0x81, 0x9a, 0x63, 0xfb, 0x08, 0x18, 0xfb, 0x8a,
0x06, 0xf7, 0x9e, 0x1c, 0x06, 0x00, 0x31, 0x0a, 0x21, 0xfc, 0xbd, 0x99, 0x9a, 0x9a, 0x98, 0x9a,
0x98, 0x19, 0x9a, 0x97, 0x9a, 0x96, 0x9a, 0x94, 0xa6, 0x9a, 0xa7, 0x97, 0xa9, 0x93, 0xa9, 0x93,
0xab, 0x8f, 0xad, 0x8a, 0xbc, 0x8a, 0xb7, 0x82, 0xb0, 0x7b, 0x4d, 0x1d, 0x6c, 0x9c, 0x68, 0x9b,
0x67, 0x97, 0x65, 0x93, 0x63, 0x76, 0x1d, 0x8d, 0xa0, 0x8d, 0xa1, 0x8c, 0xa3, 0x8c, 0xa2, 0x8b,
0xa3, 0x8a, 0xa2, 0x89, 0xa2, 0x87, 0xa2, 0x86, 0xa1, 0x85, 0xa0, 0x82, 0x9e, 0x80, 0x9c, 0x7f,
0x9c, 0x7c, 0x98, 0x78, 0x96, 0x78, 0x95, 0x74, 0x90, 0x6f, 0x8c, 0x72, 0x8c, 0x75, 0x88, 0x76,
0x86, 0x08, 0x76, 0x85, 0x77, 0x82, 0x79, 0x80, 0x7a, 0x81, 0x7c, 0x7f, 0x7d, 0x7c, 0x7c, 0x7c,
0x7e, 0x7b, 0x7f, 0x79, 0x40, 0xfc, 0x46, 0x18, 0x91, 0x78, 0x93, 0x7b, 0x95, 0x7d, 0x95, 0x7c,
0x97, 0x7f, 0x98, 0x81, 0x9a, 0x80, 0x9e, 0x82, 0xa0, 0x86, 0x08, 0x86, 0xa0, 0x9f, 0x88, 0x9c,
0x1b, 0xad, 0xa6, 0x8f, 0x92, 0x9e, 0x1f, 0x9e, 0x92, 0x9c, 0x94, 0x9c, 0x98, 0xa2, 0x9c, 0x9f,
0xa0, 0x9b, 0xa5, 0x9b, 0xa4, 0x98, 0xa6, 0x94, 0xa8, 0x93, 0xa2, 0x92, 0xa4, 0x90, 0xa4, 0x90,
0xa4, 0x8f, 0xa4, 0x8e, 0xa3, 0x08, 0x0e, 0x32, 0x0a, 0x0e, 0xef, 0xf8, 0xb3, 0x3d, 0x1d, 0x0e,
0x24, 0x1d, 0x0e, 0xf7, 0xb9, 0x16, 0xf7, 0x2c, 0xfa, 0x01, 0x05, 0xfb, 0xa8, 0x06, 0xb0, 0xf7,
0x61, 0xf7, 0xa0, 0x8a, 0x96, 0xc8, 0x97, 0xd2, 0xa0, 0xca, 0xaa, 0xc2, 0x19, 0xaa, 0xc2, 0xb1,
0xb9, 0xba, 0xb0, 0xb9, 0xb0, 0xc0, 0xa8, 0xc8, 0x9e, 0xc7, 0x9e, 0xcd, 0x95, 0xd3, 0x8a, 0xb6,
0x8a, 0xb6, 0x88, 0xb6, 0x85, 0xb6, 0x85, 0xb5, 0x84, 0xb6, 0x84, 0x61, 0xfb, 0x6e, 0x18, 0x6c,
0x92, 0x6b, 0x91, 0x6c, 0x8f, 0x08, 0x8e, 0x6b, 0x6b, 0x8d, 0x6b, 0x1b, 0x61, 0x8c, 0x65, 0x86,
0x68, 0x80, 0x68, 0x80, 0x6c, 0x7b, 0x71, 0x74, 0x77, 0x7a, 0x7a, 0x76, 0x7d, 0x72, 0x7c, 0x72,
0x81, 0x6f, 0x84, 0x6a, 0x7e, 0x4e, 0x18, 0xf8, 0x17, 0x8c, 0x66, 0xfb, 0x61, 0x05, 0xfc, 0x0d,
0x06, 0xfb, 0x2d, 0xfe, 0x01, 0x05, 0x0e, 0x3a, 0x0a, 0x0e, 0x55, 0x1d, 0x54, 0x0a, 0x51, 0x0a,
0x5f, 0x1d, 0x0e, 0x49, 0x0a, 0x0e, 0x51, 0x1d, 0x0e, 0x31, 0x1d, 0x0e, 0x25, 0x0a, 0x0e, 0x4f,
0x0a, 0xf0, 0xf8, 0xb3, 0x15, 0x90, 0xb9, 0x94, 0xb9, 0x98, 0xba, 0x97, 0xba, 0x9b, 0xb7, 0x9e,
0xb5, 0x9e, 0xb5, 0xa3, 0xb2, 0xa6, 0xb0, 0xa6, 0xaf, 0xaa, 0xaa, 0xae, 0xa4, 0xad, 0xa4, 0xb1,
0x9e, 0xb6, 0x99, 0xb5, 0x99, 0xba, 0x91, 0xbe, 0x8a, 0xaa, 0x8a, 0xaa, 0x87, 0xa8, 0x83, 0x08,
0xa8, 0x83, 0xa5, 0x7f, 0xa3, 0x7c, 0x9c, 0x81, 0x9a, 0x7f, 0x9a, 0x7d, 0x99, 0x7d, 0x98, 0x7b,
0x97, 0x7a, 0xb5, 0xf7, 0x03, 0x18, 0xf7, 0x86, 0x06, 0xfb, 0x98, 0x1c, 0xfa, 0x26, 0x36, 0x0a,
0xee, 0xf8, 0x91, 0x7c, 0x7d, 0x7c, 0x7e, 0x7c, 0x7f, 0x19, 0x7c, 0x7f, 0x7b, 0x81, 0x7b, 0x82,
0x71, 0x7c, 0x70, 0x80, 0x6e, 0x84, 0x6e, 0x84, 0x6c, 0x87, 0x6a, 0x8c, 0x5b, 0x8c, 0x61, 0x93,
0x66, 0x9c, 0x66, 0x9b, 0x6c, 0xa1, 0x71, 0xa6, 0x70, 0xa6, 0x76, 0xaa, 0x7b, 0xaf, 0x7a, 0xae,
0x7f, 0xb1, 0x82, 0xb3, 0x08, 0x82, 0xb2, 0x86, 0xb4, 0x8a, 0xb5, 0x89, 0xb5, 0x8c, 0xb4, 0x90,
0xb2, 0x08, 0xf7, 0xa3, 0x16, 0x89, 0x77, 0x8a, 0x75, 0x8a, 0x74, 0x8a, 0x74, 0x8b, 0x73, 0x8d,
0x74, 0x8d, 0x74, 0x8f, 0x74, 0x91, 0x76, 0x91, 0x75, 0x94, 0x78, 0x97, 0x7a, 0x96, 0x7a, 0x9a,
0x7d, 0x9e, 0x80, 0x9e, 0x80, 0xa2, 0x86, 0xa6, 0x8a, 0xa4, 0x8a, 0xa2, 0x8e, 0xa1, 0x91, 0x08,
0xa0, 0x91, 0x9f, 0x94, 0x9d, 0x97, 0x9a, 0x94, 0x98, 0x96, 0x98, 0x98, 0x98, 0x97, 0x97, 0x98,
0x96, 0x9a, 0xdd, 0xf8, 0x63, 0x18, 0x83, 0x9e, 0x81, 0x9b, 0x80, 0x98, 0x7f, 0x98, 0x7e, 0x96,
0x7d, 0x93, 0x7d, 0x93, 0x7d, 0x0a, 0x6c, 0x8c, 0x70, 0x86, 0x72, 0x82, 0x72, 0x81, 0x75, 0x7e,
0x78, 0x7a, 0x79, 0x7a, 0x7b, 0x78, 0x7d, 0x75, 0x08, 0x7c, 0x75, 0x7f, 0x74, 0x82, 0x72, 0x81,
0x72, 0x83, 0x71, 0x85, 0x71, 0x85, 0x70, 0x86, 0x71, 0x88, 0x72, 0x08, 0x0e, 0x3e, 0x1d, 0x0e,
0x2e, 0x1d, 0x0e, 0x43, 0x1d, 0x0e, 0x2c, 0x0a, 0x0e, 0x60, 0x0a, 0x3c, 0x0a, 0x0e, 0x47, 0x0a,
0x2a, 0x0a, 0x0e, 0x3f, 0x1d, 0x0e, 0xfa, 0xb0, 0xf8, 0xbf, 0x15, 0x83, 0x56, 0x80, 0x58, 0x7c,
0x59, 0x7c, 0x58, 0x78, 0x5c, 0x74, 0x5f, 0x75, 0x60, 0x71, 0x64, 0x6d, 0x68, 0x6d, 0x68, 0x69,
0x6d, 0x65, 0x72, 0x66, 0x73, 0x62, 0x79, 0x5e, 0x7e, 0x5e, 0x7e, 0x59, 0x85, 0x55, 0x8c, 0x3a,
0x8d, 0x49, 0x9d, 0x56, 0xad, 0x08, 0x56, 0xad, 0x63, 0xb7, 0x6e, 0xc1, 0x7b, 0xa8, 0x7e, 0xab,
0x82, 0xad, 0x81, 0xad, 0x84, 0xae, 0x88, 0xaf, 0x88, 0xa9, 0x89, 0xaa, 0x8c, 0xab, 0x8c, 0xab,
0x8d, 0xab, 0x8f, 0xab, 0xc1, 0xf7, 0xf0, 0x18, 0x96, 0xd6, 0x9d, 0xd3, 0xa6, 0xd1, 0xa5, 0xd1,
0xae, 0xc9, 0xb7, 0xc1, 0x9c, 0xa0, 0x9e, 0x9e, 0xa0, 0x9d, 0x9f, 0x9d, 0xa0, 0x9b, 0xa2, 0x9a,
0xaf, 0xa0, 0xb3, 0x9c, 0xb6, 0x97, 0xb6, 0x96, 0xbb, 0x90, 0xbe, 0x8a, 0xc1, 0x8a, 0xbb, 0x82,
0xb4, 0x7b, 0x08, 0xb4, 0x7b, 0xae, 0x76, 0xa9, 0x70, 0xa9, 0x70, 0xa4, 0x6b, 0x9e, 0x67, 0x9e,
0x66, 0x9a, 0x64, 0x95, 0x61, 0x95, 0x61, 0x91, 0x5f, 0x8d, 0x5d, 0x8c, 0x5c, 0x89, 0x5d, 0x85,
0x5c, 0x08, 0xfc, 0x25, 0xf7, 0xf3, 0x15, 0x70, 0x8c, 0x74, 0x88, 0x76, 0x84, 0x76, 0x83, 0x78,
0x80, 0x7a, 0x7e, 0x82, 0x83, 0x82, 0x82, 0x83, 0x81, 0x83, 0x81, 0x84, 0x81, 0x84, 0x80, 0x78,
0x6c, 0x7d, 0x6a, 0x82, 0x66, 0x81, 0x66, 0x84, 0x68, 0x86, 0x69, 0x6a, 0xfb, 0x63, 0x18, 0x87,
0x72, 0x89, 0x7d, 0x8a, 0x86, 0x8a, 0x86, 0x8b, 0x87, 0x8a, 0x88, 0xf8, 0x36, 0xf7, 0xae, 0x18,
0x8e, 0xa8, 0x8d, 0xa9, 0x8c, 0xac, 0x08, 0xac, 0x87, 0xa9, 0x83, 0xa8, 0x1e, 0x82, 0xa8, 0x7d,
0xa3, 0x77, 0x9e, 0x77, 0x9e, 0x6e, 0x96, 0x65, 0x8c, 0x08, 0xfb, 0x43, 0xfe, 0xaf, 0x15, 0xa4,
0x8a, 0xa1, 0x8d, 0x9e, 0x90, 0x9e, 0x90, 0x9d, 0x95, 0x9c, 0x98, 0x9e, 0x9a, 0x9b, 0x9e, 0x9a,
0xa0, 0x99, 0xa0, 0x96, 0xa2, 0x94, 0xa2, 0x94, 0xa4, 0x93, 0xa4, 0x91, 0xa6, 0x91, 0xa5, 0x90,
0xa4, 0x8f, 0xa4, 0xa9, 0xf7, 0x52, 0x18, 0x8d, 0x98, 0x8d, 0x95, 0x8c, 0x93, 0x8c, 0x93, 0x8c,
0x96, 0x8e, 0x98, 0xfc, 0x39, 0xfb, 0xaf, 0x18, 0x88, 0x6f, 0x8a, 0x6d, 0x8c, 0x6b, 0x08, 0x6b,
0x8f, 0x6d, 0x94, 0x70, 0x1e, 0x94, 0x6f, 0x99, 0x74, 0x9f, 0x78, 0x9f, 0x78, 0xa8, 0x81, 0xb0,
0x8a, 0x08, 0x0e, 0xf9, 0x4a, 0x16, 0xfb, 0xa6, 0x06, 0xf7, 0x55, 0xfa, 0xeb, 0xfc, 0x10, 0xfb,
0x17, 0xb7, 0xf7, 0x90, 0xf9, 0x17, 0xf7, 0x74, 0x05, 0x9f, 0x06, 0x0e, 0xfa, 0x5b, 0x16, 0xfe,
0x58, 0x06, 0xaa, 0xf7, 0x5c, 0xf8, 0xa2, 0xf8, 0x85, 0xa2, 0xa2, 0xa5, 0xa3, 0xa6, 0xa5, 0x19,
0xa6, 0xa5, 0xa5, 0xa7, 0xa4, 0xa9, 0xa3, 0xa8, 0xa0, 0xaa, 0x9d, 0xab, 0x9c, 0xab, 0x96, 0xac,
0x90, 0xae, 0x8e, 0xa6, 0x8b, 0xa4, 0x87, 0xa3, 0x86, 0xa2, 0x83, 0xa0, 0x7f, 0x9d, 0x7e, 0x9d,
0x7b, 0x9a, 0x77, 0x96, 0x76, 0x96, 0x73, 0x91, 0x6e, 0x8c, 0x08, 0x65, 0x8c, 0x69, 0x85, 0x6e,
0x7f, 0x6d, 0x7f, 0x72, 0x7a, 0x76, 0x75, 0x76, 0x75, 0x7a, 0x71, 0x7e, 0x6d, 0x7e, 0x6d, 0x83,
0x6a, 0x86, 0x68, 0xfb, 0xa3, 0x8a, 0x18, 0x90, 0xd2, 0x9e, 0xcc, 0xac, 0xc6, 0xab, 0xc6, 0xb4,
0xbd, 0xbe, 0xb5, 0xbd, 0xb5, 0xc4, 0xab, 0xcb, 0xa2, 0xcb, 0xa2, 0xce, 0x95, 0xd1, 0x8a, 0xc9,
0x8a, 0xc3, 0x80, 0xbe, 0x77, 0xbe, 0x77, 0xb6, 0x6f, 0xae, 0x67, 0xae, 0x66, 0xa5, 0x60, 0x9c,
0x58, 0x08, 0x9c, 0x58, 0x90, 0x51, 0x86, 0x4c, 0x86, 0x52, 0x7c, 0x55, 0x72, 0x59, 0x72, 0x58,
0x6c, 0x5c, 0x66, 0x5f, 0x66, 0x5e, 0x64, 0x61, 0x60, 0x64, 0x60, 0x63, 0x62, 0x65, 0x64, 0x66,
0xfb, 0xcb, 0xfb, 0xb6, 0x18, 0xf8, 0xf8, 0x06, 0x0e, 0xf8, 0x57, 0xf9, 0xe6, 0x15, 0xf7, 0x1b,
0x8a, 0x05, 0xad, 0xab, 0x90, 0x95, 0xa9, 0x1f, 0xa9, 0x94, 0xa6, 0x99, 0xa2, 0x9d, 0xa2, 0x9d,
0x9f, 0xa2, 0x9a, 0xa6, 0x9a, 0xa6, 0x94, 0xaa, 0x90, 0xae, 0x8f, 0xaa, 0x89, 0xa7, 0x84, 0xa4,
0x84, 0xa4, 0x7f, 0x9f, 0x7a, 0x9b, 0x7e, 0x98, 0x7a, 0x96, 0x78, 0x92, 0x77, 0x92, 0x74, 0x8e,
0x72, 0x8c, 0x08, 0x6f, 0x8c, 0x71, 0x87, 0x72, 0x83, 0x72, 0x83, 0x75, 0x80, 0x78, 0x7c, 0x78,
0x7c, 0x7a, 0x78, 0x7e, 0x76, 0x7e, 0x75, 0x81, 0x72, 0x86, 0x70, 0xfb, 0xa2, 0x89, 0x18, 0x90,
0xcc, 0x9c, 0xc4, 0xaa, 0xbd, 0xa9, 0xbd, 0xb1, 0xb5, 0xba, 0xad, 0xba, 0xad, 0xbf, 0xa5, 0xc5,
0x9c, 0xc5, 0x9c, 0xc7, 0x93, 0xc8, 0x8a, 0xc8, 0x8a, 0xc5, 0x81, 0xc0, 0x7a, 0xc0, 0x79, 0xb9,
0x71, 0xb2, 0x69, 0xb2, 0x68, 0xa8, 0x61, 0x9f, 0x59, 0x08, 0x9f, 0x59, 0x92, 0x51, 0x86, 0x49,
0x88, 0x63, 0x82, 0x67, 0x7c, 0x6a, 0x7c, 0x6a, 0x77, 0x6d, 0x74, 0x70, 0x73, 0x70, 0x70, 0x72,
0x6d, 0x76, 0x6c, 0x76, 0x6b, 0x78, 0x69, 0x7b, 0xab, 0x7c, 0xa6, 0x78, 0xa2, 0x74, 0xa1, 0x74,
0x9d, 0x72, 0x99, 0x6f, 0x08, 0x99, 0x6e, 0x95, 0x6d, 0x90, 0x6b, 0x90, 0x6a, 0x8d, 0x6a, 0x88,
0x68, 0x86, 0x43, 0x78, 0x4c, 0x6b, 0x54, 0x6a, 0x54, 0x62, 0x5e, 0x58, 0x66, 0x58, 0x66, 0x52,
0x6f, 0x4c, 0x79, 0x4b, 0x78, 0x49, 0x83, 0x48, 0x8c, 0x4d, 0x8c, 0x52, 0x96, 0x56, 0x9e, 0x08,
0x56, 0x9e, 0x5d, 0xa7, 0x65, 0xaf, 0x65, 0xae, 0x6e, 0xb7, 0x76, 0xbe, 0x76, 0xbe, 0x82, 0xc4,
0x8d, 0xcc, 0xf7, 0xa1, 0x8a, 0x18, 0x8a, 0x70, 0x8f, 0x72, 0x92, 0x74, 0x92, 0x74, 0x96, 0x77,
0x7b, 0x0a, 0xa6, 0x85, 0xa9, 0x8a, 0xac, 0x8a, 0xab, 0x90, 0xa8, 0x95, 0xa8, 0x95, 0xa6, 0x99,
0xa2, 0x9e, 0xa2, 0x9e, 0x9e, 0xa2, 0x9a, 0xa6, 0x08, 0x9a, 0xa6, 0x94, 0xa9, 0x8f, 0xac, 0x8f,
0xab, 0x8a, 0xa8, 0x86, 0xa4, 0x86, 0xa4, 0x81, 0xa1, 0x7c, 0x9d, 0x7c, 0x9e, 0x76, 0x9a, 0x71,
0x96, 0x70, 0x96, 0x6c, 0x91, 0x68, 0x8c, 0xfb, 0x36, 0x8c, 0x18, 0x0e, 0xfa, 0x27, 0xf8, 0xb1,
0x15, 0xf7, 0x38, 0x06, 0x64, 0xfb, 0x75, 0x05, 0xfb, 0x38, 0x06, 0x54, 0xfb, 0xd0, 0x05, 0xfb,
0xa3, 0x06, 0xc2, 0xf7, 0xd0, 0x05, 0xfc, 0xde, 0x06, 0xa0, 0xf7, 0x4e, 0xf9, 0x83, 0xfa, 0x4e,
0x05, 0xf7, 0xaf, 0x06, 0xfd, 0x86, 0xfe, 0x27, 0x15, 0xf7, 0xd8, 0x06, 0xf1, 0xf8, 0xb4, 0x68,
0x58, 0x05, 0x0e, 0xf7, 0x3d, 0xf9, 0x65, 0x15, 0xf7, 0x64, 0xf9, 0x73, 0x05, 0xf9, 0xa7, 0x06,
0x62, 0xfb, 0x80, 0x05, 0xfc, 0xc3, 0x06, 0x27, 0xfb, 0xd6, 0xab, 0x9f, 0xad, 0x9a, 0xb0, 0x94,
0x19, 0xaf, 0x94, 0xb0, 0x90, 0xb0, 0x8a, 0xd0, 0x8a, 0xc6, 0x7e, 0xbc, 0x70, 0xbc, 0x70, 0xb2,
0x67, 0xa9, 0x5f, 0xa8, 0x5e, 0xa0, 0x58, 0x96, 0x51, 0x96, 0x51, 0x8d, 0x4f, 0x85, 0x4c, 0x84,
0x43, 0x78, 0x49, 0x6e, 0x4e, 0x6e, 0x4e, 0x65, 0x56, 0x5c, 0x5f, 0x08, 0x5c, 0x5f, 0x54, 0x69,
0x4c, 0x73, 0x4c, 0x73, 0x47, 0x80, 0x42, 0x8d, 0x4d, 0x8c, 0x52, 0x96, 0x57, 0xa0, 0x57, 0xa0,
0x5e, 0xa8, 0x65, 0xb0, 0x65, 0xb0, 0x6e, 0xb7, 0x76, 0xbe, 0x08, 0x76, 0xbe, 0x80, 0xc4, 0xca,
0x1a, 0xf7, 0x9d, 0x06, 0x8c, 0x6f, 0x90, 0x71, 0x93, 0x73, 0x93, 0x73, 0x96, 0x76, 0x9a, 0x79,
0x9a, 0x79, 0x9d, 0x7d, 0xa1, 0x80, 0xa1, 0x80, 0xa5, 0x86, 0xa9, 0x8a, 0xb4, 0x8a, 0xae, 0x92,
0xa8, 0x9c, 0xa8, 0x9c, 0xa4, 0xa1, 0x9f, 0xa6, 0x9e, 0xa6, 0x9b, 0xaa, 0x96, 0xae, 0x08, 0x96,
0xad, 0x92, 0xae, 0x8f, 0xae, 0x8e, 0xac, 0x8b, 0xaa, 0x87, 0xaa, 0x87, 0xa9, 0x82, 0xa6, 0x7d,
0xa2, 0x7d, 0xa2, 0x78, 0x9e, 0x72, 0x9a, 0x72, 0x99, 0x6c, 0x92, 0x66, 0x8c, 0x63, 0x8c, 0x67,
0x84, 0x6b, 0x7e, 0x6b, 0x7d, 0x6c, 0x77, 0x6e, 0x72, 0x08, 0x0e, 0xfa, 0x6b, 0x1c, 0x05, 0xbd,
0x15, 0x73, 0xfb, 0x7c, 0x7f, 0x8c, 0x60, 0x8c, 0x63, 0x87, 0x65, 0x84, 0x19, 0x64, 0x84, 0x68,
0x80, 0x6a, 0x7e, 0x5c, 0x77, 0x60, 0x71, 0x65, 0x6b, 0x65, 0x6a, 0x69, 0x66, 0x6d, 0x60, 0x7a,
0x72, 0x7c, 0x70, 0x7d, 0x6e, 0x7c, 0x6e, 0x7e, 0x6c, 0x80, 0x6b, 0xa0, 0xa1, 0xa2, 0x9f, 0xa3,
0x9d, 0xa3, 0x9d, 0xa5, 0x9a, 0xa6, 0x97, 0x08, 0xa2, 0x96, 0xa4, 0x93, 0xa5, 0x91, 0x08, 0x90,
0xa5, 0xa6, 0x8e, 0xa7, 0x1b, 0xce, 0x8a, 0xc3, 0x7c, 0xb9, 0x6e, 0xb9, 0x6e, 0xb0, 0x66, 0xa6,
0x5d, 0xa6, 0x5d, 0x9e, 0x57, 0x96, 0x52, 0x95, 0x52, 0x8d, 0x51, 0x86, 0x51, 0x85, 0x44, 0x7a,
0x49, 0x6e, 0x4d, 0x6e, 0x4c, 0x65, 0x55, 0x5c, 0x5d, 0x5c, 0x5d, 0x55, 0x67, 0x4d, 0x71, 0x08,
0x4c, 0x71, 0x47, 0x7f, 0x42, 0x8d, 0x3c, 0x8d, 0x47, 0x9d, 0x53, 0xad, 0x53, 0xac, 0x5e, 0xb7,
0x69, 0xc1, 0x68, 0xc1, 0x74, 0xc8, 0x7e, 0xcf, 0x7e, 0xcf, 0x88, 0xd1, 0x93, 0xd2, 0x99, 0xf6,
0x18, 0x96, 0xd8, 0x9c, 0xd4, 0xa3, 0xd2, 0xa2, 0xd1, 0xa9, 0xcc, 0xb0, 0xc7, 0xb9, 0xd5, 0xc2,
0xcd, 0xcc, 0xc5, 0xcc, 0xc4, 0xd5, 0xb9, 0xdd, 0xac, 0xb8, 0x9c, 0xba, 0x99, 0xbe, 0x95, 0x08,
0x94, 0xbd, 0xc0, 0x90, 0xc2, 0x1b, 0xfb, 0xdf, 0xfd, 0x64, 0x15, 0x72, 0x8c, 0x73, 0x87, 0x74,
0x84, 0x74, 0x84, 0x76, 0x81, 0x78, 0x7e, 0x77, 0x7e, 0x79, 0x7b, 0x7a, 0x7a, 0x7a, 0x79, 0x7d,
0x78, 0x7e, 0x77, 0x80, 0x37, 0x18, 0x89, 0x76, 0x8a, 0x75, 0x74, 0x1a, 0x8a, 0x74, 0x8c, 0x73,
0x8e, 0x74, 0x8e, 0x73, 0x90, 0x74, 0x92, 0x76, 0x92, 0x75, 0x95, 0x78, 0x98, 0x7a, 0x98, 0x7a,
0x9b, 0x7e, 0x9e, 0x81, 0x9e, 0x80, 0xa3, 0x86, 0xa6, 0x8a, 0xb1, 0x8a, 0xad, 0x92, 0xa8, 0x9c,
0xa8, 0x9c, 0xa5, 0xa1, 0xa0, 0xa6, 0x08, 0xa0, 0xa6, 0x9b, 0xa9, 0x97, 0xad, 0x97, 0xac, 0x93,
0xad, 0x8e, 0xac, 0x8e, 0xa8, 0x8a, 0xaa, 0x88, 0xaa, 0x87, 0xaa, 0x83, 0xa7, 0x7e, 0xa5, 0x7e,
0xa4, 0x7a, 0xa0, 0x74, 0x9c, 0x74, 0x9c, 0x6d, 0x94, 0x68, 0x8c, 0x08, 0x0e, 0x1c, 0x04, 0x90,
0x1c, 0x05, 0x09, 0x15, 0xfd, 0x7f, 0x1c, 0xfa, 0xf7, 0x05, 0xfb, 0xbc, 0x06, 0xf9, 0x7b, 0x1c,
0x04, 0xcd, 0x05, 0xfd, 0x54, 0x06, 0xaf, 0xf7, 0x77, 0x05, 0xfa, 0x76, 0x06, 0x0e, 0xfa, 0xe5,
0xfa, 0xc9, 0x15, 0x88, 0x64, 0x82, 0x66, 0x7e, 0x6a, 0x7d, 0x6a, 0x79, 0x6c, 0x75, 0x70, 0x75,
0x70, 0x72, 0x72, 0x6e, 0x75, 0x6e, 0x74, 0x6b, 0x77, 0x69, 0x7a, 0x9e, 0x7f, 0x9c, 0x7e, 0x9b,
0x7c, 0x9a, 0x7c, 0x99, 0x7c, 0x97, 0x7b, 0xa5, 0x68, 0x9e, 0x65, 0x97, 0x60, 0x08, 0x97, 0x60,
0x8f, 0x5f, 0x88, 0x5c, 0x86, 0x45, 0x7a, 0x4d, 0x6c, 0x56, 0x6c, 0x55, 0x64, 0x5e, 0x5b, 0x67,
0x5b, 0x66, 0x54, 0x70, 0x4e, 0x79, 0x4e, 0x79, 0x4b, 0x83, 0x49, 0x8c, 0x4e, 0x8c, 0x51, 0x94,
0x56, 0x9e, 0x56, 0x9e, 0x5d, 0xa5, 0x65, 0xae, 0x08, 0x64, 0xad, 0x6e, 0xb5, 0x76, 0xbe, 0x76,
0xbd, 0x84, 0xc5, 0x90, 0xcc, 0x8e, 0xb8, 0x95, 0xb4, 0x9b, 0xb0, 0x9a, 0xb0, 0xa0, 0xac, 0xa4,
0xa9, 0xa4, 0xa9, 0xa9, 0xa6, 0xac, 0xa3, 0xac, 0xa2, 0xaf, 0xa0, 0xb2, 0x9d, 0x78, 0x99, 0x7a,
0x9a, 0x7c, 0x9c, 0x08, 0x7c, 0x9c, 0x7d, 0x9c, 0x80, 0x9e, 0x79, 0xa9, 0x7e, 0xac, 0x84, 0xae,
0x83, 0xae, 0x88, 0xaf, 0x8e, 0xb0, 0x90, 0xce, 0x9b, 0xc6, 0xa7, 0xbf, 0xa6, 0xbf, 0xaf, 0xb7,
0xb8, 0xaf, 0xb7, 0xaf, 0xbe, 0xa6, 0xc4, 0x9d, 0xc4, 0x9d, 0xc8, 0x93, 0xcb, 0x8a, 0x08, 0xc6,
0x8a, 0xc1, 0x81, 0xbe, 0x79, 0xbd, 0x78, 0xb6, 0x71, 0xaf, 0x69, 0xae, 0x68, 0xa6, 0x62, 0x9e,
0x5a, 0x9d, 0x5a, 0x92, 0x54, 0x86, 0x4d, 0x08, 0xfb, 0xf7, 0xfd, 0x20, 0x15, 0x8e, 0xa7, 0x8a,
0xa6, 0x86, 0xa4, 0x86, 0xa4, 0x81, 0xa2, 0x7e, 0x9e, 0x7d, 0x9e, 0x79, 0x9a, 0x75, 0x96, 0x75,
0x96, 0x71, 0x91, 0x6d, 0x8c, 0x6a, 0x8c, 0x6c, 0x85, 0x70, 0x80, 0x6f, 0x7f, 0x73, 0x7b, 0x76,
0x77, 0x76, 0x76, 0x7a, 0x73, 0x7e, 0x70, 0x08, 0x7e, 0x6f, 0x82, 0x6d, 0x88, 0x6b, 0x88, 0x6e,
0x8c, 0x71, 0x90, 0x72, 0x90, 0x72, 0x95, 0x75, 0x99, 0x79, 0x99, 0x78, 0x9d, 0x7d, 0xa2, 0x80,
0xa1, 0x80, 0xa5, 0x85, 0xa9, 0x8a, 0xac, 0x8a, 0xa9, 0x91, 0xa6, 0x97, 0xa6, 0x96, 0xa4, 0x9b,
0xa0, 0x9f, 0x08, 0xa0, 0x9f, 0x9c, 0xa3, 0x98, 0xa6, 0x98, 0xa6, 0x93, 0xa9, 0x8e, 0xaa, 0x08,
0xde, 0xf9, 0x13, 0x15, 0x8e, 0xa4, 0x8a, 0xa2, 0x86, 0xa2, 0x86, 0xa1, 0x83, 0x9f, 0x80, 0x9c,
0x7f, 0x9c, 0x7c, 0x99, 0x78, 0x96, 0x78, 0x95, 0x74, 0x90, 0x70, 0x8c, 0x6d, 0x8c, 0x70, 0x86,
0x74, 0x80, 0x73, 0x80, 0x76, 0x7c, 0x7a, 0x78, 0x79, 0x78, 0x7d, 0x76, 0x81, 0x72, 0x08, 0x80,
0x72, 0x85, 0x71, 0x88, 0x6f, 0x88, 0x72, 0x8c, 0x74, 0x90, 0x74, 0x8f, 0x74, 0x93, 0x77, 0x96,
0x7a, 0x96, 0x79, 0x9a, 0x7d, 0x9e, 0x80, 0x08, 0x80, 0x9e, 0xa2, 0x85, 0xa6, 0x1b, 0xa8, 0x8a,
0xa6, 0x91, 0xa3, 0x96, 0xa3, 0x96, 0xa0, 0x9b, 0x9d, 0x9e, 0x9c, 0x9e, 0x99, 0xa2, 0x96, 0xa4,
0x96, 0xa4, 0x92, 0xa5, 0x8e, 0xa6, 0x08, 0x0e, 0xf7, 0x91, 0xf7, 0x70, 0x15, 0xb3, 0x8a, 0xb1,
0x8e, 0xaf, 0x90, 0xaf, 0x90, 0xad, 0x93, 0xaa, 0x96, 0xb0, 0x98, 0xae, 0x9c, 0xaa, 0xa0, 0xaa,
0xa0, 0xa8, 0xa3, 0xa5, 0xa8, 0xa2, 0xa5, 0xa0, 0xa9, 0x9e, 0xac, 0x9e, 0xac, 0x9b, 0xb0, 0x9a,
0xb3, 0x7a, 0x7b, 0x78, 0x7d, 0x78, 0x7e, 0x08, 0x78, 0x7e, 0x77, 0x81, 0x77, 0x83, 0x74, 0x81,
0x72, 0x84, 0x72, 0x86, 0x71, 0x86, 0x70, 0x89, 0x6f, 0x8c, 0x48, 0x8c, 0x53, 0x99, 0x5c, 0xa7,
0x5c, 0xa7, 0x65, 0xb0, 0x6e, 0xb8, 0x6e, 0xb8, 0x78, 0xbf, 0x80, 0xc4, 0x80, 0xc4, 0x88, 0xc6,
0x90, 0xc6, 0x08, 0x8f, 0xba, 0x94, 0xb8, 0x9a, 0xb8, 0x99, 0xb7, 0x9e, 0xb5, 0xa2, 0xb2, 0xa2,
0xb2, 0xa6, 0xae, 0xaa, 0xac, 0xaa, 0xab, 0xae, 0xa7, 0xb1, 0xa2, 0xb1, 0xa2, 0xb4, 0x9c, 0xb8,
0x98, 0xb7, 0x97, 0xba, 0x90, 0xbc, 0x8a, 0xc1, 0x8a, 0xbb, 0x82, 0xb5, 0x7a, 0x08, 0xb5, 0x7a,
0xb0, 0x75, 0xaa, 0x6e, 0xaa, 0x6e, 0xa5, 0x6a, 0xa0, 0x65, 0xa0, 0x64, 0x9b, 0x62, 0x97, 0x60,
0x96, 0x60, 0x92, 0x5d, 0x8e, 0x5c, 0x8e, 0x5c, 0x8a, 0x5c, 0x86, 0x5d, 0x7f, 0x2b, 0x18, 0x7c,
0xfb, 0x07, 0x6e, 0x20, 0x60, 0x2a, 0x60, 0x2a, 0x52, 0x37, 0x46, 0x44, 0x45, 0x44, 0x38, 0x53,
0x2b, 0x63, 0x2b, 0x63, 0xfb, 0x00, 0x77, 0xfb, 0x0d, 0x8a, 0x08, 0x71, 0x06, 0xa3, 0xf7, 0x7e,
0x05, 0xf7, 0xeb, 0xf8, 0x65, 0x15, 0xa4, 0x8a, 0xa2, 0x8f, 0xa1, 0x92, 0xa1, 0x92, 0x9f, 0x96,
0x9e, 0x98, 0x9e, 0x98, 0x9c, 0x9a, 0x9a, 0x9d, 0x9a, 0x9d, 0x99, 0x9e, 0x97, 0xa0, 0x98, 0xf0,
0x18, 0x8d, 0x9c, 0x8c, 0x9d, 0x8c, 0x9f, 0x8c, 0x9f, 0x8a, 0x9f, 0x8a, 0x9f, 0x8a, 0xab, 0x85,
0xab, 0x81, 0xa9, 0x81, 0xa9, 0x7c, 0xa4, 0x76, 0x9f, 0x80, 0x96, 0x7d, 0x93, 0x7c, 0x92, 0x7c,
0x91, 0x79, 0x8e, 0x77, 0x8c, 0x65, 0x8c, 0x6a, 0x82, 0x6e, 0x79, 0x08, 0x6e, 0x78, 0x73, 0x74,
0x77, 0x6e, 0x77, 0x6e, 0x7b, 0x6b, 0x80, 0x68, 0x80, 0x68, 0x83, 0x6a, 0x88, 0x6b, 0x88, 0x6e,
0x8b, 0x6c, 0x8e, 0x6c, 0x8e, 0x6b, 0x92, 0x6e, 0x97, 0x71, 0x96, 0x70, 0x9c, 0x75, 0xa1, 0x79,
0xa1, 0x79, 0xa8, 0x82, 0xaf, 0x8a, 0x08, 0x0e, 0xf9, 0x98, 0xf9, 0x27, 0x15, 0xfb, 0x57, 0x06,
0xea, 0xf8, 0xb9, 0xfb, 0x55, 0x61, 0xa8, 0xf7, 0x37, 0xf8, 0x05, 0xf7, 0x08, 0x05, 0xa3, 0x06,
0x0e, 0xfa, 0x2a, 0xf9, 0x2f, 0x15, 0xfc, 0xed, 0x06, 0xa4, 0xf7, 0x24, 0xf7, 0xca, 0xf7, 0x8f,
0x97, 0x95, 0x98, 0x96, 0x9a, 0x98, 0x19, 0x99, 0x98, 0x99, 0x98, 0x98, 0x99, 0x98, 0x99, 0x96,
0x9a, 0x94, 0x9b, 0x94, 0x9a, 0x92, 0x9b, 0x8e, 0x9c, 0x90, 0xa4, 0x87, 0x9f, 0x7e, 0x9a, 0x08,
0x99, 0x7e, 0x79, 0x92, 0x72, 0x1b, 0x79, 0x7b, 0x88, 0x85, 0x7e, 0x1f, 0x7d, 0x85, 0x7f, 0x83,
0x81, 0x80, 0x80, 0x80, 0x83, 0x7f, 0x84, 0x7e, 0x84, 0x7d, 0x86, 0x7c, 0x88, 0x7b, 0xfb, 0x5a,
0x8a, 0x18, 0x8e, 0xb6, 0x96, 0xb1, 0x9d, 0xad, 0x9c, 0xad, 0xa2, 0xa8, 0xa8, 0xa3, 0xa7, 0xa3,
0xac, 0x9d, 0xb0, 0x98, 0xb0, 0x98, 0xb2, 0x91, 0xb5, 0x8a, 0xb0, 0x8a, 0xaf, 0x86, 0xad, 0x82,
0xad, 0x81, 0xa9, 0x7c, 0xa5, 0x78, 0xa5, 0x77, 0x9f, 0x72, 0x9a, 0x6d, 0x08, 0x9a, 0x6d, 0x91,
0x67, 0x89, 0x62, 0x8a, 0x67, 0x82, 0x6a, 0x7b, 0x6e, 0x7b, 0x6d, 0x77, 0x70, 0x73, 0x72, 0x73,
0x72, 0x71, 0x74, 0x6f, 0x76, 0x6e, 0x76, 0x70, 0x77, 0x70, 0x78, 0xfb, 0x18, 0x30, 0x18, 0xf7,
0xe4, 0x89, 0x05, 0x0e, 0xfa, 0x2f, 0xfa, 0x84, 0x15, 0x97, 0x7c, 0x94, 0x7a, 0x90, 0x78, 0x90,
0x78, 0x8e, 0x76, 0x8a, 0x74, 0x78, 0x0a, 0x6a, 0x78, 0x67, 0x7d, 0x64, 0x83, 0x63, 0x82, 0x64,
0x87, 0x66, 0x8c, 0x64, 0x8c, 0x67, 0x90, 0x69, 0x96, 0x08, 0x69, 0x95, 0x6d, 0x9a, 0x72, 0xa0,
0x71, 0x9f, 0x76, 0xa4, 0x7c, 0xaa, 0x08, 0x7c, 0xaa, 0x83, 0xaf, 0xb4, 0x1a, 0xf7, 0x54, 0x8a,
0x8c, 0x7e, 0x8d, 0x7f, 0x90, 0x81, 0x19, 0x90, 0x81, 0x91, 0x83, 0x92, 0x84, 0x94, 0x83, 0x97,
0x85, 0x98, 0x56, 0x0a, 0x96, 0xf7, 0x1c, 0x05, 0xdd, 0x06, 0x9a, 0x8c, 0x9b, 0x8d, 0x9a, 0x8f,
0x9a, 0x8f, 0x98, 0x91, 0x98, 0x93, 0x98, 0x92, 0x95, 0x95, 0x94, 0x97, 0x94, 0x96, 0x90, 0x9a,
0x8e, 0x9c, 0x8d, 0x98, 0x8a, 0x96, 0x88, 0x94, 0x87, 0x94, 0x85, 0x93, 0x83, 0x91, 0x83, 0x91,
0x82, 0x90, 0x80, 0x8e, 0x08, 0x8e, 0x80, 0x80, 0x8c, 0x80, 0x1b, 0x72, 0x75, 0x86, 0x81, 0x78,
0x1f, 0x78, 0x81, 0x7c, 0x7b, 0x81, 0x74, 0xfb, 0x5e, 0x8a, 0x18, 0x8e, 0xb3, 0x96, 0xad, 0x9e,
0xa8, 0x9d, 0xa8, 0xa2, 0xa2, 0xa7, 0x9e, 0xa7, 0x9d, 0xab, 0x98, 0xae, 0x94, 0x08, 0x94, 0xae,
0xaf, 0x8f, 0xb0, 0x1b, 0xac, 0x8a, 0xad, 0x87, 0xae, 0x83, 0xae, 0x83, 0xaa, 0x7e, 0xa7, 0x7a,
0xa6, 0x7a, 0xa2, 0x74, 0x9c, 0x70, 0x9c, 0x6f, 0x92, 0x69, 0x89, 0x63, 0x8a, 0x73, 0x86, 0x76,
0x82, 0x78, 0x82, 0x78, 0x7f, 0x7a, 0x7d, 0x7d, 0x7c, 0x7c, 0x7b, 0x7e, 0x78, 0x80, 0x08, 0x78,
0x80, 0x78, 0x80, 0x76, 0x82, 0x9d, 0x85, 0x9b, 0x83, 0x99, 0x82, 0x98, 0x82, 0x97, 0x80, 0x94,
0x7e, 0x08, 0x0e, 0xf9, 0x93, 0xf9, 0x54, 0x15, 0x89, 0x9b, 0x8a, 0x9b, 0x9b, 0x1a, 0x8a, 0x9a,
0x8b, 0x9b, 0x8c, 0x9a, 0x6d, 0x69, 0x69, 0x71, 0x66, 0x78, 0x66, 0x78, 0x61, 0x81, 0x5d, 0x8c,
0x08, 0x6a, 0x6c, 0x90, 0x96, 0x70, 0x1f, 0x6f, 0x95, 0x73, 0x9a, 0x78, 0x9e, 0x78, 0x9e, 0x7c,
0xa2, 0x81, 0xa6, 0x81, 0xa6, 0x87, 0xaa, 0x8c, 0xad, 0x8d, 0xba, 0x97, 0xb2, 0xa2, 0xaa, 0xa1,
0xaa, 0xa7, 0xa3, 0xad, 0x9d, 0xad, 0x9d, 0xb1, 0x98, 0xb4, 0x92, 0x08, 0x92, 0xb4, 0xb3, 0x8f,
0xb2, 0x1b, 0xf7, 0x1c, 0x8a, 0x93, 0xc0, 0x8d, 0x9c, 0x8b, 0x9b, 0x89, 0x9a, 0x19, 0x89, 0x9a,
0x87, 0x98, 0x85, 0x96, 0x84, 0x96, 0x82, 0x94, 0x7f, 0x92, 0x7e, 0x92, 0x7c, 0x8e, 0x78, 0x8c,
0x77, 0x8c, 0x79, 0x89, 0x7a, 0x86, 0x7a, 0x86, 0x7d, 0x84, 0x7e, 0x81, 0x80, 0x83, 0x82, 0x81,
0x84, 0x80, 0x84, 0x7f, 0x85, 0x7d, 0x87, 0x7c, 0xfb, 0x3f, 0x98, 0x18, 0x90, 0xb4, 0x98, 0xae,
0xa0, 0xa9, 0xa0, 0xa8, 0xa4, 0xa4, 0xa9, 0x9e, 0xa9, 0x9e, 0xac, 0x99, 0xb0, 0x94, 0xb0, 0x94,
0xb0, 0x8f, 0xb1, 0x8a, 0xb4, 0x8a, 0xb0, 0x84, 0xac, 0x7e, 0xab, 0x7d, 0xa6, 0x78, 0xa0, 0x73,
0xa0, 0x73, 0x9b, 0x6e, 0x96, 0x6a, 0x08, 0x96, 0x69, 0x8d, 0x66, 0x86, 0x62, 0x81, 0x45, 0x83,
0x57, 0x85, 0x68, 0x85, 0x68, 0x82, 0x57, 0x80, 0x45, 0x86, 0x6c, 0x88, 0x6d, 0x8a, 0x6e, 0x8a,
0x6d, 0x8c, 0x6c, 0x90, 0x6c, 0x08, 0xfb, 0xed, 0xf7, 0x15, 0x15, 0x9c, 0x9d, 0x8d, 0x90, 0x9c,
0x1f, 0x9c, 0x90, 0x9c, 0x91, 0x9b, 0x94, 0x9b, 0x94, 0x9a, 0x95, 0x99, 0x97, 0x99, 0x96, 0x97,
0x98, 0x96, 0x99, 0x9d, 0xf3, 0x18, 0xfb, 0x0f, 0x06, 0x79, 0x8a, 0x78, 0x89, 0x78, 0x87, 0x77,
0x86, 0x79, 0x84, 0x7a, 0x82, 0x7a, 0x82, 0x7d, 0x7f, 0x80, 0x7c, 0x7f, 0x7c, 0x84, 0x7a, 0x89,
0x76, 0x89, 0x7c, 0x8c, 0x7e, 0x90, 0x80, 0x90, 0x80, 0x92, 0x83, 0x94, 0x85, 0x94, 0x84, 0x95,
0x87, 0x98, 0x29, 0x0a, 0x97, 0x98, 0x89, 0x98, 0x1b, 0x0e, 0xf7, 0xef, 0x1c, 0x04, 0x74, 0x15,
0x91, 0xbd, 0x99, 0xb9, 0xa1, 0xb5, 0xa0, 0xb4, 0xa7, 0xaf, 0xac, 0xa9, 0xac, 0xa9, 0xb2, 0xa2,
0xb7, 0x9b, 0xb7, 0x9b, 0xbb, 0x92, 0xbe, 0x8a, 0xbc, 0x8a, 0xb6, 0x81, 0xb1, 0x7a, 0xb1, 0x7a,
0xab, 0x73, 0xa5, 0x6e, 0xa4, 0x6d, 0x9e, 0x68, 0x97, 0x63, 0x08, 0x96, 0x62, 0x8f, 0x5f, 0x86,
0x5c, 0x7e, 0xfb, 0x09, 0x18, 0x85, 0x59, 0x7d, 0x5d, 0x76, 0x62, 0x75, 0x61, 0x6f, 0x67, 0x6a,
0x6e, 0x6a, 0x6d, 0x64, 0x74, 0x5f, 0x7c, 0x5f, 0x7b, 0x5c, 0x84, 0x58, 0x8c, 0x5b, 0x8c, 0x60,
0x95, 0x65, 0x9c, 0x64, 0x9c, 0x6b, 0xa2, 0x72, 0xa9, 0x71, 0xa8, 0x78, 0xae, 0x80, 0xb4, 0x08,
0x7f, 0xb3, 0x87, 0xb7, 0x8f, 0xba, 0x08, 0xf7, 0x43, 0x88, 0x15, 0x89, 0x73, 0x8c, 0x74, 0x8f,
0x75, 0x8f, 0x74, 0x92, 0x78, 0x96, 0x7a, 0x96, 0x7a, 0x99, 0x7d, 0x9d, 0x80, 0x9d, 0x80, 0xa2,
0x86, 0xa6, 0x8a, 0xa7, 0x8a, 0xa4, 0x90, 0xa2, 0x95, 0xa1, 0x95, 0x9e, 0x99, 0x9b, 0x9c, 0x9b,
0x9c, 0x98, 0xa0, 0x95, 0xa2, 0x08, 0x94, 0xa2, 0x92, 0xa3, 0x8e, 0xa5, 0x98, 0xf7, 0x0b, 0x18,
0x8d, 0xa3, 0x8a, 0xa2, 0x88, 0xa2, 0x87, 0xa1, 0x84, 0x9f, 0x80, 0x9c, 0x80, 0x9c, 0x7c, 0x99,
0x78, 0x96, 0x78, 0x95, 0x75, 0x90, 0x70, 0x8c, 0x6f, 0x8c, 0x72, 0x86, 0x75, 0x82, 0x74, 0x81,
0x78, 0x7d, 0x7b, 0x7a, 0x7b, 0x7a, 0x7e, 0x77, 0x82, 0x74, 0x08, 0x81, 0x74, 0x84, 0x72, 0x88,
0x71, 0x08, 0x0e, 0xf8, 0x26, 0xf9, 0x84, 0x4a, 0x1d, 0xf8, 0xc4, 0x1c, 0xfa, 0x4d, 0x15, 0xfc,
0xb1, 0x06, 0xa1, 0xf7, 0x16, 0xf7, 0xab, 0xf7, 0x76, 0x96, 0x94, 0x97, 0x95, 0x98, 0x96, 0x19,
0x98, 0x96, 0x97, 0x97, 0x97, 0x98, 0x96, 0x98, 0x95, 0x98, 0x94, 0x99, 0x94, 0x99, 0x90, 0x9a,
0x8e, 0x9a, 0x8d, 0x94, 0x8c, 0x94, 0x8a, 0x93, 0x8a, 0x93, 0x88, 0x92, 0x87, 0x91, 0x86, 0x93,
0x84, 0x91, 0x82, 0x90, 0x08, 0x90, 0x81, 0x80, 0x8d, 0x7e, 0x1b, 0x7b, 0x7d, 0x88, 0x86, 0x7f,
0x1f, 0x7e, 0x86, 0x80, 0x83, 0x82, 0x81, 0x82, 0x82, 0x83, 0x80, 0x85, 0x7f, 0x85, 0x7e, 0x86,
0x7e, 0x88, 0x7c, 0xfb, 0x46, 0x8a, 0x18, 0x8e, 0xb2, 0x95, 0xad, 0x9b, 0xaa, 0x9a, 0xaa, 0xa0,
0xa5, 0xa5, 0xa0, 0xa4, 0xa1, 0xa9, 0x9c, 0xac, 0x96, 0xac, 0x96, 0xaf, 0x91, 0xb0, 0x8a, 0xad,
0x8a, 0xab, 0x87, 0xaa, 0x82, 0xaa, 0x82, 0xa6, 0x7e, 0xa2, 0x79, 0xa2, 0x7a, 0x9e, 0x75, 0x98,
0x70, 0x08, 0x98, 0x70, 0x90, 0x6a, 0x8a, 0x66, 0x8a, 0x6a, 0x83, 0x6e, 0x7d, 0x70, 0x7c, 0x70,
0x79, 0x73, 0x75, 0x74, 0x76, 0x75, 0x73, 0x77, 0x72, 0x78, 0x71, 0x78, 0x72, 0x79, 0x73, 0x7a,
0xfb, 0x0a, 0x39, 0x18, 0xf7, 0xc2, 0x89, 0x05, 0xfd, 0xc0, 0xe9, 0x30, 0x0a, 0xf8, 0x4d, 0xf9,
0x83, 0x4a, 0x1d, 0xf8, 0x56, 0x1c, 0xfb, 0x70, 0x5a, 0x0a, 0xfc, 0x8c, 0xfb, 0x7a, 0x30, 0x0a,
0xfa, 0xb2, 0xf7, 0xb6, 0x5a, 0x0a, 0xfc, 0xd8, 0xf9, 0x4f, 0x52, 0x0a, 0x99, 0x86, 0x98, 0x86,
0x96, 0x84, 0x96, 0x84, 0x94, 0x83, 0x93, 0x82, 0x98, 0x7d, 0x95, 0x7b, 0x91, 0x78, 0x91, 0x78,
0x8e, 0x76, 0x8a, 0x74, 0x5e, 0x1d, 0x7f, 0x8d, 0x81, 0x8f, 0x82, 0x8f, 0x82, 0x90, 0x84, 0x91,
0x85, 0x94, 0x83, 0x95, 0x85, 0x98, 0x88, 0x08, 0x87, 0x97, 0x99, 0x89, 0x9a, 0x1b, 0x98, 0x99,
0x8d, 0x8f, 0x98, 0x1f, 0x98, 0x8e, 0x98, 0x90, 0x96, 0x92, 0x96, 0x35, 0x0a, 0x96, 0x90, 0x97,
0x8e, 0x99, 0x8d, 0x9b, 0x8a, 0x98, 0x87, 0x95, 0x87, 0x95, 0x85, 0x93, 0x82, 0x90, 0x82, 0x91,
0x81, 0x8f, 0x7f, 0x8e, 0x7f, 0x8d, 0x7f, 0x8c, 0x7e, 0x8c, 0x08, 0x39, 0x06, 0xf7, 0x0c, 0xfd,
0xbb, 0x30, 0x0a, 0x59, 0x1d, 0x4a, 0x0a, 0xfa, 0xaf, 0x16, 0xfc, 0x1e, 0x06, 0x5f, 0x88, 0x5f,
0x86, 0x60, 0x86, 0x60, 0x86, 0x5f, 0x88, 0x5e, 0x8c, 0x5b, 0x8c, 0x61, 0x92, 0x66, 0x9a, 0x66,
0x9a, 0x6c, 0x9e, 0x70, 0xa4, 0x70, 0xa3, 0x74, 0xa7, 0x7a, 0xac, 0x7a, 0xac, 0x7d, 0xae, 0x82,
0xb1, 0x82, 0xb1, 0x85, 0xb3, 0x8a, 0xb4, 0x08, 0x8a, 0xb4, 0x8c, 0xb5, 0x90, 0xb4, 0xd5, 0xf8,
0x64, 0x18, 0x92, 0xbc, 0x96, 0xbb, 0x99, 0xba, 0x99, 0xba, 0x9d, 0xb6, 0xa1, 0xb3, 0x9d, 0xac,
0xa0, 0xa9, 0xa2, 0xa7, 0xa3, 0xa7, 0xa6, 0xa4, 0xa9, 0xa1, 0xae, 0xa4, 0xb2, 0x9e, 0xb7, 0x99,
0xb7, 0x99, 0xbc, 0x92, 0xc0, 0x8a, 0x08, 0xb7, 0xb6, 0x88, 0x86, 0xb6, 0x1f, 0xb5, 0x85, 0xb6,
0x86, 0xb7, 0x88, 0x08, 0xf8, 0x31, 0x06, 0x65, 0xfb, 0x6d, 0x05, 0xfb, 0xe4, 0x06, 0x4a, 0xfc,
0x0a, 0x05, 0xf7, 0xb3, 0x06, 0x65, 0xfb, 0x6d, 0x05, 0xfb, 0xb2, 0x06, 0x42, 0xfc, 0x34, 0x05,
0xf7, 0xf0, 0x06, 0xfd, 0x3c, 0x78, 0x15, 0x9a, 0x8a, 0x9a, 0x8b, 0x9a, 0x8c, 0x08, 0x99, 0x9a,
0x8b, 0x9a, 0x1b, 0xf7, 0x52, 0xfa, 0xa9, 0x7c, 0x8c, 0x7d, 0x8d, 0x7d, 0x8c, 0x19, 0x7c, 0x8c,
0x7d, 0x8b, 0x7c, 0x8c, 0x60, 0x8c, 0x67, 0x82, 0x6e, 0x7a, 0x6e, 0x79, 0x74, 0x74, 0x79, 0x6e,
0x79, 0x6e, 0x7d, 0x6b, 0x82, 0x67, 0x81, 0x66, 0x83, 0x67, 0x86, 0x67, 0x43, 0xfc, 0x68, 0x18,
0x88, 0x6f, 0x88, 0x6d, 0x8a, 0x6b, 0x89, 0x6a, 0x8d, 0x6d, 0x92, 0x70, 0x8e, 0x7d, 0x90, 0x7e,
0x91, 0x7f, 0x91, 0x7f, 0x93, 0x81, 0x95, 0x82, 0x94, 0x82, 0x97, 0x83, 0x99, 0x86, 0x99, 0x86,
0x9b, 0x87, 0x9e, 0x8a, 0x08, 0x0e, 0xf8, 0x5f, 0xfa, 0xe3, 0x15, 0xa3, 0x8a, 0xa2, 0x89, 0xa2,
0x86, 0xa2, 0x86, 0xa0, 0x83, 0xa0, 0x81, 0x98, 0x84, 0x99, 0x83, 0x98, 0x82, 0x98, 0x82, 0x97,
0x80, 0x96, 0x7f, 0x98, 0x96, 0x98, 0x95, 0x98, 0x94, 0x98, 0x94, 0x98, 0x93, 0x99, 0x92, 0xa0,
0x96, 0xa1, 0x93, 0xa2, 0x90, 0x08, 0xa2, 0x90, 0xa4, 0x8e, 0xa5, 0x8a, 0xb2, 0x8a, 0xad, 0x85,
0xa8, 0x7e, 0xa8, 0x7e, 0xa5, 0x7b, 0xa0, 0x76, 0xa0, 0x76, 0x9c, 0x72, 0x99, 0x70, 0x98, 0x6f,
0x96, 0x6d, 0x92, 0x6c, 0x92, 0x6b, 0x90, 0x6a, 0x8d, 0x6a, 0x8c, 0x69, 0x89, 0x64, 0x84, 0x60,
0x6c, 0xfb, 0x5d, 0x18, 0xfc, 0x24, 0x06, 0x84, 0x67, 0x89, 0x80, 0x8a, 0x81, 0x8a, 0x80, 0x19,
0x8a, 0x80, 0x8a, 0x81, 0x80, 0x1a, 0x7e, 0x8c, 0x7e, 0x8d, 0x7e, 0x1e, 0x8d, 0x7e, 0x8e, 0x7e,
0x90, 0x80, 0x92, 0x76, 0x97, 0x7a, 0x9c, 0x7e, 0x9c, 0x7e, 0xa2, 0x84, 0xa9, 0x8a, 0x08, 0x98,
0x97, 0x8c, 0x8d, 0x97, 0x1f, 0x96, 0x8c, 0x97, 0x8d, 0x96, 0x8e, 0x98, 0x8e, 0x97, 0x90, 0x97,
0x90, 0x97, 0x90, 0x97, 0x91, 0x98, 0x90, 0xb7, 0xfb, 0x4a, 0x18, 0x7d, 0x7e, 0x7c, 0x80, 0x7c,
0x82, 0x7c, 0x81, 0x7b, 0x83, 0x7a, 0x84, 0x75, 0x82, 0x74, 0x85, 0x74, 0x87, 0x73, 0x87, 0x73,
0x89, 0x73, 0x8c, 0x08, 0x6f, 0x6f, 0x8e, 0x90, 0x70, 0x1f, 0x6f, 0x90, 0x71, 0x94, 0x73, 0x97,
0x7c, 0x92, 0x7d, 0x94, 0x7e, 0x95, 0x7d, 0x95, 0x7e, 0x96, 0x7f, 0x98, 0x84, 0x84, 0x83, 0x85,
0x83, 0x85, 0x83, 0x85, 0x83, 0x85, 0x83, 0x86, 0x6e, 0x78, 0x6d, 0x7c, 0x6b, 0x81, 0x6a, 0x81,
0x69, 0x86, 0x66, 0x8c, 0x08, 0x4c, 0x8c, 0x57, 0x9a, 0x62, 0xa7, 0x62, 0xa7, 0x6c, 0xaf, 0x75,
0xb7, 0x84, 0x98, 0x85, 0x9a, 0x86, 0x9a, 0x86, 0x9a, 0x86, 0x9a, 0x87, 0x9a, 0x83, 0xad, 0x86,
0xaf, 0x8a, 0xb1, 0x8a, 0xb1, 0x8c, 0xb0, 0x8f, 0xb0, 0xa8, 0xf7, 0x5c, 0x18, 0x91, 0xb8, 0x95,
0xb9, 0x98, 0xb8, 0x98, 0xb8, 0x9d, 0xb4, 0xa0, 0xb2, 0x99, 0xa3, 0x9b, 0xa2, 0x9c, 0xa1, 0x9c,
0xa1, 0x9e, 0x9e, 0xa0, 0x9c, 0xa9, 0xa3, 0xad, 0x9e, 0xb2, 0x98, 0xb2, 0x98, 0xb6, 0x92, 0xbb,
0x8a, 0x08, 0xfb, 0x51, 0xfd, 0x2d, 0x15, 0x8a, 0x81, 0x89, 0x7e, 0x8a, 0x7c, 0x89, 0x7b, 0x8a,
0x7a, 0x8a, 0x7a, 0x8a, 0x7a, 0x8b, 0x79, 0x8c, 0x7a, 0x8c, 0x79, 0x8e, 0x7b, 0x90, 0x7d, 0x90,
0x7d, 0x92, 0x7f, 0x95, 0x82, 0x95, 0x82, 0x98, 0x86, 0x9c, 0x8a, 0x9e, 0x8a, 0x9b, 0x8f, 0x99,
0x93, 0x08, 0x99, 0x93, 0x97, 0x96, 0x94, 0x98, 0x94, 0x98, 0x93, 0x9b, 0x91, 0x9c, 0x91, 0x9c,
0x90, 0x9d, 0x8f, 0x9d, 0x8f, 0x9d, 0x8e, 0x9d, 0x8d, 0x9c, 0x8d, 0x9c, 0x8d, 0x9a, 0x8c, 0x98,
0xa4, 0xf7, 0x5e, 0x18, 0x8c, 0x95, 0x8d, 0x98, 0x8d, 0x9b, 0x8c, 0x9a, 0x8d, 0x9c, 0x8c, 0x9c,
0x8c, 0x9c, 0x8a, 0x9d, 0x8a, 0x9c, 0x8a, 0x9c, 0x88, 0x9b, 0x86, 0x9a, 0x86, 0x99, 0x83, 0x97,
0x81, 0x94, 0x80, 0x94, 0x7e, 0x8f, 0x7a, 0x8c, 0x6f, 0x8c, 0x75, 0x83, 0x7a, 0x7a, 0x08, 0x7a,
0x7a, 0x7e, 0x75, 0x82, 0x72, 0x86, 0x7e, 0x87, 0x7e, 0x88, 0x7e, 0x88, 0x7e, 0x88, 0x7e, 0x89,
0x7e, 0x89, 0x7e, 0x89, 0x7e, 0x8a, 0x7f, 0x8a, 0x7e, 0x89, 0x80, 0x8a, 0x81, 0x08, 0xf8, 0x51,
0x91, 0x15, 0xf7, 0x3a, 0x06, 0x97, 0xe1, 0x8c, 0x97, 0x8c, 0x99, 0x8c, 0x9c, 0x19, 0x8c, 0x9b,
0x8a, 0x9b, 0x88, 0x9a, 0x8a, 0x91, 0x89, 0x91, 0x89, 0x91, 0x88, 0x90, 0x88, 0x90, 0x88, 0x90,
0x87, 0x92, 0x86, 0x90, 0x84, 0x8f, 0x84, 0x8f, 0x82, 0x8d, 0x81, 0x8c, 0x7a, 0x8c, 0x7c, 0x87,
0x7f, 0x84, 0x7e, 0x83, 0x81, 0x80, 0x83, 0x7e, 0x08, 0x82, 0x7e, 0x85, 0x7b, 0x86, 0x7a, 0x86,
0x7a, 0x86, 0x79, 0x88, 0x7a, 0x88, 0x7b, 0x89, 0x7c, 0x89, 0x7d, 0x89, 0x7d, 0x89, 0x7e, 0x89,
0x80, 0x08, 0x0e, 0xfa, 0xd0, 0xfa, 0x0b, 0x15, 0x8e, 0x64, 0x8b, 0x64, 0x8a, 0x63, 0x8a, 0x63,
0x87, 0x62, 0x86, 0x62, 0x82, 0x47, 0x18, 0x84, 0x56, 0x7e, 0x58, 0x7a, 0x59, 0x7a, 0x58, 0x75,
0x5c, 0x70, 0x5e, 0x70, 0x5e, 0x6c, 0x61, 0x68, 0x66, 0x68, 0x65, 0x64, 0x6b, 0x60, 0x70, 0x60,
0x70, 0x5c, 0x76, 0x58, 0x7d, 0x58, 0x7c, 0x55, 0x85, 0x52, 0x8c, 0x48, 0x8d, 0x4d, 0x98, 0x53,
0xa4, 0x08, 0x53, 0xa4, 0x5c, 0xad, 0x64, 0xb6, 0x64, 0xb6, 0x6d, 0xbd, 0x78, 0xc5, 0x78, 0xc4,
0x84, 0xca, 0x91, 0xcf, 0x91, 0xd5, 0x9d, 0xcf, 0xa8, 0xca, 0xa8, 0xca, 0xb2, 0xc1, 0xbb, 0xb8,
0xbb, 0xb8, 0xc3, 0xaf, 0xcb, 0xa4, 0xca, 0xa4, 0xd1, 0x96, 0xd6, 0x89, 0x08, 0xa2, 0x8a, 0xa1,
0x89, 0xa1, 0x87, 0xa1, 0x87, 0xa0, 0x85, 0xa0, 0x84, 0xa0, 0x84, 0xa0, 0x82, 0x9f, 0x80, 0x9e,
0x80, 0x9e, 0x7e, 0x9e, 0x7d, 0x8a, 0xb9, 0x85, 0xb7, 0x80, 0xb5, 0x80, 0xb4, 0x7a, 0xb4, 0x74,
0xb2, 0xfb, 0x95, 0xfb, 0x19, 0x18, 0x4d, 0xf7, 0x0f, 0xf7, 0x71, 0xf7, 0x04, 0x79, 0x9a, 0x78,
0x98, 0x77, 0x95, 0x19, 0x76, 0x95, 0x76, 0x95, 0x76, 0x94, 0xf7, 0x01, 0xf7, 0x6a, 0x18, 0xbc,
0x7c, 0xba, 0x78, 0xb7, 0x73, 0xb6, 0x72, 0xb4, 0x6d, 0xb0, 0x67, 0xf7, 0x6e, 0xf7, 0x04, 0x18,
0xc7, 0xfb, 0x10, 0xfb, 0x4d, 0x30, 0xa7, 0x4d, 0xa1, 0x4d, 0x9b, 0x4d, 0x19, 0x9b, 0x4d, 0x95,
0x4c, 0x90, 0x4b, 0x08, 0xfc, 0x18, 0xfc, 0xd0, 0x15, 0x96, 0x9a, 0x95, 0x9a, 0x94, 0x9c, 0x94,
0x9c, 0x94, 0x9c, 0x92, 0x9c, 0x94, 0xa2, 0x93, 0xa3, 0x92, 0xa3, 0x92, 0xa2, 0x90, 0xa3, 0x8f,
0xa2, 0x9a, 0xeb, 0x18, 0x8e, 0x99, 0x7e, 0x9e, 0x7a, 0x9a, 0x78, 0x97, 0x19, 0x77, 0x97, 0x76,
0x95, 0x75, 0x92, 0x74, 0x92, 0x74, 0x90, 0x74, 0x8e, 0x08, 0x8e, 0x73, 0x74, 0x8c, 0x76, 0x1b,
0x63, 0x67, 0x82, 0x7a, 0x6b, 0x1f, 0x6b, 0x79, 0x70, 0x74, 0x74, 0x6f, 0x74, 0x6e, 0x78, 0x6b,
0x7d, 0x68, 0x7c, 0x68, 0x82, 0x67, 0x87, 0x67, 0x87, 0x6a, 0x8c, 0x6c, 0x91, 0x6d, 0x91, 0x6c,
0x96, 0x70, 0x9b, 0x73, 0x9a, 0x73, 0xa0, 0x78, 0xa4, 0x7c, 0xa4, 0x7c, 0xaa, 0x82, 0xaf, 0x8a,
0x08, 0xbb, 0x8a, 0xb5, 0x95, 0xb0, 0xa0, 0xb0, 0xa0, 0xaa, 0xa7, 0xa5, 0xae, 0x08, 0x0e, 0xf8,
0xbc, 0x28, 0x0a, 0x5c, 0xfb, 0xa3, 0xf7, 0x61, 0x8a, 0xcd, 0x8a, 0xc9, 0x80, 0xc4, 0x78, 0x19,
0xc4, 0x78, 0xbd, 0x6f, 0xb5, 0x66, 0xb4, 0x66, 0xab, 0x5d, 0xa1, 0x55, 0xa1, 0x55, 0x93, 0x4d,
0x85, 0x44, 0x84, 0x3e, 0x77, 0x48, 0x69, 0x52, 0x68, 0x52, 0x60, 0x5b, 0x56, 0x65, 0x56, 0x65,
0x50, 0x6f, 0x48, 0x78, 0x08, 0x78, 0x48, 0x45, 0x82, 0x44, 0x1b, 0xfb, 0x7e, 0x8c, 0x58, 0xfb,
0xb5, 0x05, 0xfb, 0xa4, 0x25, 0x1d, 0xf7, 0x4e, 0xfc, 0x83, 0x15, 0x3d, 0xfc, 0x54, 0xf7, 0x63,
0x89, 0xb0, 0x8c, 0xae, 0x90, 0xac, 0x95, 0x19, 0xac, 0x94, 0xa9, 0x9a, 0xa6, 0x9f, 0xa6, 0x9e,
0xa1, 0xa3, 0x9d, 0xa8, 0x9c, 0xa8, 0x97, 0xac, 0x90, 0xb2, 0x90, 0xac, 0x89, 0xa8, 0x84, 0xa6,
0x84, 0xa5, 0x7f, 0xa1, 0x7a, 0x9e, 0x7a, 0x9d, 0x75, 0x99, 0x72, 0x96, 0x71, 0x95, 0x6e, 0x91,
0x6a, 0x8c, 0x08, 0x0e, 0xf9, 0x7e, 0x93, 0x15, 0x73, 0x81, 0x71, 0x84, 0x70, 0x86, 0x70, 0x86,
0x6e, 0x88, 0x6c, 0x8c, 0x6f, 0x8c, 0x70, 0x8e, 0x72, 0x91, 0x72, 0x91, 0x73, 0x94, 0x74, 0x97,
0x79, 0x94, 0x7a, 0x97, 0x7a, 0x99, 0x7a, 0x98, 0x7c, 0x9b, 0x7d, 0x9c, 0x2a, 0xfc, 0x95, 0x18,
0xfb, 0xa3, 0x06, 0xf7, 0xe8, 0x1c, 0x07, 0xa7, 0x2b, 0x1d, 0x20, 0xfc, 0xc1, 0x9a, 0x9b, 0x9c,
0x9a, 0x9c, 0x98, 0x19, 0x9c, 0x98, 0x9c, 0x96, 0x9d, 0x94, 0xa4, 0x98, 0xa5, 0x95, 0xa8, 0x92,
0xa7, 0x92, 0xa9, 0x8e, 0xaa, 0x8a, 0xbc, 0x8a, 0xb6, 0x82, 0xb0, 0x7b, 0x4d, 0x1d, 0x6c, 0x9c,
0x68, 0x9b, 0x68, 0x97, 0x65, 0x93, 0x63, 0x7c, 0x1d, 0x89, 0x76, 0x18, 0x7f, 0x1d, 0x7f, 0x72,
0x7e, 0x72, 0x7d, 0x74, 0x7c, 0x73, 0x7c, 0x75, 0x7a, 0x76, 0x74, 0x70, 0x72, 0x73, 0x70, 0x75,
0x70, 0x75, 0x6d, 0x7a, 0x6a, 0x7e, 0x08, 0xfb, 0x6d, 0xf7, 0x55, 0x15, 0xa2, 0x8a, 0xa0, 0x8e,
0x9f, 0x90, 0x9e, 0x90, 0x9d, 0x93, 0x9b, 0x95, 0x9b, 0x95, 0x9a, 0x97, 0x98, 0x99, 0x98, 0x98,
0x96, 0x9a, 0x96, 0x9c, 0xa0, 0xac, 0x9b, 0xaf, 0x96, 0xb4, 0x96, 0xb3, 0x93, 0xb2, 0x90, 0xb0,
0x8d, 0xa0, 0x18, 0x8d, 0x9f, 0x8d, 0xa1, 0x8c, 0xa2, 0x8c, 0xa2, 0x8a, 0xa3, 0x89, 0xa2, 0x89,
0xa2, 0x87, 0xa2, 0x85, 0xa0, 0x85, 0xa0, 0x82, 0x9f, 0x7f, 0x9c, 0x7f, 0x9c, 0x7c, 0x98, 0x78,
0x96, 0x78, 0x95, 0x74, 0x90, 0x70, 0x8c, 0x76, 0x8c, 0x77, 0x89, 0x78, 0x87, 0x08, 0x78, 0x87,
0x7a, 0x85, 0x7b, 0x82, 0x78, 0x82, 0x7a, 0x7f, 0x7c, 0x7d, 0x7b, 0x7c, 0x7c, 0x7b, 0x7e, 0x78,
0x3c, 0xfc, 0x59, 0x18, 0x92, 0x77, 0x95, 0x7a, 0x97, 0x7d, 0x96, 0x7c, 0x99, 0x7f, 0x9a, 0x82,
0x98, 0x83, 0x9a, 0x85, 0x9c, 0x87, 0x9c, 0x86, 0x9c, 0x89, 0x9e, 0x8a, 0x08, 0x0e, 0xf7, 0xd7,
0x16, 0xfb, 0xa3, 0x06, 0xf7, 0x4c, 0xfa, 0xc8, 0x95, 0xd0, 0x9e, 0xcc, 0xa6, 0xc7, 0x19, 0xa6,
0xc7, 0xaf, 0xbf, 0xb7, 0xb7, 0xb7, 0xb7, 0xbf, 0xad, 0xc7, 0xa4, 0xc7, 0xa3, 0xce, 0x96, 0xd5,
0x89, 0xbf, 0x8a, 0xbb, 0x81, 0xb6, 0x7a, 0xb6, 0x7a, 0xaf, 0x72, 0xaa, 0x6c, 0xa9, 0x6c, 0xa2,
0x65, 0x9a, 0x60, 0x9a, 0x60, 0x90, 0x5a, 0x87, 0x56, 0x08, 0x88, 0x65, 0x82, 0x69, 0x7c, 0x6c,
0x7c, 0x6c, 0x7b, 0x6c, 0x79, 0x6e, 0x79, 0x6e, 0x7a, 0x6d, 0x7a, 0x6e, 0x7a, 0x6d, 0x80, 0x6a,
0x84, 0x67, 0x86, 0x71, 0x8d, 0x72, 0x92, 0x72, 0x92, 0x72, 0x96, 0x72, 0x98, 0x73, 0x98, 0x72,
0x9a, 0x73, 0x9c, 0x72, 0x08, 0x9c, 0x72, 0x9a, 0x72, 0x9a, 0x72, 0x99, 0x71, 0x97, 0x70, 0x94,
0x70, 0x94, 0x70, 0x8e, 0x6e, 0x89, 0x6e, 0x87, 0x4e, 0x7e, 0x54, 0x74, 0x5c, 0x74, 0x5b, 0x6c,
0x63, 0x65, 0x6a, 0x64, 0x6a, 0x5f, 0x73, 0x58, 0x7a, 0x58, 0x7a, 0x53, 0x83, 0x4f, 0x8c, 0x08,
0x5c, 0x8c, 0x5c, 0x8f, 0x5a, 0x94, 0x5a, 0x93, 0x5e, 0x9b, 0x62, 0xa3, 0xd8, 0xf7, 0x6f, 0x18,
0xaa, 0x78, 0xac, 0x7d, 0xb0, 0x81, 0xaf, 0x80, 0xaf, 0x87, 0xaf, 0x8c, 0xa3, 0x8c, 0xa1, 0x90,
0x9f, 0x95, 0x9e, 0x94, 0x9c, 0x98, 0x98, 0x9a, 0x96, 0x98, 0x95, 0x9a, 0x92, 0x9c, 0x92, 0x9c,
0x90, 0x9c, 0x8e, 0x9e, 0x90, 0xa6, 0x89, 0xa6, 0x83, 0xa4, 0x08, 0x83, 0xa4, 0x80, 0xa3, 0x7d,
0xa3, 0x7d, 0xa2, 0x7b, 0xa3, 0x7a, 0xa3, 0x7a, 0xa2, 0x7b, 0xa3, 0x7d, 0xa4, 0x7c, 0xa4, 0x80,
0xa5, 0x82, 0xa6, 0x82, 0xa6, 0x87, 0xa8, 0x8e, 0xaa, 0x8e, 0xb0, 0x94, 0xac, 0x9b, 0xaa, 0x9a,
0xaa, 0x9c, 0xa9, 0x9e, 0xa8, 0x08, 0x9d, 0xa8, 0x9c, 0xa8, 0x9b, 0xa9, 0x9b, 0xa9, 0x95, 0xac,
0x8f, 0xaf, 0x8d, 0x9c, 0x8b, 0x9d, 0x88, 0x9d, 0x88, 0x9c, 0x85, 0x9b, 0x83, 0x9a, 0x82, 0x99,
0x80, 0x97, 0x7d, 0x94, 0x7d, 0x94, 0x7a, 0x91, 0x77, 0x8c, 0x68, 0x8d, 0x6d, 0x83, 0x72, 0x7a,
0x08, 0x72, 0x7a, 0x76, 0x74, 0x7b, 0x70, 0x7a, 0x70, 0x7e, 0x6d, 0x82, 0x6b, 0x82, 0x6b, 0x84,
0x6d, 0x87, 0x6f, 0x08, 0x0e, 0xf9, 0xb8, 0xf8, 0x19, 0x15, 0x8f, 0xaa, 0x89, 0xa7, 0x83, 0xa2,
0x82, 0xa2, 0x7f, 0x9f, 0x7a, 0x9c, 0x7a, 0x9c, 0x77, 0x99, 0x74, 0x98, 0x74, 0x98, 0x72, 0x96,
0x71, 0x96, 0x57, 0xa0, 0x5a, 0xa3, 0x5c, 0xa6, 0x5c, 0xa5, 0x62, 0xaa, 0x68, 0xaf, 0x68, 0xae,
0x70, 0xb5, 0x78, 0xba, 0x08, 0x78, 0xba, 0x83, 0xc1, 0x8f, 0xca, 0x93, 0xf7, 0x10, 0xba, 0xec,
0xe2, 0xcf, 0xe2, 0xd0, 0xf2, 0xb3, 0xf7, 0x0a, 0x97, 0xb3, 0xf7, 0x6b, 0x18, 0xf7, 0x31, 0x06,
0x63, 0xfb, 0x6f, 0xf7, 0x0a, 0x74, 0xde, 0x54, 0xbb, 0x34, 0x19, 0xbc, 0x33, 0xa0, 0x28, 0x86,
0xfb, 0x04, 0x08, 0xfb, 0xa3, 0x06, 0x8e, 0xc5, 0x82, 0xc2, 0x76, 0xbf, 0x76, 0xbf, 0x5e, 0xa6,
0x46, 0x8c, 0x50, 0x8c, 0x59, 0x7b, 0x64, 0x69, 0x63, 0x69, 0x73, 0x5d, 0x83, 0x51, 0x87, 0x6c,
0x8e, 0x70, 0x94, 0x75, 0x94, 0x74, 0x99, 0x78, 0x9c, 0x7b, 0x9c, 0x7a, 0xa0, 0x7d, 0xa2, 0x7f,
0x08, 0xa2, 0x7e, 0xa4, 0x80, 0xa4, 0x80, 0xbe, 0x75, 0xbc, 0x73, 0xba, 0x70, 0xba, 0x70, 0xb3,
0x6b, 0xae, 0x68, 0xae, 0x67, 0xa5, 0x62, 0x9e, 0x5c, 0x9e, 0x5c, 0x92, 0x54, 0x87, 0x4c, 0x83,
0xfb, 0x15, 0x5a, 0x2a, 0x32, 0x49, 0x32, 0x4a, 0x24, 0x64, 0xfb, 0x0a, 0x7f, 0x67, 0xfb, 0x58,
0x18, 0xfb, 0x30, 0x06, 0xb0, 0xf7, 0x5a, 0xfb, 0x12, 0x9c, 0x2d, 0xbf, 0x4e, 0xe0, 0x19, 0x4e,
0xe1, 0x70, 0xf4, 0x90, 0xf7, 0x10, 0xf7, 0xa4, 0x8a, 0x18, 0x87, 0x47, 0x97, 0x51, 0xa8, 0x5a,
0xa8, 0x5a, 0xbf, 0x72, 0xd6, 0x8a, 0xc5, 0x8a, 0xc0, 0x9a, 0xbb, 0xab, 0xba, 0xaa, 0xa7, 0xba,
0x93, 0xc9, 0x08, 0x0e, 0xf8, 0xbf, 0x6a, 0x1d, 0x54, 0x7d, 0x59, 0x73, 0x5e, 0x73, 0x5e, 0x6c,
0x63, 0x65, 0x6a, 0x65, 0x6a, 0x60, 0x70, 0x5b, 0x77, 0x5a, 0x76, 0x59, 0x7e, 0x57, 0x85, 0x63,
0xfb, 0x78, 0x18, 0xfb, 0x58, 0x06, 0xb6, 0xf7, 0x85, 0x53, 0x9a, 0x5b, 0xa3, 0x63, 0xad, 0x19,
0x62, 0xad, 0x6b, 0xb3, 0x73, 0xba, 0x80, 0xa1, 0x81, 0xa2, 0x83, 0xa4, 0x82, 0xa3, 0x85, 0xa4,
0x87, 0xa5, 0x86, 0xa8, 0x88, 0xaa, 0x8a, 0xaa, 0x8a, 0xaa, 0x8c, 0xab, 0x8e, 0xac, 0x8e, 0xaa,
0x18, 0x93, 0xd0, 0x9c, 0xcc, 0xa5, 0xc9, 0xa4, 0xc9, 0xad, 0xc2, 0xb4, 0xbc, 0xb4, 0xbc, 0xbc,
0xb3, 0xc3, 0xab, 0xc2, 0xab, 0xc9, 0x9f, 0xcf, 0x94, 0xb2, 0xf7, 0x71, 0x18, 0xf7, 0x58, 0x06,
0x62, 0xfb, 0x7a, 0xb9, 0x80, 0xb4, 0x79, 0xb0, 0x73, 0x19, 0xb0, 0x72, 0xaa, 0x6e, 0xa4, 0x68,
0xa4, 0x68, 0x9e, 0x63, 0x97, 0x5e, 0x97, 0x5e, 0x90, 0x5b, 0x88, 0x57, 0x61, 0x0a, 0x70, 0x8c,
0x73, 0x88, 0x75, 0x85, 0x75, 0x84, 0x77, 0x82, 0x79, 0x7f, 0x74, 0x7b, 0x77, 0x77, 0x7b, 0x73,
0x08, 0x7a, 0x72, 0x7d, 0x72, 0x7f, 0x70, 0x81, 0x72, 0x83, 0x72, 0x85, 0x72, 0x85, 0x71, 0x86,
0x71, 0x88, 0x72, 0x87, 0x6d, 0x18, 0x89, 0x77, 0x8a, 0x76, 0x8a, 0x75, 0x8a, 0x74, 0x8b, 0x75,
0x8c, 0x75, 0x8c, 0x7e, 0x8d, 0x7d, 0x8d, 0x7e, 0x8d, 0x7e, 0x8e, 0x7e, 0x6e, 0x0a, 0xf8, 0xb1,
0xf8, 0xdd, 0x15, 0x79, 0xfb, 0x2c, 0x85, 0x61, 0x80, 0x65, 0x7a, 0x69, 0x19, 0x7a, 0x69, 0x74,
0x6b, 0x6e, 0x6d, 0xf9, 0x22, 0x8e, 0x18, 0x64, 0xfb, 0x76, 0x05, 0xfe, 0x95, 0x06, 0xb3, 0xf7,
0x75, 0xd6, 0x89, 0xa0, 0x93, 0x8b, 0x1d, 0x9d, 0x94, 0x9c, 0x91, 0x9e, 0x90, 0x9f, 0x90, 0x9f,
0x8f, 0x9f, 0x8e, 0x9f, 0xa2, 0xf7, 0x3a, 0x18, 0xfb, 0x32, 0x06, 0xb2, 0xf7, 0x71, 0x05, 0xf7,
0x2b, 0x06, 0xa9, 0xf7, 0x7e, 0x93, 0xcd, 0x9d, 0xc7, 0xa7, 0xc1, 0x19, 0xa7, 0xc1, 0xaf, 0xb9,
0xb7, 0xb2, 0xb7, 0xb1, 0xbe, 0xa8, 0xc5, 0xa0, 0xc4, 0xa0, 0xc9, 0x94, 0xce, 0x8a, 0xca, 0x8a,
0xc2, 0x80, 0xbc, 0x77, 0xbc, 0x63, 0x0a, 0x87, 0x89, 0x1d, 0x7f, 0x9b, 0x7c, 0x79, 0x0a, 0x70,
0x85, 0x74, 0x80, 0x74, 0x7f, 0x77, 0x7b, 0x7a, 0x78, 0x7a, 0x77, 0x7e, 0x74, 0x81, 0x72, 0x08,
0x80, 0x72, 0x84, 0x71, 0x87, 0x70, 0x6f, 0xfb, 0x7f, 0x18, 0xf7, 0xc1, 0x06, 0x64, 0xfb, 0x71,
0x05, 0x0e, 0xfa, 0x9a, 0x28, 0x0a, 0xf7, 0xce, 0x06, 0xfc, 0x84, 0xfd, 0x5e, 0x05, 0xf7, 0x80,
0x06, 0x6e, 0xfb, 0x3a, 0x05, 0xfb, 0xd4, 0x06, 0x8a, 0x85, 0x75, 0xfb, 0x0a, 0x05, 0xf7, 0xd6,
0x06, 0x6e, 0xfb, 0x39, 0x05, 0xfb, 0xd5, 0x06, 0x59, 0xfb, 0xb3, 0x05, 0xfb, 0xa6, 0x06, 0xbd,
0xf7, 0xb3, 0x05, 0xfb, 0xe1, 0x06, 0xa8, 0xf7, 0x39, 0x05, 0xf7, 0xe0, 0x06, 0xa1, 0xf7, 0x10,
0x05, 0xfb, 0xe1, 0x06, 0xa8, 0xf7, 0x3a, 0x05, 0xf7, 0xa0, 0x06, 0xfb, 0x8d, 0xf9, 0x5e, 0x05,
0xf7, 0xb5, 0x06, 0xf7, 0x20, 0xfc, 0x80, 0xae, 0xfb, 0x11, 0xd7, 0xf7, 0x0c, 0x05, 0x0e, 0xfa,
0x55, 0xfa, 0x01, 0x15, 0xfb, 0x5c, 0x06, 0xfb, 0x1c, 0xfe, 0x0e, 0x83, 0x4d, 0x7c, 0x52, 0x75,
0x57, 0x19, 0x74, 0x56, 0x6e, 0x5e, 0x66, 0x66, 0x66, 0x65, 0x5e, 0x6e, 0x58, 0x76, 0x57, 0x76,
0x50, 0x80, 0x49, 0x8c, 0x08, 0x6b, 0x6b, 0x8f, 0x91, 0x6b, 0x1f, 0x6c, 0x92, 0x6c, 0x94, 0x6c,
0x98, 0xb0, 0xf7, 0x70, 0x18, 0x9e, 0x80, 0xa1, 0x82, 0xa3, 0x85, 0xa3, 0x85, 0xa3, 0x88, 0xa2,
0x8a, 0xa9, 0x8a, 0xa5, 0x91, 0xa1, 0x96, 0xa1, 0x96, 0x9e, 0x99, 0x9a, 0x9e, 0x9a, 0x9e, 0x96,
0xa0, 0x94, 0xa4, 0x94, 0xa4, 0x91, 0xa4, 0x8f, 0xa6, 0xf7, 0x1c, 0xfa, 0x0e, 0x18, 0xfb, 0x30,
0x06, 0xab, 0xf7, 0x61, 0x05, 0xf7, 0x30, 0x06, 0x94, 0xda, 0x94, 0xd0, 0x9e, 0xc8, 0xa8, 0xc0,
0x19, 0xa8, 0xc0, 0xb0, 0xb7, 0xb8, 0xaf, 0xb8, 0xae, 0xbf, 0xa6, 0xc6, 0x9d, 0xc6, 0x9c, 0xca,
0x93, 0xcf, 0x8a, 0xad, 0x8a, 0xac, 0x87, 0xab, 0x83, 0xab, 0x82, 0xab, 0x82, 0xab, 0x80, 0x5e,
0xfb, 0x6b, 0x18, 0x76, 0x96, 0x76, 0x93, 0x75, 0x90, 0x08, 0x90, 0x75, 0x75, 0x8e, 0x74, 0x1b,
0x6a, 0x8c, 0x6c, 0x87, 0x6e, 0x84, 0x6e, 0x83, 0x71, 0x7f, 0x74, 0x7b, 0x74, 0x7b, 0x78, 0x77,
0x7c, 0x72, 0x7c, 0x72, 0x80, 0x6e, 0x86, 0x69, 0x80, 0x3c, 0x18, 0xf7, 0x5c, 0x06, 0x0e, 0xf9,
0xb4, 0xd7, 0x15, 0x5e, 0x6d, 0x5d, 0x73, 0x5a, 0x7a, 0x5a, 0x79, 0x57, 0x83, 0x54, 0x8c, 0x5a,
0x8c, 0x5c, 0x93, 0x5e, 0x9b, 0x5d, 0x9b, 0x61, 0xa3, 0x65, 0xaa, 0xfb, 0x0a, 0x25, 0x18, 0xfb,
0x0c, 0xf7, 0x2f, 0xf7, 0x0e, 0xf0, 0x7f, 0xb8, 0x83, 0xb8, 0x87, 0xb8, 0x19, 0x86, 0xb8, 0x8c,
0xb9, 0x90, 0xb9, 0x92, 0xc4, 0x9a, 0xc0, 0xa1, 0xbe, 0xa1, 0xbd, 0xa8, 0xbb, 0xaf, 0xb8, 0x2f,
0xf7, 0x11, 0x18, 0xf7, 0x2b, 0xf7, 0x19, 0xe2, 0xfb, 0x07, 0xb6, 0xa5, 0xb8, 0xa0, 0xba, 0x9b,
0x19, 0xb9, 0x9a, 0xbb, 0x93, 0xbe, 0x8a, 0xba, 0x8a, 0xb8, 0x84, 0xb6, 0x7c, 0xb6, 0x7c, 0xb4,
0x76, 0xb0, 0x6e, 0xf7, 0x1d, 0xf7, 0x0b, 0x18, 0xf7, 0x0d, 0xfb, 0x30, 0xfb, 0x1d, 0xfb, 0x06,
0x99, 0x5d, 0x95, 0x5d, 0x90, 0x5d, 0x19, 0x90, 0x5c, 0x8a, 0x5c, 0x85, 0x5b, 0x84, 0x55, 0x7e,
0x58, 0x77, 0x5c, 0x76, 0x5c, 0x71, 0x5e, 0x6b, 0x60, 0xe6, 0xfb, 0x0d, 0x18, 0xfb, 0x2c, 0xfb,
0x1a, 0x05, 0xfc, 0xea, 0xf8, 0xa2, 0x15, 0x88, 0x72, 0x8a, 0x73, 0x8d, 0x72, 0x8c, 0x72, 0x90,
0x72, 0x92, 0x74, 0x93, 0x71, 0x96, 0x73, 0x99, 0x74, 0x99, 0x74, 0x9b, 0x78, 0x9d, 0x7a, 0x9e,
0x7b, 0xa0, 0x7e, 0xa3, 0x82, 0xa2, 0x82, 0xa6, 0x86, 0xa8, 0x8a, 0xac, 0x8a, 0xab, 0x90, 0xaa,
0x94, 0x08, 0xa9, 0x94, 0xa7, 0x98, 0xa5, 0x9c, 0xa4, 0x9a, 0xa2, 0x9e, 0x9f, 0xa2, 0x9f, 0xa1,
0x9d, 0xa3, 0x9c, 0xa6, 0x9a, 0xa4, 0x98, 0xa6, 0x95, 0xa8, 0x95, 0xa8, 0x92, 0xa8, 0x8f, 0xa8,
0x8e, 0xa2, 0x8b, 0xa2, 0x8a, 0xa2, 0x8a, 0xa2, 0x87, 0xa2, 0x85, 0xa0, 0x08, 0x84, 0xaa, 0x7f,
0xa8, 0x7b, 0xa4, 0x7a, 0xa5, 0x76, 0xa2, 0x72, 0x9d, 0x7a, 0x97, 0x77, 0x95, 0x76, 0x92, 0x76,
0x92, 0x73, 0x8f, 0x72, 0x8c, 0x6b, 0x8c, 0x6c, 0x87, 0x6e, 0x83, 0x6d, 0x82, 0x6f, 0x7f, 0x72,
0x7b, 0x70, 0x7c, 0x73, 0x77, 0x75, 0x74, 0x08, 0x74, 0x73, 0x78, 0x72, 0x7c, 0x70, 0x7c, 0x72,
0x7e, 0x70, 0x82, 0x6f, 0x81, 0x6f, 0x84, 0x6f, 0x88, 0x6e, 0x08, 0x0e, 0xf9, 0x4e, 0xf8, 0x91,
0x43, 0x0a, 0x0e, 0xf8, 0x80, 0xf8, 0xc9, 0x15, 0xf7, 0x8b, 0x06, 0xfb, 0x29, 0xfe, 0x45, 0x05,
0xfb, 0xab, 0x06, 0xf8, 0xa9, 0x1c, 0x05, 0x35, 0x15, 0x5d, 0x7b, 0x65, 0x6c, 0x6e, 0x1e, 0x6d,
0x6c, 0x65, 0x7c, 0x60, 0x1b, 0x60, 0x8a, 0x65, 0x98, 0x6d, 0xa6, 0x08, 0x6c, 0xa6, 0x7c, 0xae,
0xb8, 0x1a, 0xb8, 0x9a, 0xb1, 0xa8, 0xaa, 0x1e, 0xa8, 0xaa, 0xb2, 0x9c, 0xba, 0x8c, 0xb7, 0x8c,
0xb0, 0x7d, 0xaa, 0x6f, 0x08, 0xa9, 0x6e, 0x9a, 0x66, 0x5f, 0x1a, 0x0e, 0xf8, 0x66, 0xf8, 0x4d,
0x15, 0x92, 0xd8, 0x99, 0xcc, 0xa0, 0xbe, 0xa0, 0xbe, 0xb5, 0xbe, 0xca, 0xbd, 0xa2, 0x9d, 0xa3,
0x9f, 0xa5, 0xa1, 0xa5, 0xa0, 0xa4, 0xa3, 0xa2, 0xa4, 0xa2, 0xa4, 0x9f, 0xa5, 0x9c, 0xa7, 0x9c,
0xa7, 0x95, 0xa8, 0x90, 0xaa, 0x90, 0xa9, 0x8a, 0xa5, 0x85, 0xa1, 0x08, 0x84, 0xa1, 0x80, 0x9d,
0x7b, 0x99, 0x7e, 0x96, 0x7c, 0x94, 0x78, 0x91, 0x78, 0x91, 0x76, 0x8e, 0x73, 0x8c, 0x6f, 0x8c,
0x71, 0x87, 0x74, 0x83, 0x73, 0x82, 0x76, 0x7f, 0x79, 0x7c, 0x79, 0x7c, 0x7c, 0x78, 0x7f, 0x76,
0x7f, 0x75, 0x82, 0x73, 0x86, 0x70, 0xfb, 0xa4, 0x8a, 0x18, 0x91, 0xce, 0x9d, 0xc6, 0xa8, 0xbe,
0xa8, 0xbe, 0xb0, 0xb5, 0xb8, 0xad, 0xb8, 0xac, 0xbe, 0xa4, 0xc5, 0x9c, 0xc5, 0x9c, 0xc8, 0x92,
0xcc, 0x8a, 0xc6, 0x8a, 0xc3, 0x82, 0xbf, 0x7c, 0xbe, 0x7b, 0xb8, 0x73, 0xb1, 0x6c, 0xb0, 0x6c,
0xa8, 0x63, 0x9f, 0x5c, 0x08, 0x9e, 0x5b, 0x92, 0x53, 0x86, 0x4a, 0x87, 0x58, 0x7f, 0x5e, 0x76,
0x63, 0x76, 0x62, 0x71, 0x66, 0x6c, 0x69, 0x6c, 0x69, 0x6a, 0x6b, 0x66, 0x6e, 0x66, 0x6d, 0x66,
0x6e, 0x67, 0x6e, 0x64, 0x6a, 0x6e, 0x6a, 0x7a, 0x69, 0x7a, 0x69, 0x7f, 0x63, 0x84, 0x5c, 0x08,
0xfb, 0xe9, 0xfb, 0xc9, 0x15, 0xb8, 0x9a, 0xb1, 0xa9, 0xab, 0x1e, 0xaa, 0xa8, 0xb1, 0x9b, 0xb9,
0x1b, 0xb7, 0x8c, 0xb0, 0x7e, 0xaa, 0x6e, 0x08, 0xa9, 0x6e, 0x9a, 0x67, 0x5f, 0x1a, 0x5c, 0x7c,
0x65, 0x6c, 0x6e, 0x1e, 0x6e, 0x6d, 0x65, 0x7c, 0x5e, 0x1b, 0x60, 0x8a, 0x66, 0x98, 0x6c, 0xa6,
0x08, 0x6d, 0xa6, 0x7c, 0xae, 0xb8, 0x1a, 0x0e, 0xf9, 0x91, 0xf9, 0x14, 0x15, 0x88, 0x63, 0x86,
0x68, 0x86, 0x6c, 0x85, 0x6c, 0x82, 0x6e, 0x80, 0x71, 0x7f, 0x70, 0x7b, 0x72, 0x78, 0x74, 0x77,
0x73, 0x71, 0x72, 0x6b, 0x72, 0x74, 0x78, 0x72, 0x77, 0x72, 0x74, 0x72, 0x74, 0x73, 0x72, 0x75,
0x71, 0x75, 0x70, 0x78, 0x70, 0x7c, 0x6e, 0x08, 0x7b, 0x6e, 0x81, 0x6c, 0x86, 0x6c, 0x88, 0x74,
0x8b, 0x75, 0x8f, 0x78, 0x8e, 0x78, 0x92, 0x7a, 0x96, 0x7d, 0x95, 0x7e, 0x98, 0x80, 0x9c, 0x84,
0x9b, 0x84, 0x9e, 0x87, 0xa2, 0x8a, 0xa9, 0x8a, 0xa6, 0x90, 0xa2, 0x95, 0xa2, 0x95, 0x9f, 0x99,
0x9c, 0x9d, 0x08, 0x98, 0x9a, 0x97, 0x9c, 0x94, 0x9e, 0x94, 0x9e, 0x91, 0xa0, 0x90, 0xa2, 0xf7,
0xa3, 0x8c, 0x18, 0x85, 0x4a, 0x7b, 0x51, 0x70, 0x5a, 0x70, 0x59, 0x68, 0x61, 0x60, 0x6a, 0x60,
0x69, 0x5a, 0x72, 0x54, 0x7a, 0x53, 0x7a, 0x4f, 0x84, 0x4c, 0x8c, 0x50, 0x8c, 0x56, 0x95, 0x5a,
0x9c, 0x5a, 0x9c, 0x61, 0xa3, 0x68, 0xab, 0x68, 0xab, 0x71, 0xb3, 0x7a, 0xba, 0x08, 0x7a, 0xba,
0x85, 0xc1, 0x90, 0xc9, 0x8f, 0xbc, 0x97, 0xb8, 0xa0, 0xb4, 0x9f, 0xb4, 0xa4, 0xb1, 0xa9, 0xae,
0xa9, 0xae, 0xac, 0xab, 0xb0, 0xaa, 0xaf, 0xa9, 0xaf, 0xa8, 0xae, 0xa8, 0x9e, 0x9b, 0x9c, 0x9b,
0x98, 0x9a, 0x98, 0x9a, 0x96, 0x9b, 0x94, 0x9c, 0x08, 0x94, 0x9c, 0x92, 0x9d, 0x90, 0x9e, 0x90,
0x9e, 0x8f, 0xa1, 0x8f, 0xa3, 0x08, 0xc1, 0xf7, 0xbf, 0x15, 0xb4, 0x96, 0xac, 0xa1, 0xa4, 0x1e,
0xa0, 0xa4, 0xab, 0x99, 0xb5, 0x8c, 0xb4, 0x8c, 0xac, 0x80, 0xa2, 0x73, 0x08, 0xa2, 0x73, 0x97,
0x6b, 0x62, 0x1a, 0x8c, 0x63, 0x7f, 0x6c, 0x74, 0x74, 0x73, 0x74, 0x6b, 0x7f, 0x63, 0x8a, 0x64,
0x8a, 0x6b, 0x95, 0x74, 0xa0, 0x74, 0xa0, 0x7f, 0xaa, 0x8a, 0xb3, 0x08, 0x0e, 0xf8, 0xe4, 0xa2,
0x28, 0x1d, 0xf7, 0xe2, 0x44, 0x1d, 0x0e, 0xf7, 0xf0, 0x44, 0x1d, 0xf7, 0x22, 0xf9, 0xce, 0x15,
0x2f, 0x1d, 0x0e, 0xf8, 0xa4, 0xfa, 0x68, 0x15, 0x2f, 0x1d, 0xf7, 0x1e, 0xfe, 0x51, 0x28, 0x1d,
0xa1, 0xf7, 0x2d, 0x15, 0x2f, 0x1d, 0xf8, 0x15, 0x16, 0x2f, 0x1d, 0xf8, 0x15, 0x16, 0x2f, 0x1d,
0x0e, 0xf8, 0x85, 0x5d, 0x1d, 0xf8, 0x39, 0xf9, 0xa0, 0x15, 0x8d, 0xad, 0x92, 0xaa, 0x98, 0xa8,
0x97, 0xa8, 0x9c, 0xa3, 0xa0, 0xa0, 0xa0, 0xa0, 0xa5, 0x9b, 0xa8, 0x97, 0x08, 0x96, 0xa8, 0xaa,
0x91, 0xae, 0x1b, 0xac, 0x8a, 0xa9, 0x85, 0xa6, 0x80, 0xa6, 0x7f, 0xa1, 0x7b, 0x9e, 0x77, 0x9d,
0x76, 0x99, 0x73, 0x94, 0x70, 0x94, 0x6f, 0x90, 0x6d, 0x8a, 0x6a, 0x88, 0x52, 0x18, 0x88, 0x69,
0x84, 0x6c, 0x7e, 0x70, 0x7e, 0x6f, 0x7a, 0x73, 0x76, 0x77, 0x76, 0x77, 0x72, 0x7c, 0x6e, 0x80,
0x6e, 0x80, 0x6c, 0x85, 0x69, 0x8c, 0x08, 0x6b, 0x6e, 0x91, 0x96, 0x71, 0x1f, 0x70, 0x96, 0x75,
0x9a, 0x79, 0x9e, 0x78, 0x9e, 0x7d, 0xa2, 0x82, 0xa6, 0x08, 0x81, 0xa5, 0x86, 0xa8, 0xab, 0x1a,
0x0e, 0xfa, 0x0b, 0xfb, 0x6d, 0x7e, 0x1d, 0x78, 0x1d, 0x1c, 0x04, 0x79, 0x73, 0x0a, 0x6c, 0x0a,
0x6f, 0x1d, 0x5b, 0x0a, 0xf8, 0xd4, 0x59, 0x0a, 0x0e, 0x57, 0x0a, 0xf9, 0x2e, 0xcd, 0x15, 0x7e,
0x3e, 0x70, 0x44, 0x61, 0x48, 0x61, 0x48, 0x59, 0x50, 0x50, 0x59, 0xfb, 0x14, 0x74, 0x0a, 0xaf,
0xf7, 0x61, 0x18, 0xf7, 0x77, 0x06, 0x0e, 0xf8, 0x34, 0x59, 0x0a, 0xf7, 0xfc, 0xf7, 0x43, 0x60,
0x1d, 0x0e, 0xf9, 0x6f, 0x1c, 0x05, 0x6c, 0x47, 0x1d, 0xf7, 0xd4, 0xfb, 0x40, 0x32, 0x1d, 0xf8,
0xa5, 0xcc, 0x15, 0x7f, 0x3e, 0x71, 0x43, 0x62, 0x48, 0x62, 0x47, 0x59, 0x50, 0x50, 0x5a, 0xfb,
0x1a, 0x74, 0x0a, 0xa9, 0xf7, 0x41, 0x18, 0xf7, 0x77, 0x06, 0xf7, 0xb8, 0xfb, 0x3e, 0x15, 0x85,
0x65, 0x81, 0x66, 0x7d, 0x66, 0x7d, 0x66, 0x7a, 0x68, 0x76, 0x64, 0x0a, 0xfb, 0x19, 0xdc, 0x18,
0xab, 0xbb, 0xa7, 0xbc, 0xa4, 0xbd, 0xa4, 0xbc, 0x9c, 0xc1, 0x95, 0xc5, 0xaa, 0xf7, 0x41, 0x18,
0xf7, 0x77, 0x06, 0x0e, 0xf7, 0xe1, 0xf8, 0xe0, 0x15, 0x94, 0xcc, 0x98, 0xcd, 0x9c, 0xd0, 0x9c,
0xcf, 0xa0, 0xcf, 0xa4, 0xce, 0xa4, 0xce, 0xa9, 0xcc, 0xae, 0xca, 0xad, 0xca, 0xb2, 0xc7, 0xb7,
0xc2, 0xb6, 0xc2, 0xbc, 0xbc, 0xc1, 0xb7, 0xc0, 0xb7, 0xc6, 0xaf, 0xcb, 0xa8, 0xb6, 0xfb, 0x2f,
0x18, 0x46, 0x57, 0x50, 0x50, 0x5a, 0x48, 0x59, 0x48, 0x61, 0x44, 0x68, 0x40, 0x68, 0x40, 0x6e,
0x3c, 0x76, 0x39, 0x75, 0x39, 0x7a, 0x39, 0x7f, 0x38, 0x88, 0x72, 0x18, 0x85, 0x5f, 0x86, 0x5b,
0x86, 0x58, 0x86, 0x58, 0x89, 0x56, 0x8a, 0x55, 0x8a, 0x55, 0x8e, 0x55, 0x90, 0x55, 0x90, 0x54,
0x95, 0x57, 0x99, 0x59, 0x99, 0x59, 0x9e, 0x5c, 0xa4, 0x60, 0xa4, 0x5f, 0xaa, 0x65, 0xb2, 0x6a,
0x4b, 0xfb, 0x29, 0x18, 0x53, 0xab, 0x5b, 0xb3, 0x63, 0xba, 0x62, 0xba, 0x6a, 0xbf, 0x70, 0xc4,
0x70, 0xc4, 0x75, 0xc7, 0x7c, 0xcb, 0x7b, 0xca, 0x80, 0xcc, 0x85, 0xcc, 0x85, 0xcc, 0x89, 0xcb,
0x8d, 0xcb, 0x8c, 0xca, 0x90, 0xc7, 0x92, 0xc4, 0x08, 0x0e, 0xf9, 0xe7, 0xf8, 0xd2, 0x15, 0x7e,
0x2d, 0x74, 0x2a, 0x6d, 0x26, 0x6c, 0x27, 0x63, 0x2b, 0x59, 0x30, 0x56, 0x27, 0x4a, 0x31, 0x3e,
0x3b, 0x3d, 0x3b, 0x32, 0x4d, 0x27, 0x61, 0x64, 0xf7, 0x2d, 0x18, 0xd0, 0xbf, 0xc6, 0xc6, 0xbd,
0xce, 0xbd, 0xce, 0xb6, 0xd2, 0xae, 0xd7, 0xae, 0xd7, 0xa7, 0xda, 0xa1, 0xdd, 0xa0, 0xdd, 0x9c,
0xdd, 0x97, 0xde, 0x8f, 0xa4, 0x18, 0x91, 0xb7, 0x90, 0xbb, 0x90, 0xbe, 0x90, 0xbe, 0x8d, 0xbf,
0x8c, 0xc1, 0x08, 0xc1, 0x88, 0xc1, 0x86, 0xc2, 0x1e, 0x86, 0xc2, 0x81, 0xbf, 0x7d, 0xbe, 0x7c,
0xbd, 0x78, 0xba, 0x72, 0xb7, 0x72, 0xb6, 0x6c, 0xb1, 0x65, 0xac, 0xcb, 0xf7, 0x28, 0x18, 0xc3,
0x6c, 0xbc, 0x64, 0xb4, 0x5c, 0xb4, 0x5c, 0xad, 0x57, 0xa8, 0x52, 0xa7, 0x52, 0xa1, 0x4e, 0x9c,
0x4c, 0x9b, 0x4b, 0x97, 0x4a, 0x92, 0x4a, 0x92, 0x4a, 0x8e, 0x4a, 0x8a, 0x4c, 0x8a, 0x4b, 0x86,
0x4f, 0x84, 0x52, 0x08, 0x0e, 0xfa, 0x53, 0x1c, 0x05, 0xc3, 0x15, 0xfb, 0x39, 0x06, 0xfb, 0x8d,
0x1c, 0xf9, 0xc5, 0x05, 0xf7, 0x39, 0x06, 0x69, 0xfb, 0x6b, 0x05, 0xfc, 0x47, 0x06, 0xf7, 0xd1,
0x1c, 0x07, 0xe9, 0x05, 0xf8, 0x47, 0x06, 0x0e, 0xf8, 0xc2, 0x1c, 0x06, 0x9a, 0x15, 0xf8, 0x48,
0x06, 0xfb, 0xd1, 0x1c, 0xf8, 0x17, 0x05, 0xfc, 0x48, 0x06, 0xad, 0xf7, 0x6b, 0x05, 0xf7, 0x3a,
0x06, 0xf7, 0x8d, 0x1c, 0x06, 0x3b, 0x05, 0xfb, 0x3a, 0x06, 0x0e, 0xf9, 0x9a, 0xfb, 0xfb, 0x15,
0x4b, 0x8e, 0x55, 0x9d, 0x60, 0xac, 0x5f, 0xac, 0x6a, 0xb4, 0x74, 0xbb, 0x77, 0xb4, 0x7d, 0xb8,
0x83, 0xbe, 0x82, 0xbe, 0x8a, 0xbe, 0x91, 0xbd, 0xa0, 0xf7, 0x38, 0x18, 0x90, 0xb2, 0x8b, 0xae,
0x86, 0xa9, 0x86, 0xa9, 0x80, 0xa4, 0x7c, 0xa0, 0x7b, 0x9f, 0x76, 0x9b, 0x70, 0x96, 0x70, 0x96,
0x69, 0x92, 0x63, 0x8d, 0x9f, 0xf7, 0x5c, 0x18, 0xe0, 0x8c, 0xcd, 0xa1, 0xbc, 0xb4, 0xbc, 0xb4,
0xa9, 0xc9, 0x97, 0xe0, 0xa0, 0xf7, 0x37, 0x18, 0x93, 0xc9, 0x9a, 0xc6, 0xa1, 0xc2, 0xa0, 0xc2,
0xa8, 0xbc, 0xaf, 0xb6, 0xae, 0xb5, 0xb6, 0xad, 0xbe, 0xa5, 0xbe, 0xa5, 0xc6, 0x99, 0xce, 0x8e,
0x9e, 0xfb, 0x33, 0x18, 0x60, 0x8a, 0x69, 0x81, 0x72, 0x78, 0x72, 0x77, 0x77, 0x72, 0x7c, 0x6d,
0x7c, 0x6d, 0x81, 0x6a, 0x85, 0x67, 0x84, 0x67, 0x86, 0x68, 0x86, 0x69, 0x76, 0xfb, 0x37, 0x18,
0x80, 0x31, 0x6c, 0x42, 0x59, 0x52, 0x59, 0x52, 0x49, 0x5d, 0x38, 0x6a, 0xac, 0x7a, 0xa7, 0x76,
0xa3, 0x73, 0xa3, 0x72, 0x9e, 0x70, 0x9a, 0x6e, 0x99, 0x6e, 0x95, 0x6b, 0x91, 0x69, 0x90, 0x69,
0x8c, 0x68, 0x88, 0x66, 0x76, 0xfb, 0x38, 0x18, 0x88, 0x70, 0x88, 0x6c, 0x89, 0x66, 0x88, 0x67,
0x8d, 0x69, 0x90, 0x6d, 0x92, 0x6e, 0x96, 0x72, 0x9b, 0x76, 0x9b, 0x77, 0xa4, 0x7f, 0xac, 0x88,
0x08, 0x0e, 0xf7, 0x55, 0xfb, 0x5f, 0x15, 0xb2, 0x8c, 0xab, 0x95, 0xa4, 0xa0, 0xa4, 0xa0, 0x9f,
0xa5, 0x9b, 0xaa, 0x9a, 0xaa, 0x97, 0xac, 0x93, 0xaf, 0x93, 0xae, 0x91, 0xac, 0x8f, 0xaa, 0xa0,
0xf7, 0x37, 0x18, 0x96, 0xe2, 0xa9, 0xd4, 0xba, 0xc4, 0xba, 0xc4, 0xcb, 0xb8, 0xda, 0xad, 0x70,
0x9b, 0x74, 0x9d, 0x77, 0xa0, 0x77, 0xa0, 0x7a, 0xa1, 0x7d, 0xa3, 0x79, 0xab, 0x7f, 0xae, 0x84,
0xb2, 0x84, 0xb1, 0x89, 0xb3, 0x8f, 0xb4, 0xa0, 0xf7, 0x38, 0x18, 0x90, 0xae, 0x8f, 0xb2, 0x90,
0xb7, 0x8f, 0xb6, 0x88, 0xb0, 0x80, 0xaa, 0x83, 0xa2, 0x7e, 0x9d, 0x79, 0x98, 0x79, 0x98, 0x74,
0x92, 0x6e, 0x8e, 0xb9, 0xf7, 0x31, 0x18, 0xc8, 0x88, 0xbf, 0x7c, 0xb5, 0x6e, 0xb4, 0x6e, 0xac,
0x67, 0xa4, 0x5f, 0xa3, 0x5f, 0x9b, 0x5a, 0x93, 0x55, 0x93, 0x55, 0x8c, 0x55, 0x85, 0x56, 0x76,
0xfb, 0x38, 0x18, 0x82, 0x3c, 0x95, 0x4f, 0xa9, 0x62, 0xa9, 0x61, 0xc2, 0x74, 0xdb, 0x87, 0x77,
0xfb, 0x5c, 0x18, 0x37, 0x8a, 0x49, 0x76, 0x5a, 0x62, 0x5a, 0x62, 0x6d, 0x4d, 0x7f, 0x37, 0x75,
0xfb, 0x37, 0x18, 0x83, 0x4f, 0x7c, 0x51, 0x76, 0x54, 0x75, 0x54, 0x6e, 0x5a, 0x67, 0x60, 0x67,
0x60, 0x60, 0x69, 0x59, 0x70, 0x58, 0x70, 0x52, 0x7c, 0x4a, 0x87, 0x08, 0x0e, 0xf8, 0xd8, 0xf8,
0x96, 0x15, 0xf7, 0x35, 0xfc, 0x16, 0x05, 0xfb, 0x35, 0x06, 0xfb, 0x6a, 0xf8, 0x19, 0x8d, 0x9f,
0xf7, 0xe2, 0xf8, 0x1a, 0x05, 0xf7, 0x55, 0x06, 0x0e, 0xf8, 0xea, 0x6e, 0x1d, 0x0e, 0xf9, 0x7f,
0xf9, 0xc0, 0x15, 0xf7, 0xf7, 0x06, 0x5f, 0xfb, 0x92, 0x05, 0xfb, 0xf7, 0x06, 0x43, 0xfc, 0x30,
0x05, 0xfb, 0x96, 0x06, 0xd2, 0xf8, 0x30, 0x05, 0xfb, 0xf8, 0x06, 0xb7, 0xf7, 0x92, 0x05, 0xf7,
0xf8, 0x06, 0xd0, 0xf8, 0x1e, 0x05, 0xf7, 0x96, 0x06, 0x0e, 0xfa, 0x68, 0xf8, 0xed, 0x3f, 0x0a,
0xf9, 0x8f, 0xfa, 0x39, 0x15, 0xf7, 0xd5, 0x06, 0x67, 0xfb, 0x7c, 0x05, 0xfb, 0xd5, 0x06, 0x51,
0xfc, 0x06, 0x05, 0xfb, 0x83, 0x06, 0xc5, 0xf8, 0x06, 0x05, 0xfb, 0xdf, 0x06, 0xb0, 0xf7, 0x7c,
0x05, 0xf7, 0xde, 0x06, 0xc2, 0xf7, 0xf3, 0x05, 0xf7, 0x83, 0x06, 0xe5, 0x1c, 0xfa, 0xfc, 0x3f,
0x0a, 0xf7, 0x06, 0xf8, 0x12, 0x15, 0xf7, 0xf7, 0xf7, 0xce, 0xfb, 0x8a, 0xf7, 0xd0, 0xf7, 0x46,
0xf7, 0x2d, 0xf7, 0x87, 0xfb, 0xcc, 0xf7, 0xf4, 0xf7, 0xcc, 0xf7, 0x21, 0xfb, 0x42, 0xfb, 0xf7,
0xfb, 0xcf, 0xf7, 0x8a, 0xfb, 0xd0, 0xfb, 0x46, 0xfb, 0x2d, 0xfb, 0x87, 0xf7, 0xcc, 0xfb, 0xf4,
0xfb, 0xcc, 0x05, 0x0e, 0xfa, 0xda, 0xf8, 0xd1, 0x15, 0xfe, 0x77, 0x40, 0x0a, 0xfa, 0x77, 0x06,
0xfc, 0xea, 0xf7, 0xb0, 0x15, 0xb5, 0x99, 0xae, 0xa7, 0xa7, 0x1e, 0xa7, 0xa6, 0xaf, 0x99, 0xb6,
0x1b, 0xb3, 0x8c, 0xae, 0x7f, 0xa8, 0x72, 0x08, 0xa8, 0x71, 0x9a, 0x69, 0x62, 0x1a, 0x5f, 0x7c,
0x68, 0x6e, 0x70, 0x1e, 0x70, 0x6d, 0x68, 0x7d, 0x63, 0x1b, 0x62, 0x69, 0x98, 0xa4, 0x6e, 0x1f,
0x6e, 0xa4, 0x7d, 0xac, 0xb4, 0x1a, 0xfb, 0x23, 0xfd, 0xbf, 0x15, 0xb5, 0x99, 0xae, 0xa7, 0xa8,
0x1e, 0xa7, 0xa6, 0xaf, 0x99, 0xb6, 0x1b, 0xb4, 0x8c, 0xaf, 0x7f, 0xa8, 0x71, 0x08, 0xa8, 0x71,
0x99, 0x69, 0x62, 0x1a, 0x5f, 0x7c, 0x68, 0x6e, 0x70, 0x1e, 0x70, 0x6d, 0x68, 0x7d, 0x63, 0x1b,
0x63, 0x68, 0x98, 0xa4, 0x6e, 0x1f, 0x6e, 0xa4, 0x7c, 0xac, 0xb4, 0x1a, 0x0e, 0xfa, 0xd8, 0xf9,
0x61, 0x15, 0xfe, 0x2b, 0x06, 0xb3, 0xf7, 0x78, 0x05, 0xfa, 0x2b, 0x06, 0xfb, 0x07, 0xfd, 0x27,
0x15, 0xfe, 0x2b, 0x40, 0x0a, 0xfa, 0x2b, 0x06, 0x0e, 0xfa, 0x87, 0xf7, 0xb2, 0x15, 0xfc, 0xae,
0x06, 0x21, 0xfb, 0x2e, 0xfb, 0x0c, 0xcf, 0xc6, 0xe1, 0x05, 0xfb, 0x6a, 0x40, 0x0a, 0xf7, 0xdf,
0x06, 0xf7, 0x21, 0xf7, 0x60, 0x05, 0xfc, 0x49, 0x06, 0xb3, 0xf7, 0x78, 0x05, 0xf8, 0xbf, 0x06,
0xf7, 0x02, 0xf7, 0x32, 0xf7, 0x0b, 0x46, 0x4d, 0x32, 0x05, 0xf7, 0x59, 0x3d, 0x0a, 0xfb, 0xcf,
0x06, 0xfb, 0x21, 0xfb, 0x60, 0x05, 0xf8, 0x39, 0x06, 0x0e, 0xf7, 0x1c, 0xf8, 0x99, 0x15, 0xb2,
0xf7, 0x74, 0xfa, 0x30, 0xf8, 0x04, 0x61, 0xfb, 0xa8, 0xfc, 0xc1, 0xfb, 0x4e, 0x38, 0x6e, 0xbc,
0x77, 0xf8, 0x94, 0xfb, 0x50, 0x5e, 0xfb, 0x99, 0x05, 0x0e, 0xd6, 0xf7, 0x1d, 0x15, 0xbc, 0xf7,
0xac, 0xf8, 0xd4, 0xf7, 0x50, 0xd6, 0xa2, 0x61, 0x9c, 0xfc, 0xac, 0xf7, 0x56, 0xb8, 0xf7, 0x97,
0xf9, 0xbf, 0xfc, 0x03, 0x64, 0xfb, 0x76, 0x05, 0x0e, 0xf8, 0x70, 0xf9, 0xc6, 0x15, 0xbc, 0x79,
0xf8, 0x94, 0xfb, 0x3d, 0x5e, 0xfb, 0x7f, 0xfd, 0xb1, 0xf7, 0xdf, 0xb2, 0xf7, 0x5e, 0xfa, 0x30,
0xf7, 0xdf, 0x61, 0xfb, 0x8c, 0xfc, 0xc1, 0xfb, 0x3c, 0x05, 0xf7, 0xf7, 0xfd, 0xbd, 0x3f, 0x0a,
0xf9, 0xd3, 0xf9, 0xd7, 0x15, 0x61, 0x9b, 0xfc, 0xac, 0xf7, 0x42, 0xb8, 0xf7, 0x7d, 0xf9, 0xbf,
0xfb, 0xde, 0x64, 0xfb, 0x5f, 0xfe, 0x3f, 0xfb, 0xe0, 0xbc, 0xf7, 0x90, 0xf8, 0xd4, 0xf7, 0x3e,
0x05, 0xf7, 0x2c, 0xfd, 0xa1, 0x3f, 0x0a, 0xfa, 0x4b, 0xf8, 0x0a, 0x15, 0xfb, 0x58, 0x06, 0xb9,
0xf7, 0x98, 0x05, 0xfc, 0xfd, 0x06, 0xaa, 0xf7, 0x3f, 0x05, 0xf9, 0xbf, 0x06, 0x0e, 0xf7, 0xec,
0xfb, 0x11, 0x15, 0xfb, 0x9a, 0x06, 0xf9, 0xb7, 0x1c, 0x06, 0x2d, 0x05, 0xf7, 0x9b, 0x06, 0x0e,
0xf8, 0x15, 0x28, 0x0a, 0xf7, 0x89, 0x06, 0xf7, 0x92, 0x1c, 0xf9, 0xd3, 0x05, 0xfb, 0x88, 0x06,
0x0e, 0xf7, 0x19, 0x1c, 0x04, 0xab, 0x15, 0x90, 0xb5, 0x95, 0xb2, 0x9c, 0xae, 0x9c, 0xae, 0xa1,
0xa9, 0xa6, 0xa4, 0xa6, 0xa4, 0xaa, 0x9e, 0xaf, 0x99, 0xaf, 0x98, 0xb3, 0x6a, 0x0a, 0x6d, 0x94,
0x69, 0x08, 0x94, 0x69, 0x8f, 0x66, 0x88, 0x63, 0x84, 0x3e, 0x18, 0x86, 0x62, 0x81, 0x65, 0x7a,
0x68, 0x7a, 0x68, 0x76, 0x6e, 0x70, 0x72, 0x70, 0x72, 0x6b, 0x78, 0x68, 0x7e, 0x67, 0x7d, 0x64,
0x85, 0x60, 0x8c, 0x62, 0x8c, 0x67, 0x92, 0x6c, 0x9a, 0x6b, 0x99, 0x70, 0x9e, 0x76, 0xa4, 0x76,
0xa4, 0x7b, 0xa8, 0x81, 0xad, 0x08, 0x81, 0xac, 0x87, 0xb0, 0x8e, 0xb3, 0x08, 0xf7, 0x4e, 0x89,
0x15, 0x8a, 0x7d, 0x8c, 0x7d, 0x8d, 0x7d, 0x8c, 0x7d, 0x8f, 0x7f, 0x91, 0x80, 0x90, 0x80, 0x93,
0x82, 0x96, 0x84, 0x08, 0x84, 0x95, 0x99, 0x87, 0x9c, 0x1b, 0x9c, 0x99, 0x8e, 0x92, 0x98, 0x1f,
0x98, 0x92, 0x95, 0x94, 0x94, 0x96, 0x93, 0x96, 0x92, 0x97, 0x90, 0x9a, 0x90, 0x99, 0x8e, 0x99,
0x8d, 0x9a, 0x93, 0xda, 0x18, 0x8c, 0x99, 0x8a, 0x99, 0x8a, 0x99, 0x89, 0x99, 0x87, 0x98, 0x86,
0x96, 0x86, 0x96, 0x83, 0x95, 0x80, 0x92, 0x08, 0x92, 0x80, 0x7d, 0x8e, 0x7a, 0x1b, 0x7a, 0x7c,
0x88, 0x84, 0x7e, 0x1f, 0x7e, 0x84, 0x81, 0x83, 0x83, 0x80, 0x82, 0x80, 0x85, 0x7e, 0x86, 0x7d,
0x86, 0x7c, 0x87, 0x7d, 0x89, 0x7c, 0x08, 0xf7, 0x7f, 0xfd, 0xf1, 0x15, 0x90, 0xb5, 0x96, 0xb2,
0x9c, 0xae, 0x9c, 0xae, 0xa1, 0xa9, 0xa6, 0xa4, 0xa6, 0xa4, 0xaa, 0x9e, 0xaf, 0x98, 0xaf, 0x98,
0xb2, 0x6a, 0x0a, 0x6e, 0x95, 0x69, 0x08, 0x94, 0x69, 0x8f, 0x66, 0x88, 0x63, 0x84, 0x3d, 0x18,
0x86, 0x61, 0x81, 0x65, 0x7a, 0x68, 0x7a, 0x68, 0x76, 0x6e, 0x70, 0x72, 0x70, 0x72, 0x6c, 0x78,
0x67, 0x7e, 0x67, 0x7e, 0x64, 0x84, 0x60, 0x8c, 0x62, 0x8c, 0x66, 0x92, 0x6c, 0x9a, 0x6b, 0x99,
0x70, 0x9f, 0x76, 0xa4, 0x75, 0xa4, 0x7b, 0xa8, 0x81, 0xad, 0x08, 0x81, 0xac, 0x88, 0xb0, 0x8e,
0xb3, 0x08, 0xf7, 0x4e, 0x89, 0x15, 0x8a, 0x7e, 0x8c, 0x7d, 0x8d, 0x7d, 0x8d, 0x7d, 0x8f, 0x7f,
0x91, 0x80, 0x91, 0x80, 0x93, 0x81, 0x96, 0x84, 0x08, 0x84, 0x96, 0x98, 0x87, 0x9b, 0x1b, 0x9d,
0x8a, 0x9a, 0x8e, 0x98, 0x92, 0x98, 0x91, 0x95, 0x94, 0x93, 0x96, 0x93, 0x96, 0x91, 0x97, 0x90,
0x9a, 0x8f, 0x9a, 0x8e, 0x9a, 0x8d, 0x9b, 0x93, 0xda, 0x18, 0x8c, 0x99, 0x8a, 0x99, 0x8a, 0x99,
0x89, 0x99, 0x87, 0x98, 0x86, 0x96, 0x85, 0x96, 0x83, 0x94, 0x81, 0x92, 0x08, 0x92, 0x80, 0x7e,
0x8e, 0x7a, 0x1b, 0x7a, 0x7c, 0x88, 0x85, 0x7e, 0x1f, 0x7e, 0x84, 0x81, 0x83, 0x82, 0x80, 0x82,
0x80, 0x85, 0x7e, 0x86, 0x7d, 0x86, 0x7c, 0x88, 0x7d, 0x89, 0x7c, 0x08, 0xfc, 0x27, 0xfb, 0x1f,
0x15, 0xfb, 0x14, 0xcf, 0xf9, 0x64, 0xfa, 0x93, 0xf7, 0x14, 0x47, 0x05, 0x0e, 0xf7, 0x93, 0xf7,
0xb6, 0x15, 0x8e, 0xb3, 0x95, 0xb1, 0x9a, 0xae, 0x9a, 0xae, 0x9f, 0xaa, 0xa4, 0xa6, 0xa4, 0xa5,
0xa8, 0xa0, 0xae, 0x9a, 0xae, 0x9a, 0xb1, 0x93, 0xb5, 0x8a, 0xa2, 0x8a, 0xa2, 0x88, 0xa0, 0x86,
0xa0, 0x86, 0x9f, 0x82, 0x9d, 0x7f, 0x92, 0x86, 0x93, 0x86, 0x92, 0x85, 0x08, 0x92, 0x85, 0x91,
0x85, 0x92, 0x84, 0x93, 0x91, 0x93, 0x91, 0x93, 0x91, 0x93, 0x90, 0x93, 0x90, 0x93, 0x90, 0x9f,
0x96, 0xa0, 0x93, 0xa1, 0x91, 0xa0, 0x91, 0xa2, 0x8e, 0xa4, 0x8a, 0xb2, 0x8a, 0xad, 0x83, 0xa8,
0x7c, 0xa7, 0x7c, 0xa2, 0x76, 0x9d, 0x72, 0x08, 0x9d, 0x72, 0x98, 0x6e, 0x93, 0x6a, 0x93, 0x6a,
0x8e, 0x68, 0x89, 0x67, 0x89, 0x64, 0x18, 0x87, 0x63, 0x82, 0x66, 0x7c, 0x68, 0x7c, 0x68, 0x77,
0x6d, 0x72, 0x72, 0x72, 0x71, 0x6e, 0x77, 0x69, 0x7c, 0x69, 0x7c, 0x65, 0x84, 0x61, 0x8c, 0x74,
0x8c, 0x76, 0x8e, 0x76, 0x90, 0x76, 0x90, 0x77, 0x93, 0x78, 0x96, 0x84, 0x90, 0x83, 0x90, 0x84,
0x91, 0x08, 0x83, 0x91, 0x84, 0x92, 0x84, 0x92, 0x82, 0x84, 0x83, 0x85, 0x82, 0x85, 0x82, 0x85,
0x83, 0x86, 0x82, 0x86, 0x78, 0x81, 0x77, 0x83, 0x76, 0x86, 0x76, 0x86, 0x75, 0x88, 0x74, 0x8c,
0x64, 0x8c, 0x6a, 0x92, 0x6e, 0x9a, 0x6e, 0x9a, 0x74, 0x9e, 0x78, 0xa4, 0x08, 0x78, 0xa4, 0x7e,
0xa7, 0x82, 0xac, 0x82, 0xab, 0x88, 0xad, 0x8d, 0xaf, 0x08, 0xf8, 0xab, 0xb3, 0x15, 0x88, 0x64,
0x8a, 0x80, 0x8c, 0x7f, 0x8c, 0x7e, 0x19, 0x6d, 0x0a, 0x9a, 0x72, 0x0a, 0x8f, 0x63, 0x1d, 0x81,
0x1f, 0x80, 0x83, 0x83, 0x81, 0x84, 0x7f, 0x84, 0x7f, 0x86, 0x7e, 0x88, 0x7d, 0x88, 0x7c, 0x88,
0x7e, 0x8a, 0x7e, 0x08, 0xfb, 0xf0, 0x16, 0x88, 0x64, 0x05, 0x80, 0x8c, 0x7f, 0x8c, 0x7e, 0x1e,
0x6d, 0x0a, 0x99, 0x72, 0x0a, 0x90, 0x63, 0x1d, 0x80, 0x1f, 0x80, 0x83, 0x83, 0x81, 0x84, 0x7f,
0x84, 0x7f, 0x86, 0x7e, 0x88, 0x7d, 0x88, 0x7c, 0x88, 0x7e, 0x8a, 0x7e, 0x08, 0x2e, 0xfa, 0x16,
0x15, 0x88, 0x66, 0x8a, 0x80, 0x8b, 0x7e, 0x8c, 0x7e, 0x19, 0x8c, 0x7e, 0x8d, 0x7e, 0x8f, 0x80,
0x8f, 0x80, 0x91, 0x81, 0x94, 0x84, 0x08, 0x83, 0x94, 0x97, 0x87, 0x9a, 0x1b, 0x9a, 0x98, 0x8f,
0x93, 0x96, 0x1f, 0x96, 0x93, 0x93, 0x95, 0x92, 0x97, 0x91, 0x97, 0x90, 0x98, 0x8f, 0x9a, 0x8e,
0x99, 0x8e, 0x98, 0x8c, 0x97, 0x8e, 0xaf, 0x18, 0x8c, 0x96, 0x8b, 0x97, 0x8a, 0x99, 0x8a, 0x98,
0x89, 0x98, 0x87, 0x97, 0x87, 0x97, 0x85, 0x95, 0x82, 0x94, 0x84, 0x1d, 0x80, 0x1f, 0x80, 0x83,
0x82, 0x81, 0x85, 0x7f, 0x84, 0x7e, 0x86, 0x7e, 0x88, 0x7c, 0x88, 0x7c, 0x88, 0x7e, 0x8a, 0x7e,
0x08, 0xfb, 0x40, 0x8a, 0x15, 0x8e, 0xb1, 0x94, 0xb0, 0x99, 0xae, 0x98, 0xae, 0x9e, 0xaa, 0xa2,
0xa6, 0xa2, 0xa6, 0xa6, 0xa0, 0xac, 0x9b, 0xac, 0x9a, 0xb0, 0x93, 0xb4, 0x8a, 0xb3, 0x8a, 0xae,
0x83, 0xa8, 0x7c, 0xa8, 0x7c, 0xa2, 0x76, 0x9e, 0x72, 0x9e, 0x71, 0x98, 0x6d, 0x94, 0x6a, 0x08,
0x94, 0x6a, 0x8e, 0x68, 0x89, 0x66, 0x88, 0x66, 0x18, 0x88, 0x64, 0x82, 0x66, 0x7c, 0x69, 0x7c,
0x68, 0x77, 0x6d, 0x72, 0x71, 0x72, 0x71, 0x6e, 0x77, 0x6a, 0x7c, 0x69, 0x7c, 0x66, 0x85, 0x62,
0x8c, 0x65, 0x8c, 0x6a, 0x93, 0x6f, 0x9a, 0x6f, 0x9a, 0x74, 0xa0, 0x7a, 0xa4, 0x79, 0xa4, 0x7e,
0xa8, 0x83, 0xac, 0x08, 0x83, 0xab, 0x88, 0xac, 0x8d, 0xae, 0x08, 0x93, 0xfd, 0x39, 0x15, 0x38,
0xef, 0xfa, 0x13, 0xf8, 0xe6, 0xde, 0x27, 0x05, 0x0e, 0xf8, 0xa5, 0xfc, 0x2e, 0x15, 0xfb, 0x3f,
0x06, 0xf7, 0xb8, 0x1c, 0x07, 0x4a, 0x05, 0xf7, 0x3f, 0x06, 0x0e, 0xf7, 0xd6, 0xfb, 0xa2, 0x15,
0xf7, 0x1e, 0xf9, 0xaf, 0x05, 0xf7, 0x8b, 0x06, 0xfb, 0x1e, 0xfd, 0xaf, 0x05, 0xf7, 0x3c, 0xfa,
0x5c, 0x15, 0xfb, 0x8b, 0x06, 0xf7, 0x17, 0xf9, 0x8a, 0x05, 0xf7, 0x8b, 0x06, 0x0e, 0xfa, 0xe3,
0xf9, 0xe6, 0x15, 0xfb, 0xef, 0x06, 0xfb, 0x19, 0xfd, 0xe6, 0x36, 0x0a, 0xf7, 0x19, 0xf9, 0xe6,
0x05, 0xfb, 0xeb, 0x06, 0xb0, 0xf7, 0x7c, 0x05, 0xf7, 0xea, 0x71, 0x0a, 0x0e, 0xfa, 0x73, 0x16,
0xfb, 0xef, 0x06, 0x49, 0xfc, 0x34, 0x36, 0x0a, 0xcc, 0xf8, 0x34, 0x05, 0xfb, 0xe9, 0x06, 0xae,
0xf7, 0x73, 0x05, 0xf7, 0xe9, 0x06, 0xee, 0xf9, 0x0d, 0x05, 0xfb, 0xea, 0x06, 0xaf, 0xf7, 0x76,
0x05, 0xf7, 0xe9, 0x71, 0x0a, 0x67, 0xfb, 0x76, 0x05, 0xfb, 0xef, 0x06, 0x28, 0xfd, 0x0d, 0x05,
0xf7, 0xf0, 0x06, 0x0e, 0xf9, 0xbe, 0xf8, 0x4e, 0x15, 0x87, 0x66, 0x82, 0x69, 0x7e, 0x6e, 0x7d,
0x6e, 0x79, 0x72, 0x75, 0x77, 0x75, 0x76, 0x71, 0x7c, 0x6d, 0x80, 0x6c, 0x80, 0x69, 0x87, 0x64,
0x8c, 0x62, 0x8c, 0x69, 0x93, 0x6e, 0x9c, 0x6e, 0x9c, 0x73, 0xa0, 0x79, 0xa6, 0x78, 0xa5, 0x7e,
0xa9, 0x84, 0xae, 0x08, 0x83, 0xad, 0x88, 0xaf, 0x8d, 0xb0, 0x93, 0xe5, 0x18, 0x8f, 0xb2, 0x94,
0xb1, 0x9a, 0xaf, 0x99, 0xae, 0x9e, 0xaa, 0xa3, 0xa6, 0xa3, 0xa6, 0xa8, 0xa0, 0xac, 0x9b, 0xac,
0x9a, 0xb1, 0x93, 0xb6, 0x8a, 0xb0, 0x8a, 0xab, 0x86, 0xa8, 0x80, 0xa7, 0x80, 0xa3, 0x7b, 0x9e,
0x78, 0x9e, 0x76, 0x9a, 0x72, 0x94, 0x6e, 0x08, 0x94, 0x6d, 0x8f, 0x69, 0x89, 0x66, 0xfb, 0x07,
0x8c, 0x18, 0x8c, 0xa0, 0x8a, 0x9d, 0x88, 0x9c, 0x88, 0x9c, 0x85, 0x99, 0x82, 0x97, 0x82, 0x97,
0x80, 0x94, 0x7c, 0x92, 0x08, 0x92, 0x7c, 0x78, 0x8e, 0x74, 0x1b, 0x70, 0x74, 0x86, 0x80, 0x78,
0x1f, 0x78, 0x80, 0x7b, 0x7c, 0x7e, 0x79, 0x7e, 0x79, 0x80, 0x77, 0x84, 0x74, 0x83, 0x74, 0x86,
0x74, 0x88, 0x74, 0x83, 0x2f, 0x18, 0x8a, 0x76, 0x8b, 0x76, 0x8d, 0x76, 0x8d, 0x75, 0x90, 0x77,
0x93, 0x79, 0x93, 0x79, 0x97, 0x7c, 0x9a, 0x7f, 0x9a, 0x7f, 0xa0, 0x85, 0xa4, 0x8a, 0xa2, 0x8a,
0x9e, 0x8e, 0x9c, 0x91, 0x9b, 0x91, 0x99, 0x94, 0x96, 0x97, 0x96, 0x97, 0x95, 0x99, 0x92, 0x9c,
0x08, 0x92, 0x9c, 0x91, 0x9d, 0x90, 0x9f, 0x08, 0xfc, 0xa7, 0xe8, 0x15, 0x84, 0x52, 0x8e, 0x54,
0x98, 0x54, 0x98, 0x54, 0xa0, 0x5a, 0xaa, 0x60, 0xa9, 0x60, 0xb1, 0x68, 0xba, 0x70, 0xba, 0x70,
0xc1, 0x7c, 0xc9, 0x8a, 0xcd, 0x89, 0xc9, 0x97, 0xc4, 0xa6, 0x7a, 0x0a, 0xc6, 0x77, 0x0a, 0xc1,
0x7e, 0xc1, 0x75, 0xbc, 0x6d, 0xb6, 0x6d, 0xb6, 0x65, 0xad, 0x5c, 0xa6, 0x5c, 0xa6, 0x56, 0x68,
0x0a, 0x6e, 0x52, 0x6e, 0x51, 0x7a, 0x4f, 0x84, 0x4c, 0x08, 0x30, 0x16, 0x90, 0xbd, 0x96, 0xbc,
0x9c, 0xbb, 0x9c, 0xbb, 0xa0, 0xb8, 0xa6, 0xb6, 0xa6, 0xb5, 0xaa, 0xb2, 0xae, 0xaf, 0xae, 0xae,
0xb2, 0xaa, 0xb6, 0xa4, 0xb5, 0xa4, 0xb8, 0x9f, 0xbc, 0x99, 0xbb, 0x98, 0xbd, 0x91, 0xc0, 0x8a,
0xbc, 0x8a, 0xb9, 0x83, 0xb5, 0x7c, 0x08, 0xb5, 0x7c, 0xb1, 0x77, 0xad, 0x72, 0xad, 0x71, 0xa9,
0x6d, 0xa5, 0x68, 0xa4, 0x68, 0xa0, 0x66, 0x9b, 0x63, 0x9b, 0x62, 0x96, 0x61, 0x92, 0x5e, 0x91,
0x5e, 0x8c, 0x5d, 0x86, 0x5d, 0x86, 0x59, 0x80, 0x5a, 0x7a, 0x5b, 0x7a, 0x5b, 0x76, 0x5e, 0x71,
0x60, 0x08, 0x70, 0x60, 0x6c, 0x64, 0x68, 0x68, 0x67, 0x67, 0x64, 0x6c, 0x61, 0x72, 0x7c, 0x0a,
0x57, 0x8c, 0x41, 0x8d, 0x49, 0x9c, 0x52, 0xab, 0x51, 0xaa, 0x5b, 0xb5, 0x65, 0xbf, 0x64, 0xbe,
0x6f, 0xc6, 0x7a, 0xcd, 0x08, 0x7a, 0xcc, 0x86, 0xcf, 0x92, 0xd0, 0x08, 0x0e, 0xd7, 0xf8, 0xaa,
0x15, 0x90, 0xbd, 0x95, 0xbc, 0x9c, 0xbb, 0x9c, 0xba, 0xa0, 0xb8, 0xa6, 0xb6, 0xa6, 0xb6, 0xaa,
0xb2, 0xae, 0xae, 0xae, 0xae, 0xb2, 0xaa, 0xb6, 0xa5, 0xb5, 0xa4, 0xb8, 0x9f, 0xbc, 0x99, 0xbb,
0x98, 0xbd, 0x91, 0xc0, 0x8a, 0xd5, 0x89, 0xcd, 0x7a, 0xc5, 0x6c, 0x08, 0xc4, 0x6b, 0xbb, 0x61,
0xb1, 0x58, 0xb1, 0x57, 0xa7, 0x50, 0x9c, 0x4a, 0x9c, 0x49, 0x90, 0x47, 0x84, 0x46, 0x86, 0x59,
0x80, 0x5a, 0x7a, 0x5b, 0x7a, 0x5b, 0x76, 0x5e, 0x71, 0x61, 0x70, 0x60, 0x6c, 0x64, 0x68, 0x68,
0x68, 0x67, 0x64, 0x6c, 0x61, 0x72, 0x08, 0x7c, 0x0a, 0x56, 0x8c, 0x5a, 0x8c, 0x5d, 0x94, 0x61,
0x9a, 0x60, 0x9a, 0x65, 0x9f, 0x69, 0xa5, 0x69, 0xa4, 0x6d, 0xa9, 0x72, 0xae, 0x71, 0xae, 0x76,
0xb0, 0x7b, 0xb4, 0x7b, 0xb4, 0x80, 0xb6, 0x85, 0xb8, 0x08, 0x85, 0xb8, 0x8a, 0xb8, 0x90, 0xba,
0x08, 0xe6, 0x8a, 0x15, 0x84, 0x52, 0x8f, 0x54, 0x98, 0x55, 0x98, 0x54, 0xa0, 0x5b, 0xa9, 0x60,
0xa9, 0x60, 0xb1, 0x68, 0xba, 0x70, 0xba, 0x70, 0xc1, 0x7c, 0xc8, 0x8a, 0xcd, 0x89, 0xc9, 0x97,
0xc5, 0xa5, 0x7a, 0x0a, 0xc5, 0x77, 0x0a, 0xc2, 0x7e, 0xc1, 0x75, 0xbc, 0x6d, 0xb6, 0x6d, 0xb6,
0x65, 0xad, 0x5c, 0xa6, 0x5c, 0xa6, 0x55, 0x68, 0x0a, 0x6f, 0x51, 0x6e, 0x51, 0x7a, 0x4f, 0x84,
0x4c, 0x08, 0xf7, 0xcd, 0x5a, 0x15, 0x63, 0xfb, 0x90, 0x05, 0xfb, 0x04, 0x06, 0xef, 0xf9, 0x11,
0xf7, 0x5a, 0x8a, 0xa8, 0x8a, 0xa6, 0x88, 0xa6, 0x84, 0x19, 0xa6, 0x84, 0xa2, 0x80, 0x9f, 0x7c,
0x9f, 0x7c, 0x9b, 0x77, 0x96, 0x74, 0x96, 0x74, 0x90, 0x6f, 0x89, 0x6a, 0x8a, 0x74, 0x85, 0x77,
0x82, 0x7a, 0x82, 0x7a, 0x7f, 0x7c, 0x7d, 0x7e, 0x7c, 0x7e, 0x7b, 0x7f, 0x79, 0x82, 0x79, 0x81,
0x78, 0x82, 0x78, 0x83, 0xea, 0xfb, 0xb0, 0x18, 0xfb, 0x01, 0x06, 0x41, 0xf7, 0x90, 0x05, 0x26,
0xf0, 0x15, 0xf5, 0x06, 0x99, 0x8c, 0x99, 0x8d, 0x9a, 0x8f, 0x99, 0x8e, 0x98, 0x91, 0x97, 0x93,
0x97, 0x92, 0x95, 0x95, 0x94, 0x96, 0x93, 0x96, 0x90, 0x98, 0x8e, 0x9b, 0x8e, 0x9e, 0x8b, 0x9a,
0x86, 0x97, 0x86, 0x96, 0x84, 0x94, 0x81, 0x92, 0x81, 0x92, 0x7f, 0x8f, 0x7d, 0x8e, 0x08, 0x7d,
0x8d, 0x7c, 0x8c, 0x7b, 0x8c, 0x27, 0x8c, 0x18, 0x0e, 0xfa, 0xdb, 0x1c, 0x04, 0xe6, 0x15, 0xfb,
0x39, 0xfb, 0xe7, 0x45, 0x8a, 0x5a, 0xf7, 0xf8, 0x4c, 0xfb, 0xf8, 0x05, 0xfb, 0x0f, 0x06, 0xea,
0xf8, 0xb2, 0x05, 0xf7, 0x29, 0x06, 0xbd, 0xfc, 0x03, 0xf7, 0x50, 0xf8, 0x03, 0x05, 0xf7, 0x25,
0x06, 0x2d, 0xfc, 0xb2, 0x05, 0xfb, 0x10, 0x06, 0xfc, 0x23, 0xf8, 0x49, 0x15, 0xfb, 0x14, 0x06,
0x40, 0xfc, 0x46, 0x05, 0xfb, 0x1b, 0x06, 0xd6, 0xf8, 0x46, 0x05, 0xfb, 0x18, 0x06, 0x9e, 0xf4,
0x05, 0xf8, 0x1f, 0x06, 0x0e, 0xf8, 0x57, 0x1c, 0x04, 0xa9, 0x15, 0x8d, 0xb1, 0x94, 0xaf, 0x9c,
0xae, 0x9b, 0xad, 0xa0, 0xa9, 0xa6, 0xa6, 0xa5, 0xa5, 0xa9, 0xa0, 0xae, 0x9a, 0xad, 0x9a, 0xaf,
0x93, 0xb2, 0x8a, 0xae, 0x8a, 0xac, 0x83, 0xa8, 0x7c, 0xa8, 0x7c, 0xa3, 0x77, 0x9f, 0x72, 0x9f,
0x72, 0x9a, 0x6f, 0x96, 0x6c, 0x08, 0x95, 0x6b, 0x8f, 0x6a, 0x89, 0x6a, 0x89, 0x66, 0x82, 0x67,
0x7c, 0x69, 0x7b, 0x68, 0x76, 0x6d, 0x72, 0x71, 0x71, 0x71, 0x6d, 0x77, 0x6a, 0x7c, 0x69, 0x7c,
0x67, 0x83, 0x64, 0x8c, 0x68, 0x8c, 0x6a, 0x92, 0x6e, 0x9a, 0x6d, 0x9a, 0x72, 0x9e, 0x76, 0xa3,
0x08, 0x76, 0xa3, 0x7b, 0xa7, 0x80, 0xaa, 0x80, 0xaa, 0x87, 0xac, 0x8d, 0xae, 0x08, 0xf7, 0x22,
0x8e, 0x15, 0x8a, 0x7b, 0x8c, 0x7c, 0x90, 0x7d, 0x90, 0x7c, 0x92, 0x7f, 0x94, 0x80, 0x94, 0x80,
0x97, 0x83, 0x98, 0x85, 0x08, 0x84, 0x98, 0x9a, 0x88, 0x9b, 0x1b, 0x9d, 0x9c, 0x8f, 0x92, 0x9a,
0x1f, 0x9a, 0x92, 0x99, 0x95, 0x97, 0x97, 0x96, 0x97, 0x95, 0x99, 0x92, 0x9a, 0x92, 0x9a, 0x90,
0x9c, 0x8d, 0x9c, 0x8d, 0x9a, 0x8a, 0x9a, 0x87, 0x9a, 0x87, 0x9a, 0x85, 0x98, 0x83, 0x97, 0x82,
0x96, 0x81, 0x95, 0x7e, 0x92, 0x08, 0x92, 0x7e, 0x7c, 0x8e, 0x7a, 0x1b, 0x79, 0x7a, 0x87, 0x84,
0x7b, 0x1f, 0x7b, 0x83, 0x7d, 0x81, 0x7e, 0x7e, 0x7e, 0x7e, 0x81, 0x7d, 0x84, 0x7b, 0x83, 0x7b,
0x86, 0x7a, 0x89, 0x7a, 0x08, 0x0e, 0xf8, 0x9e, 0xfa, 0x12, 0x15, 0xfc, 0x00, 0xeb, 0xe9, 0xf7,
0x5a, 0xf7, 0xeb, 0xfb, 0x3c, 0xac, 0xf8, 0x48, 0x05, 0xf7, 0x6a, 0x06, 0x22, 0xfc, 0x43, 0xf8,
0x10, 0xf7, 0x33, 0xab, 0xfb, 0x6c, 0xfc, 0x27, 0x30, 0xf7, 0x69, 0xfb, 0xdc, 0xfb, 0x4d, 0xfb,
0x0e, 0xfb, 0x26, 0xf8, 0x08, 0xfb, 0x98, 0xfb, 0xf9, 0xfb, 0x37, 0xf7, 0x16, 0x05, 0x0e, 0xf8,
0xe6, 0xf8, 0x2e, 0x15, 0xfb, 0x50, 0x06, 0xfb, 0x23, 0xfc, 0x2e, 0x05, 0xfb, 0x48, 0x06, 0xf7,
0x22, 0xf8, 0x2e, 0x05, 0xfb, 0x6f, 0x06, 0xa9, 0xf7, 0x3d, 0x05, 0xf7, 0x8b, 0x06, 0xf0, 0xf7,
0xb6, 0x05, 0xfb, 0x76, 0x06, 0xa9, 0xf7, 0x3f, 0x05, 0xf7, 0x92, 0x06, 0xf7, 0x26, 0xf8, 0x34,
0x05, 0xf7, 0x47, 0x06, 0xfb, 0x24, 0xfc, 0x34, 0x05, 0xf7, 0x50, 0x06, 0xf7, 0x25, 0xf8, 0x34,
0x05, 0xf7, 0x49, 0x06, 0xfb, 0x26, 0xfc, 0x34, 0x05, 0xf7, 0x65, 0x06, 0x6d, 0xfb, 0x3f, 0x05,
0xfb, 0x81, 0x06, 0x26, 0xfb, 0xb6, 0x05, 0xf7, 0x6a, 0x06, 0x6d, 0xfb, 0x3d, 0x05, 0xfb, 0x86,
0x06, 0xfb, 0x22, 0xfc, 0x2e, 0x05, 0xfb, 0x49, 0x06, 0x97, 0xf8, 0xd7, 0x15, 0xf7, 0x51, 0x06,
0xef, 0xf7, 0xb6, 0x05, 0xfb, 0x50, 0x06, 0x0e, 0xb0, 0xf8, 0x00, 0x15, 0x8e, 0xbc, 0x96, 0xb7,
0x9e, 0xb2, 0x9d, 0xb2, 0xa2, 0xb0, 0xa8, 0xac, 0xa2, 0xa6, 0xa5, 0xa3, 0xa8, 0xa2, 0xa8, 0xa2,
0xa8, 0xa0, 0xaa, 0x9f, 0xb6, 0xa6, 0x18, 0x80, 0xa5, 0x81, 0xa5, 0x82, 0xa6, 0x82, 0xa5, 0x83,
0xa5, 0x84, 0xa6, 0x84, 0xa6, 0x87, 0xa6, 0x88, 0xa6, 0x88, 0xa6, 0x8a, 0xa7, 0x8e, 0xa8, 0x94,
0xf7, 0x05, 0xb6, 0xe8, 0xd8, 0xd4, 0xd8, 0xd4, 0xeb, 0xae, 0xf7, 0x08, 0x88, 0xe4, 0x88, 0xd4,
0x6a, 0xc2, 0x4b, 0x08, 0xc2, 0x4a, 0xa3, 0x3f, 0x86, 0x33, 0x87, 0x3f, 0x71, 0x4b, 0x5a, 0x57,
0x5a, 0x57, 0x55, 0x5d, 0x52, 0x63, 0x26, 0x42, 0x18, 0xf7, 0x4b, 0xfb, 0xc9, 0xa9, 0xb5, 0xa3,
0xb6, 0x9e, 0xb8, 0x19, 0x9d, 0xb7, 0x97, 0xba, 0x92, 0xbe, 0x08, 0xf7, 0x7b, 0x06, 0x83, 0x30,
0x76, 0x36, 0x68, 0x3c, 0x68, 0x3c, 0x59, 0x43, 0x4a, 0x4b, 0xf7, 0x1e, 0xfb, 0x82, 0x18, 0xfb,
0xb9, 0x06, 0x5c, 0xdc, 0x56, 0x6b, 0x54, 0x72, 0x53, 0x79, 0x19, 0x52, 0x78, 0x4f, 0x83, 0x4c,
0x8c, 0xfb, 0x05, 0x8c, 0x2e, 0xaf, 0x42, 0xd1, 0x42, 0xd0, 0x6a, 0xe8, 0x93, 0xf7, 0x07, 0x08,
0xf8, 0x27, 0xfb, 0x35, 0x15, 0xb0, 0x8a, 0xae, 0x90, 0xad, 0x96, 0xad, 0x96, 0xac, 0x98, 0xac,
0x9a, 0xfb, 0x54, 0xf7, 0xe9, 0x18, 0x80, 0x84, 0x7b, 0x7e, 0x7c, 0x7d, 0x7d, 0x7b, 0x19, 0x7c,
0x7b, 0x7e, 0x7a, 0x80, 0x79, 0x80, 0x79, 0x81, 0x78, 0x84, 0x77, 0x83, 0x77, 0x86, 0x77, 0x88,
0x76, 0x86, 0x5f, 0x92, 0x64, 0x9e, 0x66, 0x9f, 0x67, 0xad, 0x78, 0xbd, 0x8a, 0x08, 0xd9, 0xfa,
0x0f, 0x15, 0x88, 0x78, 0x8b, 0x79, 0x8d, 0x79, 0x8d, 0x79, 0x8f, 0x79, 0x90, 0x7a, 0x8e, 0x7f,
0x8f, 0x7f, 0x90, 0x7f, 0x8f, 0x7f, 0x8f, 0x7f, 0x90, 0x7f, 0xf1, 0xd0, 0x18, 0xa5, 0x9e, 0xa1,
0xa1, 0x9d, 0xa2, 0x9d, 0xa2, 0x95, 0xa7, 0x8e, 0xad, 0x8c, 0xa4, 0x88, 0xa6, 0x82, 0xa6, 0x82,
0xa6, 0x76, 0x99, 0x6a, 0x8c, 0x5d, 0x8c, 0x66, 0x7b, 0x70, 0x69, 0x6f, 0x69, 0x7a, 0x66, 0x86,
0x64, 0x08, 0x0e, 0x1c, 0x04, 0x96, 0xf9, 0xd2, 0x15, 0x86, 0x6c, 0x85, 0x68, 0x84, 0x65, 0x83,
0x64, 0x81, 0x65, 0x7e, 0x64, 0x7e, 0x64, 0x7c, 0x64, 0x79, 0x66, 0x79, 0x66, 0x76, 0x6a, 0x72,
0x6f, 0x72, 0x6e, 0x6e, 0x75, 0x6b, 0x7a, 0x6a, 0x7a, 0x67, 0x82, 0x62, 0x8c, 0x69, 0x8c, 0x6e,
0x94, 0x72, 0x9c, 0x08, 0x72, 0x9c, 0x78, 0xa3, 0x7f, 0xab, 0x80, 0x7f, 0x80, 0x80, 0x7f, 0x80,
0x7f, 0x80, 0x7e, 0x81, 0x7e, 0x81, 0x7e, 0x81, 0x7c, 0x83, 0x7b, 0x86, 0x7a, 0x86, 0x7a, 0x88,
0x78, 0x8a, 0x08, 0x6d, 0x71, 0x90, 0x96, 0x76, 0x1f, 0x76, 0x96, 0x79, 0x99, 0x7d, 0x9e, 0x7e,
0x9b, 0x81, 0x9e, 0x84, 0xa1, 0x84, 0xa0, 0x85, 0xa2, 0x87, 0xa3, 0x86, 0xac, 0x8a, 0xac, 0x8d,
0xad, 0x8c, 0xad, 0x8e, 0xaa, 0x90, 0xa6, 0x91, 0xae, 0x94, 0xae, 0x96, 0xb0, 0x96, 0xaf, 0x98,
0xae, 0x9c, 0xad, 0x08, 0x9b, 0xad, 0x9e, 0xab, 0xa1, 0xa9, 0xa0, 0xa9, 0xa4, 0xa5, 0xa7, 0xa1,
0xa7, 0xa1, 0xaa, 0x9c, 0xae, 0x98, 0xad, 0x97, 0xb0, 0x91, 0xb4, 0x8a, 0xb3, 0x8a, 0xb0, 0x85,
0xac, 0x7f, 0xac, 0x7e, 0xab, 0x78, 0xa8, 0x70, 0xfb, 0x0e, 0xfc, 0xa4, 0x18, 0x8a, 0x82, 0x8a,
0x81, 0x8a, 0x82, 0x8a, 0x82, 0x8b, 0x82, 0x8c, 0x84, 0x8c, 0x83, 0x8f, 0x84, 0x90, 0x86, 0x90,
0x86, 0x94, 0x88, 0x97, 0x8a, 0xa1, 0x8a, 0x9e, 0x91, 0x9c, 0x99, 0x9b, 0x99, 0x99, 0x9d, 0x97,
0xa2, 0x97, 0xa2, 0x95, 0xa4, 0x93, 0xa7, 0x08, 0x93, 0xa7, 0x92, 0xa7, 0x90, 0xa6, 0x90, 0xa6,
0x90, 0xa5, 0x8e, 0xa3, 0x8e, 0xa2, 0x8d, 0x9e, 0x8d, 0x98, 0x94, 0xd2, 0x8e, 0xd4, 0x87, 0xd4,
0x86, 0xd4, 0x74, 0xc6, 0x61, 0xba, 0x76, 0xa2, 0x71, 0x9d, 0x6c, 0x99, 0x6b, 0x98, 0x64, 0x93,
0x5e, 0x8c, 0x08, 0x54, 0x8c, 0x59, 0x84, 0x5d, 0x7a, 0x5d, 0x7a, 0x61, 0x74, 0x65, 0x6d, 0x65,
0x6c, 0x69, 0x68, 0x6d, 0x62, 0x6d, 0x62, 0x71, 0x5f, 0x74, 0x5d, 0x74, 0x5c, 0x79, 0x5c, 0x7c,
0x5a, 0x7c, 0x5a, 0x7f, 0x5c, 0x84, 0x5d, 0x84, 0x64, 0x87, 0x64, 0x88, 0x63, 0x08, 0x88, 0x62,
0x8c, 0x64, 0x8f, 0x64, 0x8f, 0x64, 0x93, 0x67, 0x97, 0x68, 0x96, 0x68, 0x9c, 0x6d, 0xa2, 0x71,
0xa1, 0x71, 0xa7, 0x76, 0xae, 0x7c, 0xad, 0x7c, 0xb5, 0x83, 0xbc, 0x8a, 0xb5, 0x8a, 0xb5, 0x90,
0xb4, 0x95, 0xb4, 0x94, 0xb3, 0x98, 0xb2, 0x9c, 0xa1, 0xfb, 0x1e, 0x18, 0x64, 0x71, 0x60, 0x78,
0x5c, 0x80, 0x5c, 0x80, 0x5c, 0x86, 0x5c, 0x8c, 0x4a, 0x8c, 0x51, 0x94, 0x5a, 0x9e, 0x5a, 0x9e,
0x61, 0xa4, 0x68, 0xab, 0x68, 0xaa, 0x6e, 0xb1, 0x75, 0xb6, 0x75, 0xb6, 0x7b, 0xb9, 0x81, 0xbe,
0x08, 0x80, 0xbd, 0x86, 0xc0, 0xc2, 0x1a, 0xc2, 0x8f, 0xc2, 0x94, 0xc3, 0x1e, 0x94, 0xc7, 0x9a,
0xc8, 0xa0, 0xc9, 0x9f, 0xc8, 0xa5, 0xc7, 0xaa, 0xc4, 0xaa, 0xc4, 0xaf, 0xc1, 0xb4, 0xbe, 0xb4,
0xbd, 0xb8, 0xb7, 0xbe, 0xb0, 0xbe, 0xb0, 0xc2, 0xa7, 0xc7, 0xa0, 0xc6, 0x9f, 0xcb, 0x94, 0xcf,
0x8a, 0xc3, 0x8a, 0xbd, 0x81, 0xb6, 0x7a, 0x08, 0xb6, 0x7a, 0xb0, 0x73, 0xab, 0x6e, 0xca, 0x50,
0xb5, 0x3f, 0x9f, 0x2d, 0x9f, 0x2d, 0x8e, 0x2c, 0x7e, 0x2b, 0x08, 0xfd, 0x2f, 0xfb, 0x26, 0x15,
0x8a, 0x84, 0x89, 0x80, 0x89, 0x7d, 0x88, 0x7d, 0x89, 0x7c, 0x8a, 0x7b, 0x89, 0x71, 0x8a, 0x74,
0x8d, 0x76, 0x8e, 0x76, 0x91, 0x78, 0x95, 0x7b, 0x8e, 0x86, 0x90, 0x86, 0x92, 0x87, 0x92, 0x87,
0x92, 0x89, 0x94, 0x8a, 0x96, 0x8a, 0x95, 0x8d, 0x94, 0x8f, 0x08, 0x94, 0x8e, 0x94, 0x90, 0x94,
0x91, 0x94, 0x90, 0x93, 0x92, 0x92, 0x92, 0x92, 0x92, 0x93, 0x92, 0x92, 0x92, 0xf7, 0x0e, 0xf8,
0x66, 0x18, 0x86, 0x8c, 0x87, 0x8c, 0x87, 0x8c, 0x08, 0x86, 0x87, 0x8b, 0x87, 0x1b, 0x71, 0x8c,
0x74, 0x87, 0x76, 0x82, 0x76, 0x82, 0x78, 0x80, 0x7a, 0x7c, 0x79, 0x7b, 0x7c, 0x78, 0x7d, 0x75,
0x7d, 0x75, 0x80, 0x74, 0x82, 0x74, 0x82, 0x75, 0x84, 0x75, 0x85, 0x74, 0x85, 0x74, 0x86, 0x76,
0x88, 0x76, 0x08, 0x0e, 0xfa, 0xec, 0xf8, 0x77, 0x15, 0x88, 0x63, 0x82, 0x67, 0x7c, 0x6a, 0x7c,
0x6a, 0x77, 0x6e, 0x73, 0x72, 0x7b, 0x7a, 0x79, 0x7b, 0x77, 0x7c, 0x77, 0x7c, 0x75, 0x7e, 0x74,
0x7e, 0x96, 0x80, 0x94, 0x7f, 0x94, 0x7e, 0x93, 0x7e, 0x92, 0x7f, 0x91, 0x7e, 0x9a, 0x6d, 0x95,
0x6b, 0x90, 0x6a, 0x08, 0x90, 0x69, 0x8c, 0x68, 0x88, 0x67, 0x88, 0x5c, 0x81, 0x61, 0x7a, 0x66,
0x7a, 0x66, 0x75, 0x6a, 0x70, 0x6e, 0x56, 0x52, 0x47, 0x62, 0x39, 0x73, 0x39, 0x72, 0x39, 0x80,
0x38, 0x8c, 0x48, 0x8c, 0x4c, 0x93, 0x50, 0x9c, 0x50, 0x9c, 0x57, 0xa4, 0x60, 0xae, 0x08, 0x60,
0xad, 0x69, 0xb6, 0x72, 0xc0, 0x72, 0xbf, 0x80, 0xca, 0x8d, 0xd4, 0x08, 0xf7, 0xa7, 0x06, 0x89,
0x68, 0x8f, 0x6d, 0x96, 0x73, 0x96, 0x72, 0x9a, 0x77, 0x9f, 0x7c, 0x9e, 0x7c, 0xa3, 0x7f, 0xa6,
0x84, 0x08, 0x84, 0xa6, 0xa9, 0x87, 0xac, 0x1b, 0xa5, 0x8a, 0xa6, 0x8d, 0xa8, 0x90, 0xa8, 0x90,
0xa5, 0x93, 0xa4, 0x97, 0xa4, 0x96, 0xa0, 0x9b, 0x9d, 0x9f, 0x9c, 0x9f, 0x97, 0xa4, 0x90, 0xa9,
0x8e, 0xa0, 0x8a, 0x9d, 0x85, 0x9c, 0x84, 0x9b, 0x82, 0x99, 0x7e, 0x98, 0x7e, 0x98, 0x7b, 0x96,
0x7a, 0x94, 0x08, 0x79, 0x94, 0x78, 0x94, 0x78, 0x92, 0x78, 0x92, 0x78, 0x92, 0x79, 0x90, 0x78,
0x90, 0x7b, 0x90, 0x7c, 0x90, 0x6e, 0x94, 0x6e, 0x95, 0x6e, 0x96, 0x6e, 0x96, 0x6f, 0x97, 0x70,
0x98, 0x76, 0x95, 0x77, 0x96, 0x78, 0x97, 0x78, 0x96, 0x79, 0x98, 0x7a, 0x99, 0x08, 0x64, 0xab,
0x6d, 0xb1, 0x75, 0xb8, 0x75, 0xb8, 0x82, 0xc1, 0x90, 0xca, 0x8e, 0xb0, 0x93, 0xae, 0x99, 0xaa,
0x98, 0xaa, 0x9d, 0xa6, 0xa0, 0xa4, 0x9c, 0x9e, 0x9e, 0x9d, 0xa1, 0x9c, 0xa1, 0x9c, 0xa3, 0x9a,
0xa4, 0x99, 0x7e, 0x9a, 0x80, 0x9a, 0x82, 0x9a, 0x08, 0x81, 0x9a, 0x82, 0x9b, 0x84, 0x9c, 0x80,
0xa6, 0x83, 0xa8, 0x87, 0xaa, 0x87, 0xaa, 0x8a, 0xaa, 0x8e, 0xac, 0x8e, 0xba, 0x96, 0xb5, 0x9c,
0xb0, 0x9c, 0xb0, 0xa2, 0xad, 0xa6, 0xa8, 0xa6, 0xa8, 0xaa, 0xa3, 0xae, 0xa0, 0xae, 0xa0, 0xb0,
0x9c, 0xb3, 0x98, 0x08, 0xb2, 0x98, 0xb4, 0x95, 0xb5, 0x91, 0xb5, 0x91, 0xb5, 0x8e, 0xb4, 0x8a,
0xce, 0x8a, 0xc9, 0x81, 0xc4, 0x79, 0xc3, 0x79, 0xbb, 0x70, 0xb3, 0x68, 0xb3, 0x67, 0xaa, 0x5e,
0xa0, 0x56, 0xa0, 0x56, 0x95, 0x4d, 0x88, 0x44, 0xfb, 0xa3, 0x8c, 0x18, 0x8c, 0xab, 0x88, 0xa8,
0x83, 0xa4, 0x82, 0xa4, 0x7f, 0xa0, 0x7a, 0x9c, 0x7a, 0x9c, 0x77, 0x99, 0x72, 0x94, 0x72, 0x94,
0x6e, 0x8f, 0x6c, 0x8c, 0x70, 0x8c, 0x6f, 0x89, 0x6e, 0x86, 0x6e, 0x86, 0x71, 0x82, 0x73, 0x7e,
0x72, 0x7e, 0x76, 0x7b, 0x79, 0x76, 0x08, 0x79, 0x76, 0x80, 0x72, 0x86, 0x6c, 0x85, 0x69, 0x90,
0x6f, 0x9a, 0x76, 0x9a, 0x76, 0x9f, 0x79, 0xa4, 0x7d, 0xa4, 0x7d, 0xa6, 0x80, 0xa9, 0x82, 0xa9,
0x82, 0xa6, 0x83, 0xa4, 0x84, 0xa4, 0x84, 0xa4, 0x83, 0xa4, 0x82, 0xa4, 0x82, 0xa3, 0x81, 0xa2,
0x81, 0x08, 0xa4, 0x80, 0xa4, 0x7e, 0xa3, 0x7e, 0xa3, 0x7d, 0xa1, 0x7c, 0x9f, 0x7a, 0x98, 0x80,
0x97, 0x80, 0x96, 0x80, 0x96, 0x7f, 0x94, 0x7f, 0x94, 0x7e, 0x9e, 0x70, 0x99, 0x6c, 0x94, 0x69,
0x94, 0x68, 0x8e, 0x65, 0x88, 0x60, 0x08, 0xfc, 0xe6, 0xf7, 0x63, 0x15, 0x83, 0x8e, 0x83, 0x8f,
0x82, 0x8e, 0x82, 0x8e, 0x83, 0x8e, 0x82, 0x8e, 0x7c, 0x83, 0x7d, 0x82, 0x7f, 0x81, 0x7e, 0x81,
0x81, 0x80, 0x82, 0x7f, 0x80, 0x7e, 0x83, 0x7c, 0x84, 0x7b, 0x84, 0x7b, 0x86, 0x7a, 0x88, 0x78,
0x85, 0x68, 0x8f, 0x6f, 0x99, 0x74, 0x08, 0x98, 0x74, 0x9e, 0x78, 0xa3, 0x7c, 0xa3, 0x7d, 0xa6,
0x7f, 0xa9, 0x81, 0xa9, 0x81, 0xa7, 0x82, 0xa4, 0x82, 0x9a, 0x86, 0x9a, 0x87, 0x9a, 0x86, 0x9a,
0x86, 0x99, 0x87, 0x99, 0x86, 0x93, 0x88, 0x93, 0x89, 0x93, 0x88, 0x92, 0x88, 0x93, 0x88, 0x93,
0x88, 0x08, 0x9a, 0x94, 0x98, 0x94, 0x98, 0x95, 0x97, 0x94, 0x96, 0x96, 0x95, 0x97, 0x96, 0x98,
0x95, 0x9a, 0x93, 0x9b, 0x92, 0x9a, 0x91, 0x9d, 0x8e, 0x9e, 0x91, 0xac, 0x86, 0xa6, 0x7c, 0xa2,
0x7c, 0xa2, 0x76, 0x9e, 0x72, 0x9b, 0x72, 0x9b, 0x6f, 0x98, 0x6e, 0x94, 0x08, 0x6d, 0x95, 0x70,
0x94, 0x73, 0x93, 0x7d, 0x90, 0x7d, 0x8f, 0x7e, 0x90, 0x7d, 0x8f, 0x7d, 0x8f, 0x7d, 0x90, 0x08,
0x0e, 0xf9, 0x2b, 0x16, 0xe5, 0xf8, 0x9c, 0x4a, 0x8c, 0x48, 0x8d, 0x4e, 0x97, 0x56, 0xa2, 0x19,
0x55, 0xa2, 0x5e, 0xaa, 0x67, 0xb4, 0x67, 0xb3, 0x71, 0xbb, 0x7a, 0xc3, 0x7a, 0xc3, 0x86, 0xc9,
0x91, 0xce, 0x92, 0xd4, 0x9d, 0xcd, 0xaa, 0xc6, 0xa9, 0xc6, 0xb2, 0xbd, 0xbc, 0xb4, 0xbb, 0xb4,
0xc3, 0xaa, 0xca, 0xa1, 0x08, 0xa1, 0xca, 0xcf, 0x96, 0xd3, 0x1b, 0xf7, 0xc5, 0x8a, 0xfb, 0x90,
0x2d, 0x0a, 0x0e, 0xf7, 0x6b, 0xf9, 0x43, 0x15, 0xf8, 0x50, 0xf9, 0x95, 0x05, 0xf7, 0x58, 0x06,
0xf7, 0x43, 0xfd, 0x95, 0x05, 0xfb, 0x63, 0x06, 0x2c, 0xf8, 0x66, 0x87, 0xd0, 0x64, 0x2f, 0xfb,
0x84, 0xfc, 0x4f, 0x05, 0x0e, 0xfa, 0xfc, 0xf9, 0x85, 0x15, 0x87, 0x5c, 0x81, 0x5d, 0x7c, 0x5e,
0x7b, 0x5e, 0x75, 0x62, 0x70, 0x68, 0x70, 0x68, 0x69, 0x6e, 0x64, 0x76, 0x63, 0x75, 0x5d, 0x80,
0x56, 0x8c, 0x08, 0x6e, 0x6f, 0x8f, 0x92, 0x72, 0x1f, 0x71, 0x92, 0x73, 0x94, 0x74, 0x97, 0x74,
0x97, 0x74, 0x99, 0x76, 0x9c, 0x76, 0x9b, 0x76, 0x9d, 0x76, 0x9e, 0x80, 0x96, 0x7f, 0x95, 0x7e,
0x96, 0x7e, 0x95, 0x7d, 0x94, 0x7c, 0x93, 0x7c, 0x93, 0x7c, 0x92, 0x7c, 0x90, 0x08, 0x90, 0x7b,
0x7b, 0x8d, 0x7b, 0x1b, 0x75, 0x77, 0x86, 0x81, 0x7a, 0x1f, 0x79, 0x81, 0x7b, 0x7e, 0x7e, 0x7c,
0x7e, 0x7c, 0x80, 0x79, 0x82, 0x78, 0x82, 0x78, 0x84, 0x78, 0x87, 0x78, 0xfb, 0x40, 0xa0, 0x18,
0x8f, 0xba, 0x95, 0xb8, 0x9a, 0xb8, 0x9a, 0xb7, 0xa1, 0xb2, 0xa6, 0xae, 0xa6, 0xae, 0xad, 0xa6,
0xb3, 0xa0, 0xb2, 0xa0, 0xb9, 0x95, 0xbf, 0x8a, 0xb0, 0x8a, 0xae, 0x86, 0xac, 0x80, 0xac, 0x80,
0xa9, 0x7c, 0xa8, 0x78, 0x9b, 0x81, 0x9b, 0x80, 0x9a, 0x7f, 0x08, 0x9a, 0x7e, 0x99, 0x7e, 0x9a,
0x7e, 0x96, 0x80, 0x97, 0x81, 0x98, 0x81, 0x98, 0x80, 0x98, 0x82, 0x99, 0x83, 0x99, 0x82, 0x9a,
0x85, 0x9a, 0x86, 0x08, 0x86, 0x9a, 0x9b, 0x89, 0x9c, 0x1b, 0xa1, 0x9f, 0x90, 0x96, 0x9c, 0x1f,
0x9c, 0x95, 0x99, 0x98, 0x98, 0x9b, 0x98, 0x9b, 0x95, 0x9d, 0x94, 0x9e, 0x93, 0x9e, 0x91, 0x9f,
0x8e, 0x9e, 0x08, 0x0e, 0x21, 0x0a, 0xf7, 0x4b, 0xf9, 0x7f, 0x20, 0x0a, 0x21, 0x0a, 0xf8, 0x5c,
0xf8, 0xb7, 0x21, 0x1d, 0x21, 0x0a, 0xfb, 0x9e, 0xf9, 0x0e, 0x20, 0x1d, 0x21, 0x0a, 0xf7, 0x4b,
0xf8, 0x6b, 0x22, 0x1d, 0x21, 0x0a, 0x2b, 0xf9, 0x1c, 0x33, 0x0a, 0x21, 0x0a, 0xf8, 0x6e, 0xf9,
0xa8, 0x23, 0x0a, 0x2f, 0x0a, 0xfb, 0x63, 0xfc, 0x51, 0x2d, 0x1d, 0x22, 0x0a, 0xfb, 0x2d, 0xfa,
0x4e, 0x20, 0x0a, 0x22, 0x0a, 0xf7, 0x0c, 0xf9, 0x86, 0x21, 0x1d, 0x22, 0x0a, 0xfc, 0xee, 0xf9,
0xdd, 0x20, 0x1d, 0x22, 0x0a, 0xfb, 0x2d, 0xf9, 0x3a, 0x22, 0x1d, 0x50, 0x0a, 0x27, 0x0a, 0xf8,
0xc0, 0xf8, 0xe6, 0x20, 0x0a, 0x27, 0x0a, 0xf9, 0xd1, 0xf8, 0x1e, 0x15, 0x89, 0x6d, 0xfb, 0x65,
0x8c, 0xfb, 0x12, 0xf7, 0x12, 0xfb, 0x3f, 0xfb, 0x11, 0xfb, 0x6f, 0x89, 0x8d, 0xab, 0xf7, 0xcd,
0xf7, 0x84, 0x05, 0xf7, 0x2f, 0x06, 0x0e, 0x27, 0x0a, 0xf6, 0xf8, 0x75, 0x20, 0x1d, 0x27, 0x0a,
0xf8, 0xc0, 0xf7, 0xd2, 0x22, 0x1d, 0x33, 0x1d, 0x55, 0xf8, 0x2c, 0x23, 0x0a, 0x24, 0x0a, 0xa7,
0x1c, 0x04, 0xc7, 0x20, 0x0a, 0x24, 0x0a, 0xf7, 0xc1, 0xfa, 0x93, 0x21, 0x1d, 0x24, 0x0a, 0xfc,
0x39, 0xfa, 0xea, 0x20, 0x1d, 0x24, 0x0a, 0xa7, 0xfa, 0x47, 0x22, 0x1d, 0x4b, 0x0a, 0x0e, 0x24,
0x0a, 0xf7, 0xd3, 0x1c, 0x04, 0xf0, 0x23, 0x0a, 0x27, 0x1d, 0x43, 0xf8, 0x00, 0x20, 0x0a, 0x27,
0x1d, 0xf7, 0x5d, 0xf7, 0x38, 0x15, 0x89, 0x6d, 0xfb, 0x65, 0x8c, 0xfb, 0x12, 0xf7, 0x12, 0xfb,
0x3f, 0xfb, 0x11, 0xfb, 0x6f, 0x89, 0x8d, 0xab, 0xf7, 0xcd, 0xf7, 0x84, 0x05, 0xf7, 0x2f, 0x06,
0x0e, 0x27, 0x1d, 0xfc, 0x9d, 0xf7, 0x8f, 0x20, 0x1d, 0x27, 0x1d, 0x43, 0xe3, 0x22, 0x1d, 0x2a,
0x1d, 0xf8, 0x27, 0xf8, 0x03, 0x20, 0x0a, 0x2a, 0x1d, 0x5d, 0xf7, 0x92, 0x20, 0x1d, 0x23, 0x1d,
0xf7, 0xde, 0x1c, 0x05, 0x1b, 0x20, 0x0a, 0x23, 0x1d, 0xf8, 0xef, 0xfa, 0xe7, 0x21, 0x1d, 0x23,
0x1d, 0xfb, 0x0a, 0x1c, 0x04, 0xaa, 0x20, 0x1d, 0x23, 0x1d, 0xf7, 0xde, 0xfa, 0x9b, 0x22, 0x1d,
0x23, 0x1d, 0xbe, 0x1c, 0x04, 0xb8, 0x33, 0x0a, 0x23, 0x1d, 0xf9, 0x01, 0x1c, 0x05, 0x44, 0x23,
0x0a, 0x32, 0x0a, 0xce, 0xfb, 0x53, 0x2d, 0x1d, 0x24, 0x1d, 0xf7, 0x17, 0xf9, 0x04, 0x20, 0x0a,
0x24, 0x1d, 0xf8, 0x28, 0xf8, 0x3c, 0x21, 0x1d, 0x24, 0x1d, 0xfb, 0xd1, 0xf8, 0x93, 0x20, 0x1d,
0x24, 0x1d, 0xf7, 0x17, 0xf7, 0xf0, 0x22, 0x1d, 0x2e, 0x0a, 0xf9, 0x00, 0xf9, 0x01, 0x20, 0x0a,
0x2e, 0x0a, 0xfa, 0x11, 0xf8, 0x38, 0x21, 0x1d, 0x2e, 0x0a, 0xf7, 0x3f, 0xf8, 0x8f, 0x20, 0x1d,
0x2e, 0x0a, 0xf9, 0x00, 0xf7, 0xec, 0x22, 0x1d, 0x31, 0x1d, 0xf9, 0xa9, 0x1c, 0x06, 0x06, 0x23,
0x0a, 0x25, 0x0a, 0xf8, 0x59, 0xfa, 0x51, 0x20, 0x0a, 0x25, 0x0a, 0xf9, 0x6a, 0xf9, 0x89, 0x21,
0x1d, 0x25, 0x0a, 0x90, 0xf9, 0xe0, 0x20, 0x1d, 0x25, 0x0a, 0xf8, 0x59, 0xf9, 0x3d, 0x22, 0x1d,
0x4e, 0x0a, 0x0e, 0x25, 0x0a, 0xf9, 0x7c, 0xfa, 0x7a, 0x23, 0x0a, 0x2c, 0x0a, 0xf8, 0x18, 0x1c,
0x05, 0xdd, 0x20, 0x0a, 0x2c, 0x0a, 0xf9, 0x29, 0x1c, 0x05, 0x15, 0x21, 0x1d, 0x2c, 0x0a, 0x4f,
0x1c, 0x05, 0x6c, 0x20, 0x1d, 0x2c, 0x0a, 0xf8, 0x18, 0x1c, 0x04, 0xc9, 0x22, 0x1d, 0x2a, 0x0a,
0xf8, 0x2f, 0xf8, 0x22, 0x20, 0x0a, 0x2a, 0x0a, 0x65, 0xf7, 0xb1, 0x20, 0x1d, 0xfa, 0x4f, 0x1c,
0x04, 0xaf, 0x22, 0x1d, 0xf9, 0x3e, 0x1c, 0x05, 0xc6, 0x20, 0x0a, 0xfa, 0x5a, 0x1c, 0x04, 0xfa,
0x15, 0x89, 0x6d, 0xfb, 0x65, 0x8c, 0xfb, 0x12, 0xf7, 0x12, 0xfb, 0x3f, 0xfb, 0x11, 0xfb, 0x6f,
0x89, 0x8d, 0xab, 0xf7, 0xcd, 0xf7, 0x84, 0x05, 0xf7, 0x2f, 0x06, 0x0e, 0xfa, 0x59, 0x1c, 0x05,
0xea, 0x23, 0x0a, 0xfa, 0xce, 0x1c, 0x05, 0x0c, 0x26, 0x0a, 0xf8, 0x0c, 0x1c, 0x05, 0x51, 0x20,
0x1d, 0xf8, 0xb7, 0x90, 0x15, 0x76, 0x50, 0x9d, 0x87, 0x9b, 0x85, 0x9a, 0x83, 0x19, 0x99, 0x83,
0x97, 0x81, 0x95, 0x80, 0x98, 0x7c, 0x94, 0x7a, 0x92, 0x78, 0x91, 0x77, 0x8e, 0x75, 0x8a, 0x74,
0x8a, 0x6b, 0x86, 0x6f, 0x80, 0x72, 0x80, 0x72, 0x7d, 0x76, 0x79, 0x7a, 0x78, 0x79, 0x76, 0x7c,
0x73, 0x7f, 0x73, 0x7f, 0x72, 0x81, 0x70, 0x84, 0x08, 0x70, 0x84, 0x6f, 0x85, 0x6f, 0x88, 0x6f,
0x87, 0x70, 0x89, 0x71, 0x8a, 0x91, 0xf7, 0x38, 0x18, 0x9a, 0x8c, 0x99, 0x8d, 0x9a, 0x8e, 0x9a,
0x8e, 0x98, 0x90, 0x98, 0x92, 0x97, 0x92, 0x95, 0x94, 0x94, 0x96, 0x94, 0x96, 0x91, 0x99, 0x8e,
0x9c, 0x8e, 0x9c, 0x88, 0x99, 0x83, 0x94, 0x83, 0x94, 0x80, 0x92, 0x7e, 0x90, 0x7e, 0x8f, 0x7c,
0x8e, 0x7c, 0x8c, 0x08, 0x7b, 0x8c, 0x7d, 0x8c, 0x80, 0x8c, 0xb7, 0xf7, 0x20, 0x18, 0x0e, 0xf8,
0x0b, 0xf8, 0x73, 0x65, 0x0a, 0xc0, 0xfc, 0x31, 0x65, 0x0a, 0x0e, 0x53, 0x0a, 0xf8, 0x51, 0x6e,
0x1d, 0xf8, 0xa2, 0x16, 0xf7, 0x6a, 0xfc, 0x18, 0x8a, 0x77, 0xfb, 0xe3, 0xfc, 0x1b, 0x05, 0xfb,
0x54, 0x06, 0xf7, 0xcd, 0xf8, 0x30, 0xfb, 0x34, 0xf8, 0x17, 0x05, 0x0e, 0x2e, 0x0a, 0x0e, 0xf9,
0xff, 0xf8, 0x9c, 0x15, 0xfb, 0xdf, 0x8a, 0x05, 0x8a, 0x81, 0x8a, 0x81, 0x82, 0x1a, 0x8a, 0x81,
0x8b, 0x81, 0x82, 0x1a, 0x6b, 0x8e, 0x6d, 0x92, 0x70, 0x1e, 0x92, 0x6f, 0x95, 0x72, 0x9a, 0x76,
0x9d, 0x6f, 0xa4, 0x75, 0xac, 0x7b, 0xac, 0x7b, 0xb3, 0x83, 0xbb, 0x8a, 0xad, 0x8a, 0xac, 0x8e,
0xac, 0x91, 0xac, 0x90, 0xab, 0x93, 0xab, 0x95, 0x96, 0xfb, 0x7a, 0x18, 0x63, 0x82, 0x63, 0x84,
0x62, 0x86, 0x62, 0x86, 0x62, 0x89, 0x62, 0x8c, 0x3c, 0x8c, 0x45, 0x99, 0x4d, 0xa6, 0x4c, 0xa6,
0x57, 0xb0, 0x62, 0xbb, 0x69, 0xb2, 0x71, 0xb8, 0x79, 0xbe, 0x08, 0x78, 0xbe, 0x82, 0xc2, 0xc8,
0x1a, 0x98, 0x8c, 0x99, 0x8c, 0x99, 0x1e, 0x8c, 0x99, 0x8c, 0x99, 0x8d, 0x9a, 0xfb, 0x42, 0x8a,
0x18, 0xa5, 0xf7, 0x28, 0x05, 0xf7, 0x39, 0x06, 0xa1, 0xf7, 0x12, 0x05, 0xfb, 0x3a, 0x06, 0xa5,
0xf7, 0x27, 0x05, 0xf7, 0x33, 0x06, 0x8d, 0x92, 0x8d, 0x93, 0x8d, 0x93, 0x8d, 0x92, 0x8d, 0x93,
0x8e, 0x92, 0xa0, 0xd2, 0xa8, 0xcb, 0xb0, 0xc6, 0xaf, 0xc6, 0xb6, 0xbd, 0xbc, 0xb6, 0xc1, 0xba,
0xca, 0xaf, 0xd2, 0xa4, 0xd2, 0xa4, 0xda, 0x98, 0xe2, 0x8a, 0xb3, 0x8a, 0xb2, 0x88, 0xb2, 0x85,
0x08, 0xb2, 0x85, 0xb2, 0x84, 0xb2, 0x82, 0x52, 0xfb, 0x78, 0x18, 0x6e, 0x95, 0x6d, 0x93, 0x6d,
0x91, 0x6d, 0x91, 0x6c, 0x8e, 0x6c, 0x8c, 0x58, 0x8c, 0x5d, 0x84, 0x63, 0x7c, 0x62, 0x7c, 0x68,
0x76, 0x6c, 0x70, 0x71, 0x74, 0x74, 0x6f, 0x78, 0x6c, 0x77, 0x6b, 0x7a, 0x68, 0x7e, 0x65, 0x88,
0x84, 0x89, 0x85, 0x89, 0x85, 0x08, 0x89, 0x84, 0x89, 0x85, 0x89, 0x84, 0x08, 0xf7, 0xe7, 0x06,
0x71, 0xfb, 0x27, 0x05, 0xfb, 0xe0, 0x06, 0x74, 0xfb, 0x12, 0x05, 0xf7, 0xe2, 0x06, 0x0e, 0x1c,
0x04, 0xa6, 0xf8, 0xed, 0x15, 0x89, 0x76, 0x88, 0x76, 0x87, 0x76, 0x87, 0x76, 0x86, 0x77, 0x84,
0x78, 0x84, 0x73, 0x81, 0x74, 0x7f, 0x76, 0x7f, 0x75, 0x7d, 0x77, 0x7c, 0x79, 0x6f, 0x6a, 0x69,
0x71, 0x63, 0x78, 0x63, 0x78, 0x5d, 0x82, 0x56, 0x8d, 0x6d, 0x8c, 0x6f, 0x90, 0x72, 0x96, 0x08,
0x72, 0x96, 0x74, 0x99, 0x76, 0x9d, 0x80, 0x95, 0x80, 0x96, 0x81, 0x96, 0x81, 0x96, 0x82, 0x96,
0x83, 0x98, 0x84, 0x96, 0x84, 0x96, 0x86, 0x97, 0x85, 0x97, 0x86, 0x97, 0x86, 0x97, 0x82, 0x7f,
0x82, 0x7f, 0x82, 0x7f, 0x81, 0x7e, 0x81, 0x7f, 0x80, 0x7f, 0x08, 0x81, 0x80, 0x80, 0x80, 0x80,
0x80, 0x80, 0x80, 0x7f, 0x80, 0x7f, 0x82, 0x73, 0x78, 0x71, 0x7c, 0x6f, 0x80, 0x6e, 0x80, 0x6c,
0x85, 0x6a, 0x8c, 0x5a, 0x8c, 0x61, 0x95, 0x69, 0x9f, 0x69, 0x9e, 0x70, 0xa5, 0x77, 0xab, 0x80,
0x9c, 0x82, 0x9e, 0x84, 0xa0, 0x08, 0x84, 0xa0, 0x85, 0xa0, 0x87, 0xa1, 0x88, 0x9e, 0x89, 0x9e,
0x8a, 0x9f, 0x8a, 0x9e, 0x8b, 0x9f, 0x8c, 0x9f, 0x8e, 0xb0, 0x18, 0x8d, 0xa3, 0x8f, 0xa3, 0x90,
0xa2, 0x90, 0xa2, 0x91, 0xa0, 0x93, 0xa0, 0x92, 0xa0, 0x95, 0xa0, 0x96, 0x9e, 0x96, 0x9e, 0x97,
0x9d, 0x99, 0x9b, 0xa6, 0xac, 0xad, 0xa4, 0xb3, 0x9e, 0xb3, 0x9e, 0xb9, 0x93, 0xbf, 0x8a, 0xa8,
0x8a, 0xa6, 0x85, 0xa5, 0x81, 0x08, 0xa4, 0x81, 0xa3, 0x7e, 0xa0, 0x7a, 0x95, 0x82, 0x95, 0x82,
0x95, 0x81, 0x94, 0x80, 0x94, 0x80, 0x92, 0x80, 0x93, 0x80, 0x92, 0x80, 0x92, 0x7f, 0x92, 0x7e,
0x91, 0x7f, 0x90, 0x7e, 0x94, 0x98, 0x95, 0x97, 0x95, 0x98, 0x95, 0x97, 0x96, 0x97, 0x96, 0x97,
0x08, 0x95, 0x96, 0x96, 0x95, 0x96, 0x95, 0x96, 0x95, 0x96, 0x94, 0x97, 0x94, 0xa3, 0x9c, 0xa5,
0x99, 0xa7, 0x96, 0xa7, 0x96, 0xaa, 0x90, 0xac, 0x8a, 0xbc, 0x8a, 0xb4, 0x81, 0xad, 0x78, 0xad,
0x77, 0xa6, 0x71, 0xa0, 0x6b, 0x97, 0x78, 0x95, 0x76, 0x93, 0x74, 0x08, 0x92, 0x74, 0x91, 0x73,
0x8e, 0x72, 0x8e, 0x7b, 0x8c, 0x7b, 0x8c, 0x7a, 0x8c, 0x7a, 0x8a, 0x7a, 0x8a, 0x7a, 0x08, 0xfb,
0x5b, 0x16, 0x8c, 0x94, 0x8b, 0x94, 0x8c, 0x95, 0x08, 0x94, 0x8b, 0x94, 0x8a, 0x94, 0x1e, 0x8a,
0x93, 0x8a, 0x93, 0x8a, 0x93, 0x8a, 0x92, 0x89, 0x92, 0x88, 0x92, 0x86, 0x99, 0x82, 0x97, 0x7f,
0x94, 0x08, 0x94, 0x7f, 0x7a, 0x90, 0x76, 0x1b, 0x78, 0x8a, 0x78, 0x86, 0x78, 0x81, 0x78, 0x80,
0x79, 0x7e, 0x7a, 0x7c, 0x89, 0x8a, 0x89, 0x89, 0x8a, 0x89, 0x89, 0x89, 0x89, 0x89, 0x8a, 0x8a,
0x7c, 0x7c, 0x7e, 0x7b, 0x80, 0x7a, 0x80, 0x7a, 0x84, 0x7a, 0x86, 0x7c, 0x88, 0x7b, 0x18, 0x8a,
0x7d, 0x8d, 0x7c, 0x90, 0x7c, 0x90, 0x7c, 0x91, 0x7c, 0x94, 0x7c, 0x8d, 0x88, 0x8d, 0x88, 0x8d,
0x88, 0x8d, 0x88, 0x8d, 0x88, 0x8d, 0x88, 0x97, 0x7a, 0x99, 0x7d, 0x9c, 0x80, 0x9b, 0x80, 0x9c,
0x85, 0x9c, 0x8a, 0xa2, 0x8a, 0x9f, 0x8f, 0x9c, 0x94, 0x08, 0x9b, 0x94, 0x98, 0x98, 0x96, 0x9a,
0x90, 0x92, 0x90, 0x93, 0x8f, 0x94, 0x8f, 0x94, 0x8e, 0x94, 0x8e, 0x94, 0x8e, 0x95, 0x8e, 0x95,
0x8d, 0x95, 0x8c, 0x95, 0x8d, 0x95, 0x8c, 0x95, 0x08, 0xfd, 0x76, 0x7b, 0x15, 0x8a, 0x82, 0x8b,
0x83, 0x82, 0x1a, 0x8a, 0x82, 0x8b, 0x83, 0x8c, 0x82, 0x8c, 0x82, 0x8c, 0x83, 0x8c, 0x83, 0x8c,
0x82, 0x8d, 0x84, 0x8e, 0x84, 0x90, 0x7c, 0x94, 0x80, 0x98, 0x82, 0x97, 0x82, 0x9c, 0x86, 0xa1,
0x8c, 0x9e, 0x8c, 0x9f, 0x91, 0x9f, 0x96, 0x9e, 0x96, 0x9d, 0x9a, 0x9c, 0x9c, 0x08, 0x8e, 0x8e,
0x8e, 0x8f, 0x8e, 0x8e, 0x8e, 0x8e, 0x8d, 0x8f, 0x8e, 0x8e, 0x98, 0x9a, 0x96, 0x9a, 0x94, 0x9c,
0x94, 0x9c, 0x91, 0x9a, 0x90, 0x9a, 0x8e, 0x9b, 0x18, 0x99, 0x88, 0x9a, 0x86, 0x9a, 0x1e, 0x85,
0x9a, 0x83, 0x9a, 0x82, 0x99, 0x89, 0x8e, 0x89, 0x8d, 0x8a, 0x8d, 0x8a, 0x8d, 0x89, 0x8d, 0x89,
0x8d, 0x7e, 0x9a, 0x7d, 0x97, 0x7c, 0x95, 0x7b, 0x95, 0x7b, 0x90, 0x7a, 0x8c, 0x73, 0x8c, 0x77,
0x87, 0x7b, 0x82, 0x7a, 0x82, 0x7e, 0x7e, 0x80, 0x7c, 0x08, 0x86, 0x84, 0x86, 0x83, 0x88, 0x82,
0x87, 0x82, 0x87, 0x83, 0x88, 0x82, 0x88, 0x81, 0x89, 0x81, 0x89, 0x81, 0x89, 0x80, 0x89, 0x81,
0x8a, 0x80, 0x08, 0x0e, 0xf8, 0xe9, 0x1c, 0x06, 0x52, 0x15, 0xf8, 0xe1, 0xfe, 0x63, 0xfc, 0xe1,
0xfe, 0x63, 0xfc, 0xe7, 0xfa, 0x63, 0x05, 0xf9, 0x4e, 0xfb, 0x8f, 0x15, 0x9c, 0x8c, 0x9a, 0x8d,
0x98, 0x1e, 0x8d, 0x98, 0x8e, 0x96, 0x8f, 0x96, 0x8f, 0x95, 0x90, 0x95, 0x91, 0x95, 0x90, 0x94,
0x92, 0x95, 0x92, 0x96, 0x9a, 0xa0, 0x9a, 0x9e, 0x9a, 0x9e, 0x9a, 0x9d, 0x98, 0x9e, 0x97, 0x9e,
0x97, 0x9e, 0x95, 0x9f, 0x93, 0xa0, 0x08, 0x92, 0xa0, 0x8f, 0xa4, 0xa6, 0x1a, 0xb6, 0x85, 0xb1,
0x7f, 0xae, 0x1e, 0x7e, 0xad, 0x7a, 0xa8, 0x74, 0xa4, 0x74, 0xa3, 0x6e, 0x9e, 0x69, 0x98, 0x08,
0x98, 0x69, 0x65, 0x91, 0x60, 0x1b, 0x66, 0x68, 0x86, 0x81, 0x6b, 0x1f, 0x6a, 0x81, 0x6f, 0x7b,
0x73, 0x76, 0x72, 0x75, 0x78, 0x6f, 0x7d, 0x6a, 0x7c, 0x69, 0x84, 0x63, 0x8a, 0x5c, 0x08, 0xf7,
0x5f, 0x06, 0x8c, 0xb0, 0x93, 0xa5, 0x99, 0x9b, 0x08, 0x9b, 0x98, 0x9a, 0x93, 0x9b, 0x1b, 0xa4,
0x9c, 0x80, 0x76, 0x96, 0x1f, 0x96, 0x76, 0x90, 0x6f, 0x68, 0x1a, 0x7a, 0x88, 0x7a, 0x86, 0x7a,
0x1e, 0x85, 0x7a, 0x84, 0x7a, 0x83, 0x7c, 0x83, 0x7b, 0x83, 0x7d, 0x82, 0x7e, 0x82, 0x7e, 0x83,
0x80, 0x84, 0x82, 0x78, 0x73, 0x7b, 0x78, 0x80, 0x7e, 0x7f, 0x7e, 0x82, 0x7e, 0x84, 0x7e, 0x84,
0x7e, 0x86, 0x7d, 0x88, 0x7a, 0x08, 0x88, 0x7a, 0x8a, 0x73, 0x6b, 0x1a, 0xf7, 0x5e, 0x30, 0x15,
0xfb, 0x5e, 0xfb, 0x3e, 0xf7, 0x5e, 0x06, 0xfb, 0x00, 0xfd, 0x3e, 0x15, 0x8f, 0x87, 0x87, 0x06,
0x89, 0x1c, 0x0a, 0x8d, 0x15, 0x8f, 0x87, 0x87, 0x06, 0x0e, 0x0e, 0x78, 0x1d, 0x53, 0x0a, 0x1c,
0x04, 0xb2, 0x14, 0x91, 0x13, 0x00, 0x5e, 0x02, 0x00, 0x01, 0x00, 0x0e, 0x00, 0x25, 0x00, 0x2a,
0x00, 0xbb, 0x00, 0xc0, 0x01, 0x5e, 0x01, 0x6a, 0x01, 0x6f, 0x01, 0x74, 0x01, 0x78, 0x01, 0xe7,
0x01, 0xeb, 0x02, 0x34, 0x02, 0x39, 0x02, 0x4f, 0x03, 0x4d, 0x03, 0x5a, 0x03, 0x5f, 0x03, 0xf2,
0x04, 0xbb, 0x04, 0xd6, 0x04, 0xdd, 0x04, 0xe2, 0x04, 0xe7, 0x04, 0xef, 0x04, 0xf5, 0x06, 0x36,
0x07, 0x32, 0x07, 0x73, 0x07, 0x79, 0x08, 0x08, 0x08, 0x11, 0x08, 0x17, 0x09, 0x00, 0x09, 0x06,
0x09, 0x68, 0x09, 0x7d, 0x09, 0x80, 0x09, 0xb4, 0x09, 0xb7, 0x09, 0xdb, 0x09, 0xe0, 0x09, 0xe3,
0x0a, 0xd7, 0x0a, 0xdc, 0x0b, 0x07, 0x0b, 0xda, 0x0c, 0x95, 0x0d, 0x46, 0x0d, 0xd6, 0x0e, 0x65,
0x0e, 0xec, 0x0e, 0xef, 0x0f, 0x28, 0x0f, 0x64, 0x0f, 0x6c, 0x0f, 0x89, 0x0f, 0x8f, 0x0f, 0xc0,
0x0f, 0xed, 0x0f, 0xf4, 0x10, 0x09, 0x10, 0x2b, 0x10, 0x47, 0x10, 0x67, 0x10, 0x84, 0x10, 0x97,
0x10, 0xb1, 0x10, 0xbf, 0x10, 0xd7, 0x10, 0xed, 0x10, 0xfe, 0x11, 0x13, 0x11, 0x27, 0x11, 0x3a,
0x11, 0x43, 0x11, 0x48, 0x11, 0x5a, 0x11, 0x6a, 0x11, 0x7b, 0x11, 0x8c, 0x11, 0x9a, 0x11, 0xaa,
0x11, 0xb8, 0x11, 0xc7, 0x11, 0xce, 0x11, 0xdb, 0x11, 0xe8, 0x11, 0xf5, 0x12, 0x01, 0x12, 0x0d,
0x12, 0x18, 0x12, 0x23, 0x12, 0x2e, 0x15, 0xf7, 0xce, 0x06, 0xfb, 0xcd, 0xfb, 0xab, 0x05, 0xfb,
0x77, 0x06, 0x0e, 0xf9, 0x9a, 0xf7, 0xc4, 0x15, 0x6d, 0x1d, 0xfb, 0xad, 0x06, 0xfb, 0xeb, 0xf8,
0xb3, 0x15, 0xf7, 0xb7, 0x06, 0x58, 0xf8, 0xa9, 0x05, 0x0b, 0xfa, 0x80, 0x61, 0x1d, 0x0b, 0x15,
0x89, 0x6c, 0x85, 0x6d, 0x80, 0x6e, 0x80, 0x6d, 0x7d, 0x70, 0x78, 0x74, 0x78, 0x73, 0x75, 0x78,
0x70, 0x7d, 0x08, 0x7c, 0x70, 0x6d, 0x84, 0x69, 0x1b, 0x72, 0x73, 0x90, 0x95, 0x75, 0x1f, 0x75,
0x94, 0x75, 0x96, 0x76, 0x96, 0x76, 0x96, 0x75, 0x96, 0x76, 0x94, 0x75, 0x34, 0x1d, 0x08, 0x7c,
0x7f, 0x88, 0x86, 0x80, 0x1f, 0x80, 0x86, 0x81, 0x84, 0x82, 0x83, 0x35, 0x1d, 0x7f, 0x85, 0x7e,
0x86, 0x7e, 0x87, 0x7e, 0xfb, 0x1a, 0xa8, 0x18, 0x8e, 0xa9, 0x92, 0xa9, 0x96, 0xa9, 0x96, 0xa8,
0x9b, 0xa6, 0x9e, 0xa3, 0x9e, 0xa2, 0xa2, 0x9e, 0xa6, 0x9a, 0x08, 0x99, 0xa6, 0xa9, 0x92, 0xac,
0x1b, 0xa4, 0xa2, 0x86, 0x82, 0xa2, 0x1f, 0xa1, 0x81, 0xa1, 0x80, 0xa0, 0x80, 0xa0, 0x80, 0xa1,
0x80, 0xa1, 0x82, 0xa0, 0x82, 0xa2, 0x86, 0xa4, 0x8c, 0x08, 0x99, 0x97, 0x8d, 0x90, 0x96, 0x1f,
0x96, 0x90, 0x94, 0x91, 0x94, 0x35, 0x0a, 0x98, 0x92, 0x97, 0x90, 0x98, 0x8f, 0x99, 0x08, 0x0e,
0xfa, 0xf3, 0x4c, 0x0a, 0x0b, 0x6b, 0x1d, 0xc4, 0x8a, 0xbe, 0x83, 0xb8, 0x7a, 0xb8, 0x7a, 0xb2,
0x75, 0xac, 0x6e, 0xa6, 0x73, 0xa2, 0x71, 0x9f, 0x6e, 0x08, 0x9f, 0x6e, 0x9b, 0x6b, 0x98, 0x6a,
0x9a, 0x61, 0x96, 0x5e, 0x90, 0x5c, 0x90, 0x5b, 0x8a, 0x5a, 0x86, 0x59, 0x3a, 0x1d, 0x50, 0x8c,
0x56, 0x95, 0x5b, 0x9e, 0x5a, 0x9e, 0x64, 0xa2, 0x6e, 0xa8, 0x71, 0xa5, 0x75, 0xa5, 0x79, 0xa6,
0x08, 0x79, 0xa5, 0x7c, 0xa9, 0x7e, 0xac, 0x7c, 0xb4, 0x81, 0xb6, 0x86, 0xba, 0x86, 0xba, 0x8b,
0xbb, 0x90, 0xbc, 0x08, 0xf7, 0xa3, 0x16, 0x88, 0x6a, 0x89, 0x68, 0x8c, 0x66, 0x8c, 0x66, 0x91,
0x68, 0x96, 0x6c, 0x96, 0x6b, 0x9c, 0x70, 0xa4, 0x76, 0xa3, 0x75, 0xad, 0x7f, 0xb6, 0x69, 0x0a,
0x08, 0x97, 0xb2, 0x94, 0xb2, 0x90, 0xb1, 0x8d, 0xa0, 0x18, 0x8e, 0xaf, 0x8c, 0xb2, 0x8a, 0xb3,
0x8a, 0xb4, 0x83, 0xb1, 0x7b, 0xb0, 0x7f, 0xa6, 0x79, 0xa1, 0x74, 0x9c, 0x74, 0x9c, 0x6d, 0x94,
0x65, 0x8d, 0x5d, 0x8c, 0x64, 0x82, 0x6a, 0x77, 0x4f, 0x1d, 0x08, 0x7e, 0x63, 0x82, 0x64, 0x86,
0x64, 0x08, 0x0b, 0x15, 0xfd, 0x5a, 0x06, 0xa5, 0xf7, 0x38, 0x05, 0xf9, 0x5a, 0x06, 0x0e, 0xf7,
0xe3, 0x5c, 0x0a, 0x0b, 0x1c, 0x05, 0xb0, 0x15, 0x0b, 0x88, 0x08, 0x88, 0x0b, 0xf8, 0xc1, 0xf8,
0x4e, 0x15, 0x94, 0x28, 0xf8, 0x2a, 0xf9, 0x77, 0x05, 0xf7, 0xcb, 0x06, 0xfd, 0x7f, 0x1c, 0xfb,
0x23, 0x75, 0x65, 0x73, 0x67, 0x71, 0x69, 0x19, 0x70, 0x69, 0x6e, 0x6e, 0x6b, 0x72, 0x6b, 0x72,
0x68, 0x77, 0x64, 0x7d, 0x08, 0x7c, 0x64, 0x5f, 0x84, 0x5c, 0x1b, 0x73, 0x8c, 0x74, 0x8d, 0x74,
0x90, 0x74, 0x8f, 0x73, 0x90, 0x74, 0x91, 0xc2, 0xf7, 0x67, 0x18, 0x98, 0x8a, 0x99, 0x8a, 0x9a,
0x89, 0x9a, 0x89, 0x99, 0x8b, 0x98, 0x8c, 0x9e, 0x8c, 0x9d, 0x90, 0x9a, 0x94, 0x9a, 0x94, 0x9a,
0x95, 0x98, 0x98, 0x98, 0x98, 0x97, 0x99, 0x97, 0x9a, 0x96, 0x9a, 0x97, 0x99, 0x96, 0x98, 0xeb,
0xf7, 0x1f, 0x18, 0xfb, 0x9a, 0xfa, 0x93, 0x05, 0xf7, 0xb2, 0x06, 0x0b, 0xfa, 0xce, 0x15, 0x0b,
0xf8, 0x3d, 0x76, 0x15, 0x4a, 0x8c, 0x56, 0x99, 0x61, 0xa6, 0x61, 0xa6, 0x6a, 0xae, 0x74, 0xb5,
0x72, 0xb9, 0x7b, 0xbd, 0x86, 0xc2, 0x86, 0xc1, 0x64, 0x1d, 0xa6, 0x8a, 0xa5, 0x8e, 0xa3, 0x91,
0xa2, 0x91, 0xa1, 0x94, 0x9f, 0x97, 0x9b, 0x95, 0x9a, 0x97, 0x9a, 0x99, 0x99, 0x98, 0x98, 0x9b,
0x98, 0x9c, 0x7d, 0x1d, 0xfb, 0x89, 0x06, 0xa0, 0xf7, 0x2d, 0x63, 0x58, 0x5d, 0x61, 0x57, 0x6a,
0x19, 0x56, 0x6a, 0x51, 0x7b, 0x4a, 0x8c, 0x08, 0x0b, 0x1c, 0xfa, 0x50, 0x05, 0x0b, 0xf7, 0xa8,
0x2b, 0x0a, 0xf8, 0xe1, 0x06, 0xfb, 0x29, 0xfd, 0xec, 0x4b, 0x1d, 0xf7, 0x01, 0xf9, 0x09, 0x05,
0xfb, 0xcf, 0x06, 0x0b, 0xfa, 0xc7, 0x87, 0x1d, 0x62, 0x58, 0x59, 0x61, 0x59, 0x61, 0x52, 0x6b,
0x4a, 0x75, 0x4a, 0x74, 0x46, 0x81, 0x42, 0x8d, 0x50, 0x8c, 0x56, 0x95, 0x5d, 0x9e, 0x5d, 0x9d,
0x63, 0xa4, 0x6a, 0xaa, 0x69, 0xaa, 0x6f, 0xaf, 0x75, 0xb5, 0x08, 0x75, 0xb4, 0x7a, 0xb8, 0x80,
0xbb, 0x7f, 0xba, 0x84, 0xbd, 0x8a, 0xbf, 0x89, 0xbe, 0x8d, 0xbf, 0x92, 0xbe, 0xa8, 0xf7, 0x58,
0x18, 0x93, 0xc1, 0x98, 0xc1, 0x9c, 0xc1, 0x9c, 0xc1, 0xa0, 0xbe, 0xa4, 0xbc, 0xa4, 0xbc, 0xa9,
0xb8, 0xae, 0xb5, 0xad, 0xb4, 0xb2, 0xaf, 0xb6, 0xa9, 0xb6, 0xa9, 0xbb, 0xa2, 0xc0, 0x9c, 0xbf,
0x9c, 0xc4, 0x92, 0xc8, 0x8a, 0xd6, 0x8a, 0xcc, 0x7e, 0xc2, 0x72, 0x08, 0xc2, 0x72, 0xb9, 0x68,
0xb0, 0x60, 0xaf, 0x60, 0xa6, 0x57, 0x9e, 0x50, 0x9e, 0x50, 0x95, 0x4a, 0x8d, 0x44, 0xfb, 0xa4,
0x8c, 0x18, 0xae, 0x89, 0xad, 0x86, 0xaa, 0x1e, 0x86, 0xaa, 0x81, 0xa7, 0x7d, 0xa2, 0x7c, 0xa2,
0x77, 0x9e, 0x72, 0x9a, 0x72, 0x99, 0x6a, 0x93, 0x63, 0x8c, 0x65, 0x8c, 0x69, 0x86, 0x6e, 0x7f,
0x6e, 0x7e, 0x71, 0x7b, 0x75, 0x76, 0x74, 0x76, 0x78, 0x72, 0x7b, 0x6e, 0x7a, 0x6e, 0x7d, 0x6d,
0x80, 0x6c, 0x08, 0x80, 0x6b, 0x81, 0x6b, 0x84, 0x6a, 0x84, 0x6a, 0x85, 0x6c, 0x87, 0x6d, 0x6f,
0xfb, 0x5b, 0x18, 0x88, 0x72, 0x88, 0x70, 0x88, 0x6d, 0x88, 0x6d, 0x8a, 0x6d, 0x8c, 0x6c, 0x08,
0x6c, 0x8e, 0x6d, 0x90, 0x6e, 0x1e, 0x90, 0x6e, 0x95, 0x71, 0x98, 0x74, 0x98, 0x74, 0x9d, 0x78,
0xa2, 0x7d, 0xa2, 0x7c, 0xa8, 0x83, 0xae, 0x8a, 0xb3, 0x89, 0xaf, 0x90, 0xaa, 0x97, 0xaa, 0x97,
0xa6, 0x9c, 0xa2, 0xa1, 0xa2, 0xa1, 0x9d, 0xa6, 0x9a, 0xaa, 0x9a, 0xaa, 0x96, 0xad, 0x92, 0xb0,
0x08, 0x0b, 0x15, 0xfb, 0x12, 0xd4, 0xf9, 0x1f, 0xfa, 0x34, 0xf7, 0x13, 0x42, 0x05, 0x0e, 0x05,
0xf7, 0xa4, 0x06, 0x0b, 0xf8, 0xa7, 0x5c, 0x1d, 0x5a, 0x8c, 0x5e, 0x91, 0x63, 0x98, 0x62, 0x98,
0x68, 0x9c, 0x6c, 0xa0, 0x62, 0xa9, 0x68, 0xb0, 0x70, 0xb7, 0x08, 0x6f, 0xb6, 0x77, 0xbb, 0x7f,
0xbf, 0x83, 0xac, 0x86, 0xaf, 0x89, 0xb0, 0x89, 0xb0, 0x8c, 0xb0, 0x8f, 0xb1, 0x8e, 0xaa, 0x18,
0x94, 0xd9, 0xa0, 0xd4, 0xab, 0xce, 0xab, 0xcf, 0xb6, 0xc8, 0xc0, 0xc2, 0xba, 0xbb, 0xc3, 0xb0,
0xca, 0xa5, 0xcb, 0xa5, 0xd1, 0x97, 0xd8, 0x58, 0x0a, 0x6d, 0x8c, 0x70, 0x87, 0x73, 0x83, 0x73,
0x83, 0x76, 0x80, 0x78, 0x7c, 0x7c, 0x7f, 0x7e, 0x7d, 0x7e, 0x7b, 0x08, 0x7e, 0x7b, 0x81, 0x7b,
0x83, 0x7b, 0x7c, 0x6e, 0x7f, 0x6d, 0x82, 0x6a, 0x82, 0x6a, 0x84, 0x6a, 0x87, 0x6b, 0x87, 0x6d,
0x18, 0x89, 0x76, 0x8a, 0x74, 0x8a, 0x73, 0x8a, 0x72, 0x8b, 0x73, 0x8d, 0x74, 0x8e, 0x70, 0x91,
0x72, 0x93, 0x72, 0x93, 0x72, 0x98, 0x75, 0x9c, 0x7a, 0x97, 0x7f, 0x9a, 0x81, 0x9d, 0x84, 0x9c,
0x84, 0xa0, 0x87, 0xa3, 0x8a, 0x08, 0x0b, 0x15, 0x8c, 0xa8, 0x91, 0xa7, 0x98, 0xa4, 0x98, 0xa4,
0x9b, 0xa1, 0xa0, 0x9e, 0x9f, 0x9d, 0xa2, 0x99, 0xa6, 0x95, 0x08, 0x95, 0xa5, 0xa6, 0x90, 0xa8,
0x1b, 0xa6, 0xa4, 0x86, 0x82, 0xa2, 0x1f, 0xa2, 0x81, 0x9f, 0x7e, 0x9c, 0x7a, 0x9c, 0x7a, 0x98,
0x77, 0x95, 0x74, 0x34, 0x1d, 0x70, 0x8a, 0x6e, 0x84, 0x70, 0x7f, 0x72, 0x7f, 0x72, 0x7b, 0x76,
0x78, 0x79, 0x77, 0x79, 0x74, 0x7d, 0x72, 0x82, 0x08, 0x81, 0x71, 0x70, 0x86, 0x6e, 0x1b, 0x70,
0x72, 0x90, 0x94, 0x74, 0x1f, 0x73, 0x94, 0x76, 0x97, 0x7a, 0x9c, 0x79, 0x9b, 0x7d, 0x9e, 0x81,
0xa2, 0x81, 0xa2, 0x86, 0xa4, 0x8c, 0xa6, 0x08, 0xf7, 0x04, 0x8e, 0x15, 0x8a, 0x7d, 0x8c, 0x7e,
0x8f, 0x7f, 0x8f, 0x7e, 0x91, 0x81, 0x94, 0x83, 0x92, 0x84, 0x93, 0x85, 0x95, 0x87, 0x08, 0x87,
0x94, 0x96, 0x89, 0x97, 0x1b, 0x99, 0x98, 0x8e, 0x91, 0x98, 0x1f, 0x97, 0x90, 0x96, 0x93, 0x94,
0x94, 0x94, 0x94, 0x93, 0x96, 0x91, 0x98, 0x91, 0x98, 0x8f, 0x98, 0x8c, 0x98, 0x8c, 0x97, 0x8b,
0x97, 0x88, 0x97, 0x88, 0x96, 0x87, 0x95, 0x85, 0x94, 0x84, 0x94, 0x83, 0x92, 0x81, 0x90, 0x08,
0x90, 0x80, 0x7f, 0x8e, 0x7e, 0x1b, 0x7d, 0x7e, 0x88, 0x86, 0x7e, 0x1f, 0x7e, 0x85, 0x80, 0x83,
0x81, 0x82, 0x81, 0x81, 0x83, 0x80, 0x85, 0x7e, 0x84, 0x7e, 0x87, 0x7e, 0x8a, 0x7d, 0x08, 0x0e,
0x1c, 0x04, 0xfa, 0x1c, 0x04, 0xcb, 0x15, 0xfc, 0x47, 0x06, 0xfb, 0x69, 0x1c, 0xfb, 0x35, 0x05,
0xfb, 0xa7, 0x06, 0xf7, 0x69, 0x1c, 0x04, 0xcb, 0x76, 0x0a, 0x0b, 0x92, 0x94, 0x94, 0x93, 0x96,
0x92, 0x0b, 0x05, 0xfb, 0xa4, 0x06, 0x0b, 0xfa, 0x50, 0x5d, 0x0a, 0x0b, 0x06, 0xf7, 0x90, 0x1c,
0x05, 0xb0, 0x05, 0x0b, 0xfb, 0x50, 0xfe, 0xce, 0x05, 0x0b, 0xf0, 0xf8, 0xb2, 0x15, 0x90, 0xb8,
0x94, 0xb9, 0x98, 0xb9, 0x98, 0xb9, 0x9b, 0xb7, 0x9f, 0xb5, 0x9f, 0xb5, 0xa3, 0xb2, 0xa6, 0xaf,
0xa6, 0xaf, 0xab, 0xaa, 0xaf, 0xa6, 0xae, 0xa5, 0xb3, 0x9f, 0xb7, 0x9a, 0xb6, 0x99, 0xbb, 0x91,
0xbf, 0x8a, 0xab, 0x8a, 0xaa, 0x87, 0xa9, 0x84, 0x08, 0xa8, 0x83, 0xa7, 0x7f, 0xa4, 0x7c, 0x9a,
0x82, 0x9a, 0x80, 0x99, 0x7e, 0x99, 0x7e, 0x98, 0x7c, 0x96, 0x7b, 0xaf, 0xf4, 0x18, 0xf7, 0x8d,
0x8a, 0xfb, 0x46, 0xfe, 0xab, 0x80, 0x42, 0x76, 0x49, 0x6a, 0x51, 0x19, 0x6a, 0x51, 0x62, 0x5a,
0x5a, 0x64, 0x59, 0x63, 0x52, 0x6d, 0x4b, 0x77, 0x4b, 0x76, 0x46, 0x82, 0x42, 0x8d, 0x43, 0x8c,
0x45, 0x9b, 0x48, 0xa9, 0x48, 0xa8, 0x52, 0xb6, 0x5e, 0xc4, 0xf7, 0x1f, 0xf7, 0x3a, 0x18, 0xa9,
0x64, 0xae, 0x6d, 0xb3, 0x76, 0xb3, 0x75, 0xb8, 0x7f, 0xbd, 0x8a, 0xb2, 0x8a, 0xae, 0x90, 0xac,
0x96, 0xac, 0x96, 0xa8, 0x9b, 0xa4, 0xa0, 0xa4, 0xa0, 0xa1, 0xa4, 0x9c, 0xa9, 0x9c, 0xa8, 0x98,
0xad, 0x93, 0xb0, 0x99, 0xcb, 0x18, 0x7a, 0x7b, 0x7a, 0x7c, 0x79, 0x7e, 0x79, 0x7e, 0x78, 0x7f,
0x78, 0x82, 0x72, 0x7e, 0x72, 0x82, 0x70, 0x85, 0x70, 0x85, 0x6e, 0x88, 0x6d, 0x8c, 0x5b, 0x8c,
0x61, 0x93, 0x66, 0x9b, 0x66, 0x9b, 0x6b, 0xa1, 0x70, 0xa6, 0x70, 0xa6, 0x74, 0xaa, 0x7a, 0xae,
0x08, 0x79, 0xae, 0x7d, 0xb1, 0x82, 0xb3, 0x81, 0xb2, 0x85, 0xb4, 0x89, 0xb5, 0x89, 0xb5, 0x8c,
0xb4, 0x8f, 0xb3, 0x08, 0xf7, 0xa5, 0x16, 0x89, 0x76, 0x8a, 0x75, 0x8a, 0x74, 0x8a, 0x73, 0x8c,
0x74, 0x8e, 0x74, 0x8e, 0x74, 0x8f, 0x75, 0x92, 0x76, 0x92, 0x76, 0x94, 0x78, 0x98, 0x7b, 0x98,
0x7a, 0x9b, 0x7e, 0x9e, 0x81, 0x9e, 0x80, 0xa2, 0x86, 0xa6, 0x8a, 0xa3, 0x8a, 0xa2, 0x8e, 0xa0,
0x90, 0x08, 0xa0, 0x90, 0x9f, 0x93, 0x9d, 0x96, 0x9a, 0x94, 0x9a, 0x95, 0x99, 0x98, 0x98, 0x98,
0x98, 0x99, 0x98, 0x9a, 0xdd, 0xf8, 0x61, 0x18, 0x82, 0x9e, 0x81, 0x9b, 0x7f, 0x99, 0x7f, 0x98,
0x7e, 0x96, 0x7c, 0x94, 0x7d, 0x92, 0x7d, 0x0a, 0x5e, 0x8c, 0x63, 0x81, 0x6a, 0x77, 0x6a, 0x76,
0x8c, 0x1d, 0x08, 0x7e, 0x62, 0x82, 0x64, 0x86, 0x65, 0x08, 0x0b, 0xfa, 0x9d, 0xf7, 0x3d, 0x15,
0x4b, 0x45, 0x3b, 0x5a, 0x2c, 0x6e, 0x2c, 0x6e, 0x30, 0x7e, 0x33, 0x8c, 0x4f, 0x8c, 0x56, 0x95,
0x5d, 0x9e, 0x5c, 0x9d, 0x63, 0xa3, 0x6a, 0xaa, 0x69, 0xaa, 0x6f, 0xaf, 0x75, 0xb4, 0x74, 0xb4,
0x7a, 0xb8, 0x80, 0xba, 0x7f, 0xba, 0x84, 0xbd, 0x89, 0xbf, 0x08, 0x89, 0xbe, 0x8d, 0xbf, 0x92,
0xbf, 0xa8, 0xf7, 0x5a, 0x18, 0x93, 0xc0, 0x97, 0xc1, 0x9c, 0xc0, 0x9c, 0xc0, 0xa0, 0xbe, 0xa4,
0xbc, 0xa4, 0xbb, 0xa8, 0xb8, 0xad, 0xb5, 0xad, 0xb4, 0xb1, 0xaf, 0xb6, 0xaa, 0xb6, 0xa9, 0xba,
0xa2, 0xbf, 0x9c, 0xbe, 0x9c, 0xc3, 0x93, 0xc8, 0x8a, 0xd2, 0x8a, 0xca, 0x7f, 0xc1, 0x76, 0x08,
0xc0, 0x76, 0xb8, 0x6d, 0xb0, 0x64, 0xaf, 0x64, 0xa7, 0x5b, 0x9f, 0x54, 0x9e, 0x53, 0x97, 0x4d,
0x8e, 0x46, 0x08, 0xfb, 0x9e, 0x06, 0x8a, 0xab, 0x87, 0xa9, 0x84, 0xa6, 0x84, 0xa6, 0x81, 0xa3,
0x7c, 0x9f, 0x7c, 0x9f, 0x78, 0x9b, 0x74, 0x97, 0x73, 0x96, 0x6d, 0x92, 0x68, 0x8c, 0x68, 0x8c,
0x6b, 0x86, 0x6f, 0x7e, 0x6e, 0x7e, 0x72, 0x7a, 0x74, 0x75, 0x74, 0x75, 0x78, 0x72, 0x7a, 0x6e,
0x08, 0x7a, 0x6e, 0x7d, 0x6c, 0x7f, 0x6c, 0x7e, 0x6b, 0x81, 0x6b, 0x84, 0x6b, 0x83, 0x6b, 0x85,
0x6d, 0x87, 0x6f, 0x6e, 0xfb, 0x5d, 0x18, 0x88, 0x72, 0x88, 0x6f, 0x89, 0x6d, 0x88, 0x6d, 0x8b,
0x6d, 0x8d, 0x6c, 0x8c, 0x6c, 0x8f, 0x6d, 0x92, 0x6e, 0x92, 0x6e, 0x95, 0x72, 0x9a, 0x74, 0x99,
0x74, 0x9e, 0x78, 0xa3, 0x7d, 0xa2, 0x7d, 0xa9, 0x83, 0xae, 0x8a, 0xb0, 0x8a, 0xb1, 0x8f, 0xb1,
0x95, 0x08, 0xb1, 0x94, 0xad, 0x9c, 0xa9, 0xa2, 0xbe, 0xf7, 0x9d, 0x18, 0xfb, 0x7f, 0x06, 0xb0,
0xf7, 0x66, 0x05, 0xf8, 0x8f, 0x06, 0x0b, 0xf7, 0x04, 0x16, 0xfa, 0xce, 0xf7, 0x88, 0x07, 0x6a,
0xfd, 0x0a, 0x85, 0xfb, 0x00, 0xb0, 0xf3, 0xf7, 0x72, 0xf9, 0x0e, 0x05, 0xf7, 0x4a, 0x06, 0x8e,
0xfc, 0xfd, 0x05, 0xfb, 0x0f, 0x07, 0xab, 0xf7, 0x01, 0xf7, 0x4f, 0xf9, 0x0b, 0x05, 0xf7, 0x92,
0x06, 0xfc, 0x0c, 0xfe, 0xce, 0x05, 0xfb, 0x82, 0x06, 0x7c, 0xf8, 0xc8, 0x88, 0xf7, 0x0c, 0x5f,
0xfb, 0x0b, 0xfb, 0x63, 0xfc, 0xc9, 0x05, 0x0b, 0x06, 0x63, 0xfb, 0x78, 0x05, 0x0b, 0xf8, 0xef,
0xf8, 0xb4, 0x15, 0xfb, 0x68, 0x06, 0x2d, 0xfc, 0xb4, 0x05, 0xfb, 0xa7, 0x06, 0xf7, 0x91, 0x1c,
0x05, 0xb0, 0xf8, 0x5f, 0x8a, 0xce, 0x8a, 0xc9, 0x81, 0xc5, 0x79, 0x19, 0xc4, 0x78, 0xbd, 0x70,
0xb5, 0x68, 0xb4, 0x68, 0xab, 0x5e, 0xa1, 0x56, 0xa0, 0x56, 0x93, 0x4c, 0x85, 0x43, 0x87, 0x58,
0x81, 0x5c, 0x7a, 0x60, 0x7a, 0x60, 0x75, 0x65, 0x70, 0x69, 0x6f, 0x69, 0x6a, 0x6d, 0x65, 0x72,
0x65, 0x71, 0x61, 0x75, 0x5c, 0x78, 0xf7, 0x5d, 0xfc, 0xe9, 0x18, 0x7c, 0xfb, 0xb8, 0x07, 0xfb,
0xec, 0xf9, 0x98, 0x15, 0xf7, 0x53, 0x88, 0x05, 0xb0, 0xae, 0x90, 0x96, 0xac, 0x1f, 0xac, 0x95,
0xa8, 0x9a, 0xa5, 0x9f, 0xa4, 0x9f, 0xa1, 0xa4, 0x9c, 0xa8, 0x9c, 0xa8, 0x95, 0xad, 0x90, 0xb1,
0x90, 0xae, 0x8a, 0xaa, 0x84, 0xa6, 0x84, 0xa6, 0x80, 0xa2, 0x7b, 0x9e, 0x7b, 0x9d, 0x76, 0x99,
0x72, 0x96, 0x72, 0x95, 0x6d, 0x91, 0x6a, 0x8c, 0xfb, 0x69, 0x8c, 0x18, 0x0b, 0x15, 0xfd, 0xd8,
0x40, 0x0a, 0xf9, 0xd8, 0x06, 0x0e, 0x06, 0xb3, 0xf7, 0x77, 0x05, 0x0b, 0x9f, 0x16, 0xf7, 0x91,
0x1c, 0x05, 0xb0, 0xf8, 0x60, 0x8a, 0xc8, 0x8a, 0xc7, 0x83, 0xc4, 0x7d, 0x19, 0xc4, 0x7c, 0xbe,
0x75, 0xb6, 0x6c, 0xb6, 0x6c, 0xad, 0x63, 0xa3, 0x5a, 0xa3, 0x5a, 0x94, 0x50, 0x86, 0x45, 0x88,
0x63, 0x82, 0x67, 0x7d, 0x6a, 0x7d, 0x6a, 0x79, 0x6d, 0x74, 0x71, 0x74, 0x71, 0x70, 0x74, 0x6d,
0x77, 0x6c, 0x76, 0x6a, 0x7a, 0x68, 0x7c, 0x08, 0xac, 0x7f, 0xa8, 0x7a, 0xa3, 0x76, 0xa2, 0x76,
0x9e, 0x72, 0x9a, 0x70, 0x9a, 0x70, 0x95, 0x6d, 0x91, 0x6b, 0x91, 0x6a, 0x8d, 0x6a, 0x89, 0x6a,
0x86, 0x3e, 0x78, 0x49, 0x6a, 0x54, 0x6a, 0x54, 0x62, 0x5d, 0x58, 0x68, 0x58, 0x68, 0x50, 0x71,
0x4a, 0x7b, 0x08, 0x4a, 0x7a, 0x47, 0x83, 0x45, 0x8c, 0x08, 0xfb, 0x24, 0xf9, 0x16, 0x15, 0x43,
0xfc, 0x33, 0xf7, 0x79, 0x89, 0xac, 0x8c, 0xac, 0x8f, 0xaa, 0x94, 0x19, 0xaa, 0x94, 0xa7, 0x98,
0xa4, 0x9d, 0xa4, 0x9c, 0x9f, 0xa1, 0x9c, 0xa5, 0x9c, 0xa5, 0x96, 0xaa, 0x90, 0xae, 0x90, 0xa9,
0x8b, 0xa6, 0x86, 0xa4, 0x86, 0xa3, 0x83, 0xa0, 0x7e, 0x9c, 0x7d, 0x9e, 0x78, 0x99, 0x74, 0x96,
0x74, 0x95, 0x6f, 0x91, 0x6a, 0x8c, 0x08, 0xfb, 0x7c, 0xf7, 0x60, 0x15, 0xf7, 0x53, 0x89, 0x05,
0xac, 0xab, 0x8f, 0x92, 0xaa, 0x1f, 0xaa, 0x92, 0xa8, 0x97, 0xa5, 0x9b, 0xa4, 0x9b, 0xa1, 0xa0,
0x9c, 0xa4, 0x9c, 0xa4, 0x97, 0xa9, 0x90, 0xaf, 0x90, 0xac, 0x89, 0xa8, 0x83, 0xa2, 0x83, 0xa2,
0x7e, 0x9d, 0x7a, 0x9a, 0x7a, 0x99, 0x75, 0x96, 0x72, 0x92, 0x72, 0x92, 0x6f, 0x8e, 0x6d, 0x8c,
0xfb, 0x6a, 0x8c, 0x18, 0x0e, 0xf8, 0x2b, 0xf8, 0xaa, 0x56, 0x1d, 0x15, 0xfb, 0x8b, 0x06, 0xf7,
0x29, 0xfa, 0x47, 0x05, 0xf7, 0xaa, 0x06, 0xfc, 0xa2, 0x1c, 0xfa, 0xd2, 0x15, 0xa2, 0x8f, 0xa0,
0x93, 0x9f, 0x1e, 0x93, 0x9e, 0x96, 0x9c, 0x9a, 0x9a, 0x99, 0x99, 0x9c, 0x96, 0x9e, 0x94, 0x08,
0x93, 0x9e, 0xa0, 0x8f, 0xa2, 0x1b, 0xa1, 0x8c, 0xa0, 0x87, 0x9e, 0x84, 0x9e, 0x84, 0x9b, 0x81,
0x99, 0x7e, 0x99, 0x7e, 0x96, 0x7b, 0x93, 0x78, 0x08, 0x93, 0x78, 0x8f, 0x77, 0x74, 0x8a, 0x1d,
0x7a, 0x7d, 0x7d, 0x7c, 0x7d, 0x7a, 0x80, 0x78, 0x83, 0x08, 0x83, 0x78, 0x76, 0x87, 0x75, 0x1b,
0x75, 0x8a, 0x77, 0x8f, 0x78, 0x92, 0x78, 0x92, 0x7a, 0x95, 0x7a, 0x1d, 0x0b, 0x71, 0x1d, 0x84,
0x6b, 0x86, 0x6d, 0x87, 0x6e, 0x6a, 0xfb, 0x6b, 0x18, 0x88, 0x74, 0x88, 0x71, 0x89, 0x6e, 0x5a,
0x1d, 0x0b, 0x46, 0x0a, 0x0e, 0xf8, 0xf4, 0x28, 0x0a, 0xb1, 0xfc, 0xb3, 0xf7, 0x8a, 0xf8, 0xb3,
0x05, 0xf7, 0xec, 0x06, 0xfb, 0x91, 0x2d, 0x0a, 0xfb, 0x90, 0x06, 0xd8, 0xf8, 0x4e, 0xf7, 0x10,
0xf9, 0x1c, 0xfb, 0xb1, 0xfc, 0xf6, 0x05, 0xfb, 0x1d, 0x06, 0x4e, 0xf8, 0xfb, 0x21, 0xfd, 0x37,
0x42, 0xfc, 0x38, 0x05, 0xfb, 0x90, 0x25, 0x1d, 0x0b, 0x48, 0x0a, 0x0e, 0xf9, 0x0c, 0xf9, 0x7d,
0x15, 0xf7, 0xaf, 0xf7, 0xe5, 0x05, 0xf7, 0xc6, 0x06, 0xfc, 0x50, 0xfc, 0xb2, 0xf7, 0xa5, 0xfc,
0xb0, 0x6f, 0x0a, 0xf8, 0x60, 0xf8, 0xc6, 0xfb, 0x9b, 0xf8, 0x9c, 0x05, 0xf7, 0xa9, 0x06, 0x0b,
0xf7, 0xf7, 0x65, 0x1d, 0x0b, 0x50, 0x1d, 0x0e, 0xfa, 0xf8, 0xf9, 0x02, 0x49, 0x1d, 0x52, 0x8c,
0x58, 0x95, 0x60, 0x9c, 0x08, 0x5f, 0x9c, 0x64, 0xa2, 0x6a, 0xa9, 0xfb, 0x11, 0xfb, 0x41, 0x18,
0xfb, 0x55, 0x06, 0xf7, 0x71, 0xf7, 0xc7, 0x77, 0xb6, 0x7c, 0xba, 0x82, 0xbd, 0x19, 0x81, 0xbc,
0x86, 0xbd, 0xbe, 0x1a, 0x9f, 0x8c, 0x9f, 0x8c, 0x9f, 0x1e, 0x8c, 0x9f, 0x8d, 0x9f, 0x8e, 0x9e,
0x41, 0x1d, 0xa8, 0x8a, 0xa7, 0x89, 0xa5, 0x86, 0x08, 0xa5, 0x86, 0xa3, 0x84, 0xa2, 0x82, 0x9e,
0x83, 0x9e, 0x82, 0x9d, 0x81, 0x9c, 0x81, 0x9c, 0x80, 0x9a, 0x7e, 0xea, 0xf7, 0x18, 0x18, 0xf7,
0x56, 0x06, 0xfb, 0x4e, 0xfb, 0x95, 0x9c, 0x6d, 0x99, 0x6b, 0x96, 0x69, 0x19, 0x96, 0x68, 0x93,
0x68, 0x90, 0x66, 0x08, 0x90, 0x66, 0x8e, 0x66, 0x65, 0x1a, 0x65, 0x89, 0x65, 0x86, 0x66, 0x1e,
0xfd, 0xab, 0xfb, 0x69, 0x15, 0x8a, 0x82, 0x8a, 0x82, 0x8a, 0x82, 0x8a, 0x81, 0x89, 0x81, 0x8a,
0x81, 0x8a, 0x82, 0x8b, 0x83, 0x8a, 0x82, 0x8a, 0x82, 0x8b, 0x83, 0x8a, 0x82, 0xf8, 0x75, 0xf9,
0x2f, 0x18, 0x84, 0x94, 0x84, 0x94, 0x83, 0x93, 0x82, 0x92, 0x82, 0x92, 0x81, 0x90, 0x80, 0x91,
0x7e, 0x90, 0x7e, 0x8f, 0x7d, 0x8e, 0x7c, 0x8d, 0x7b, 0x8c, 0x66, 0x8c, 0x6b, 0x86, 0x6f, 0x80,
0x6f, 0x83, 0x1d, 0x08, 0x7c, 0x6f, 0x7e, 0x6e, 0x81, 0x6c, 0x80, 0x6c, 0x83, 0x6c, 0x84, 0x6c,
0x84, 0x6b, 0x86, 0x6d, 0x87, 0x6e, 0x08, 0xf8, 0x74, 0x8c, 0x15, 0x8e, 0xa0, 0x8d, 0xa2, 0x8d,
0xa4, 0x8d, 0xa4, 0x8c, 0xa4, 0x8a, 0xa5, 0xfc, 0x87, 0xfd, 0x47, 0x18, 0x98, 0x74, 0x9d, 0x78,
0x69, 0x1d, 0x96, 0xaa, 0x95, 0xaa, 0x92, 0xab, 0x08, 0x88, 0x1d, 0x0b, 0xf9, 0x02, 0x4d, 0x0a,
0x0b, 0x53, 0x1d, 0xfb, 0xaa, 0x8e, 0x15, 0x8e, 0xa4, 0x8e, 0xa6, 0x8d, 0xa8, 0x8d, 0xa8, 0x8b,
0xa9, 0x8a, 0xa9, 0x89, 0xa8, 0x87, 0xa8, 0x84, 0xa7, 0x84, 0xa7, 0x81, 0xa4, 0x7d, 0xa1, 0x4c,
0x1d, 0x66, 0x8c, 0x6b, 0x86, 0x6f, 0x80, 0x08, 0x6f, 0x44, 0x0a, 0x0b, 0x6b, 0x1d, 0xae, 0x8a,
0xad, 0x88, 0xaa, 0x84, 0xaa, 0x84, 0xa7, 0x81, 0xa6, 0x7e, 0xef, 0xf7, 0x2e, 0x18, 0xf7, 0x3a,
0x06, 0xfb, 0x2d, 0xfb, 0x80, 0xa3, 0x72, 0xa0, 0x6f, 0x9c, 0x6c, 0x19, 0x9c, 0x6c, 0x98, 0x6a,
0x95, 0x68, 0x96, 0x66, 0x92, 0x65, 0x8e, 0x62, 0x8e, 0x62, 0x8a, 0x61, 0x86, 0x60, 0x3a, 0x1d,
0x6a, 0x8c, 0x6d, 0x8e, 0x6f, 0x91, 0x6e, 0x91, 0x71, 0x93, 0x72, 0x95, 0x27, 0xfb, 0x2e, 0x18,
0xfb, 0x3b, 0x06, 0xf7, 0x29, 0xf7, 0x7b, 0x71, 0xa4, 0x75, 0xa8, 0x78, 0xab, 0x19, 0x78, 0xab,
0x7d, 0xae, 0x80, 0xb0, 0x80, 0xb0, 0x84, 0xb2, 0x88, 0xb4, 0x88, 0xb4, 0x8b, 0xb5, 0x90, 0xb6,
0x08, 0xf7, 0xa3, 0x16, 0x8a, 0x7e, 0x8a, 0x7e, 0x8a, 0x7e, 0x08, 0x8a, 0x7e, 0x8b, 0x7d, 0x7e,
0x1a, 0x76, 0x8c, 0x77, 0x8e, 0x76, 0x1e, 0x8d, 0x76, 0x8f, 0x78, 0x90, 0x78, 0xf7, 0xef, 0xf8,
0xac, 0x18, 0x80, 0x91, 0x80, 0x90, 0x7f, 0x8e, 0x08, 0x8e, 0x7e, 0x7e, 0x8d, 0x7c, 0x1b, 0x5d,
0x8c, 0x64, 0x82, 0x6a, 0x77, 0x6b, 0x0a, 0x08, 0xf8, 0x53, 0x94, 0x15, 0x8c, 0x98, 0x8d, 0x98,
0x8c, 0x99, 0x08, 0x8c, 0x98, 0x8b, 0x99, 0x98, 0x1a, 0x9c, 0x8a, 0x9c, 0x8a, 0x9c, 0x1e, 0x89,
0x9c, 0x88, 0x9b, 0x87, 0x9c, 0xfb, 0xe6, 0xfc, 0x9e, 0x18, 0x94, 0x88, 0x95, 0x88, 0x96, 0x89,
0x95, 0x89, 0x96, 0x8a, 0x97, 0x69, 0x0a, 0x97, 0xb2, 0x94, 0xb2, 0x90, 0xb1, 0x08, 0x0b, 0xfa,
0xc1, 0xf8, 0xad, 0x5f, 0x0a, 0x6c, 0x8c, 0x6e, 0x8f, 0x6f, 0x93, 0x08, 0x6f, 0x92, 0x71, 0x96,
0x72, 0x99, 0x7c, 0x94, 0x7c, 0x96, 0x7d, 0x97, 0x7d, 0x97, 0x7e, 0x98, 0x7f, 0x9a, 0x74, 0x1d,
0x99, 0x9a, 0x9a, 0x98, 0x9a, 0x98, 0x19, 0x9a, 0x98, 0x9a, 0x96, 0x9a, 0x95, 0xa7, 0x9d, 0xa9,
0x98, 0xac, 0x94, 0xab, 0x94, 0xad, 0x8f, 0xaf, 0x62, 0x1d, 0x8d, 0x9f, 0x8d, 0xa1, 0x8c, 0xa2,
0x8c, 0xa2, 0x8a, 0xa1, 0x89, 0xa2, 0x8a, 0xa4, 0x86, 0xa4, 0x84, 0xa4, 0x83, 0xa3, 0x80, 0x9f,
0x7d, 0x9b, 0x7f, 0x9a, 0x7c, 0x96, 0x7a, 0x94, 0x79, 0x94, 0x75, 0x8f, 0x72, 0x8c, 0x72, 0x8c,
0x74, 0x88, 0x76, 0x85, 0x08, 0x76, 0x85, 0x77, 0x82, 0x78, 0x80, 0x7d, 0x82, 0x7e, 0x80, 0x7e,
0x7f, 0x7e, 0x7e, 0x7e, 0x7d, 0x80, 0x7c, 0x3b, 0xfc, 0x5a, 0x18, 0x92, 0x7a, 0x93, 0x7c, 0x94,
0x7e, 0x94, 0x7e, 0x96, 0x80, 0x97, 0x82, 0x9a, 0x80, 0x9b, 0x83, 0x9e, 0x86, 0x9e, 0x85, 0x9f,
0x88, 0xa1, 0x8a, 0xa7, 0x8a, 0xa5, 0x8f, 0xa2, 0x93, 0xa2, 0x93, 0x9f, 0x96, 0x9d, 0x99, 0xa0,
0x9c, 0x9e, 0x9f, 0x9b, 0xa3, 0x08, 0x9a, 0xa3, 0x98, 0xa5, 0x95, 0xa7, 0x95, 0xa4, 0x93, 0xa4,
0x91, 0xa6, 0x90, 0xa5, 0x90, 0xa4, 0x8e, 0xa4, 0x08, 0x0e, 0xab, 0x16, 0xf7, 0x03, 0xf9, 0x17,
0x05, 0xfb, 0x45, 0x26, 0x1d, 0xf7, 0x44, 0x06, 0xf7, 0x02, 0xf9, 0x0d, 0xf7, 0xf4, 0x8a, 0xd2,
0x8a, 0xca, 0x7f, 0xc4, 0x76, 0x19, 0xc4, 0x75, 0xbc, 0x6e, 0xb5, 0x66, 0xb3, 0x69, 0xad, 0x62,
0xa7, 0x5b, 0xa7, 0x5a, 0xa0, 0x57, 0x98, 0x54, 0x95, 0x62, 0x91, 0x60, 0x8e, 0x5e, 0x8d, 0x5e,
0x89, 0x5d, 0x85, 0x5c, 0x7a, 0xfb, 0x0c, 0x18, 0x7e, 0x30, 0x70, 0x34, 0x64, 0x3a, 0x64, 0x3a,
0x59, 0x44, 0x4e, 0x4f, 0x4e, 0x4e, 0x44, 0x5b, 0x3a, 0x68, 0x3a, 0x68, 0x32, 0x79, 0x2a, 0x8c,
0x08, 0xf7, 0x69, 0xf9, 0x17, 0x15, 0xfb, 0x70, 0x06, 0x43, 0xfc, 0x35, 0xe6, 0x89, 0x05, 0xca,
0xc3, 0x98, 0xa4, 0xbb, 0x1f, 0xbb, 0xa4, 0xb4, 0xac, 0xad, 0xb4, 0xad, 0xb4, 0xa7, 0xba, 0xa0,
0xc0, 0xa0, 0xc0, 0x99, 0xc2, 0x94, 0xc4, 0x9c, 0xf7, 0x0f, 0x18, 0x8f, 0xab, 0x8d, 0xac, 0x8c,
0xad, 0x08, 0xac, 0x89, 0xac, 0x86, 0xab, 0x1e, 0x86, 0xab, 0x82, 0xa9, 0x80, 0xa8, 0x7f, 0xa7,
0x7b, 0xa4, 0x78, 0xa1, 0x77, 0xa0, 0x73, 0x9d, 0x6e, 0x98, 0x6e, 0x98, 0x69, 0x92, 0x64, 0x8d,
0x23, 0x8c, 0x18, 0x44, 0xfc, 0x29, 0x05, 0xf7, 0x71, 0x06, 0x0e, 0xf8, 0x11, 0x2b, 0x0a, 0xf8,
0xaf, 0x06, 0xfb, 0x51, 0xfe, 0xe7, 0x82, 0x45, 0x78, 0x4e, 0x70, 0x57, 0x19, 0x6f, 0x57, 0x67,
0x60, 0x60, 0x69, 0x60, 0x68, 0x58, 0x72, 0x52, 0x7a, 0x08, 0x7a, 0x51, 0x4b, 0x83, 0x46, 0x1b,
0x6d, 0x8c, 0x6d, 0x8c, 0x6e, 0x85, 0x1d, 0xa2, 0x86, 0xa4, 0x87, 0xa4, 0x89, 0xa4, 0x88, 0xa3,
0x8a, 0xa3, 0x8a, 0xad, 0x8a, 0xaa, 0x90, 0xa7, 0x94, 0xa6, 0x94, 0xa3, 0x99, 0x9e, 0x9e, 0x9b,
0x9a, 0x99, 0x9e, 0x96, 0xa1, 0x96, 0xa1, 0x92, 0xa4, 0x90, 0xa6, 0xf7, 0x29, 0xfa, 0x04, 0x18,
0xfb, 0x9d, 0x06, 0xf7, 0xe3, 0xf8, 0x87, 0x15, 0xb7, 0x9a, 0xb0, 0xa9, 0xa8, 0x1e, 0xa8, 0xa8,
0xb0, 0x9a, 0xb7, 0x1b, 0xb5, 0x8c, 0xb0, 0x7f, 0xaa, 0x70, 0x08, 0xaa, 0x71, 0x9a, 0x68, 0x5e,
0x1a, 0x5d, 0x7c, 0x65, 0x6c, 0x6f, 0x1e, 0x6f, 0x6c, 0x66, 0x7d, 0x60, 0x1b, 0x60, 0x8a, 0x66,
0x97, 0x6e, 0xa6, 0x08, 0x6d, 0xa6, 0x7c, 0xaf, 0xb6, 0x1a, 0x0e, 0x15, 0xd4, 0x06, 0x99, 0x8c,
0x99, 0x8d, 0x99, 0x8f, 0x98, 0x8e, 0x98, 0x90, 0x96, 0x92, 0x96, 0x92, 0x95, 0x94, 0x93, 0x96,
0x92, 0x95, 0x90, 0x98, 0x8e, 0x9a, 0x8c, 0x97, 0x8b, 0x95, 0x88, 0x94, 0x88, 0x93, 0x85, 0x92,
0x84, 0x90, 0x84, 0x90, 0x82, 0x8f, 0x82, 0x8e, 0x08, 0x8e, 0x81, 0x81, 0x8c, 0x81, 0x1b, 0x75,
0x77, 0x87, 0x82, 0x7a, 0x1f, 0x79, 0x82, 0x7e, 0x7c, 0x82, 0x76, 0x08, 0xfb, 0x4a, 0x06, 0x8e,
0xaf, 0x95, 0xaa, 0x9c, 0xa5, 0x9b, 0xa4, 0xa0, 0xa0, 0xa4, 0x9c, 0xa4, 0x9b, 0xa8, 0x97, 0xaa,
0x93, 0x08, 0x93, 0xaa, 0xac, 0x8f, 0xad, 0x1b, 0xa9, 0x8a, 0xaa, 0x87, 0xaa, 0x84, 0xaa, 0x84,
0xa6, 0x7f, 0xa4, 0x7c, 0xa4, 0x7c, 0xa0, 0x77, 0x9a, 0x72, 0x9a, 0x72, 0x92, 0x6c, 0x89, 0x67,
0x8a, 0x75, 0x86, 0x78, 0x83, 0x7a, 0x83, 0x7a, 0x81, 0x7c, 0x7e, 0x7e, 0x7e, 0x7e, 0x7c, 0x7f,
0x7a, 0x81, 0x08, 0x7a, 0x81, 0x7a, 0x82, 0x78, 0x82, 0x0b, 0xf8, 0x9d, 0x2b, 0x0a, 0x25, 0xfd,
0x02, 0x89, 0x7a, 0x89, 0x79, 0x8a, 0x79, 0x19, 0x8a, 0x79, 0x8a, 0x79, 0x8c, 0x7a, 0x8c, 0x76,
0x8e, 0x77, 0x90, 0x78, 0x90, 0x78, 0x94, 0x7b, 0x97, 0x7d, 0x94, 0x80, 0x98, 0x82, 0x9b, 0x84,
0x9b, 0x84, 0x9e, 0x87, 0xa2, 0x8a, 0xa2, 0x8a, 0xa2, 0x8d, 0xa0, 0x90, 0xa0, 0x8f, 0x9e, 0x91,
0x9e, 0x94, 0x08, 0x9d, 0x94, 0x9c, 0x96, 0x9c, 0x99, 0x9b, 0x98, 0x9a, 0x9b, 0x99, 0x9d, 0xf7,
0x1b, 0xf9, 0x96, 0x18, 0xf7, 0xa4, 0x06, 0x39, 0x0a, 0xfb, 0x86, 0x06, 0x94, 0xd3, 0x78, 0x7b,
0x78, 0x7d, 0x78, 0x7f, 0x19, 0x78, 0x7e, 0x76, 0x81, 0x76, 0x83, 0x7a, 0x84, 0x78, 0x86, 0x78,
0x29, 0x0a, 0x78, 0x76, 0x89, 0x76, 0x1b, 0x6c, 0x6d, 0x8f, 0x94, 0x6e, 0x1f, 0x6e, 0x93, 0x6f,
0x97, 0x71, 0x9c, 0x36, 0xfc, 0x51, 0x18, 0xfb, 0xa3, 0x06, 0xf7, 0x98, 0x1c, 0x05, 0xda, 0x05,
0x0e, 0x55, 0x0a, 0x0e, 0x67, 0x0a, 0xfd, 0xed, 0x66, 0x0a, 0xb7, 0x9a, 0xb0, 0xa9, 0xa8, 0x1e,
0xa8, 0xa8, 0xb1, 0x9a, 0xb8, 0x1b, 0xb6, 0x8c, 0xaf, 0x7f, 0xaa, 0x70, 0x08, 0xa9, 0x70, 0x9a,
0x68, 0x5f, 0x1a, 0x5d, 0x7c, 0x66, 0x6c, 0x6f, 0x1e, 0x6e, 0x6d, 0x65, 0x7d, 0x60, 0x1b, 0x60,
0x8a, 0x67, 0x97, 0x6d, 0xa6, 0x08, 0x6c, 0xa6, 0x7c, 0xae, 0xb7, 0x1a, 0x0b, 0x87, 0x08, 0x87,
0x98, 0x9a, 0x89, 0x9c, 0x1b, 0x9a, 0x9a, 0x8d, 0x8f, 0x9a, 0x1f, 0x9a, 0x8f, 0x98, 0x91, 0x98,
0x93, 0x97, 0x92, 0x95, 0x95, 0x94, 0x97, 0x93, 0x97, 0x90, 0x99, 0x8e, 0x9b, 0x8e, 0x9c, 0x8a,
0x9a, 0x87, 0x96, 0x86, 0x96, 0x84, 0x93, 0x82, 0x92, 0x81, 0x91, 0x7f, 0x8f, 0x7e, 0x8e, 0x7e,
0x8e, 0x7d, 0x8c, 0x7d, 0x8c, 0x08, 0x2f, 0x06, 0x0b, 0xfa, 0x10, 0x1c, 0x05, 0x6c, 0x47, 0x1d,
0x0e, 0x89, 0xc9, 0x8a, 0xc3, 0x80, 0xbd, 0x76, 0xbd, 0x76, 0xb6, 0x6f, 0xae, 0x66, 0xae, 0x66,
0xa5, 0x5f, 0x9d, 0x58, 0x08, 0x9c, 0x58, 0x92, 0x52, 0x88, 0x4d, 0x61, 0x0a, 0x0b, 0x1c, 0x04,
0xa3, 0x60, 0x1d, 0x0b, 0x15, 0xe2, 0x8c, 0x6f, 0xfb, 0x27, 0x05, 0x3d, 0x06, 0x71, 0xfb, 0x24,
0x05, 0xfb, 0x45, 0x06, 0xa4, 0xf7, 0x24, 0x05, 0xfb, 0xc2, 0x06, 0x97, 0xf7, 0x15, 0xf8, 0x11,
0xf8, 0x4c, 0xf7, 0x47, 0x88, 0x05, 0xfc, 0x10, 0xfc, 0x37, 0x15, 0xf7, 0x1a, 0x06, 0xb5, 0xf7,
0x58, 0x7d, 0x77, 0x05, 0x0b, 0xf8, 0xed, 0x1c, 0x05, 0x88, 0x15, 0x30, 0xfc, 0x2c, 0x05, 0xfb,
0x43, 0x06, 0xcd, 0xf8, 0x35, 0x9c, 0xf7, 0x03, 0x05, 0xf7, 0x5e, 0x06, 0xf8, 0x0f, 0xfb, 0x0c,
0x15, 0x31, 0xfc, 0x2c, 0x05, 0xfb, 0x42, 0x06, 0xcd, 0xf8, 0x39, 0x9c, 0xf6, 0x05, 0xf7, 0x5c,
0x06, 0x0e, 0x62, 0x0a, 0xfd, 0xc7, 0x70, 0x0a, 0x0b, 0x16, 0x73, 0x1d, 0x75, 0x0a, 0xf7, 0xa5,
0x06, 0x23, 0xfc, 0xe9, 0x05, 0xf8, 0x22, 0x06, 0xf3, 0xf8, 0xe9, 0x2b, 0x1d, 0x0b, 0xfa, 0x95,
0xf8, 0xef, 0x15, 0xfc, 0xf1, 0x06, 0x22, 0xfc, 0xef, 0x05, 0xfb, 0xa7, 0x38, 0x0a, 0xfa, 0x51,
0x06, 0x62, 0xfb, 0x79, 0x05, 0xfd, 0x3c, 0x06, 0x46, 0xfc, 0x20, 0x05, 0xf8, 0xf2, 0x06, 0x0b,
0x15, 0x7f, 0x1d, 0x78, 0x61, 0x74, 0x64, 0x71, 0x67, 0x70, 0x67, 0x6d, 0x6c, 0x69, 0x70, 0x68,
0x70, 0x65, 0x77, 0x61, 0x7c, 0x60, 0x7c, 0x5c, 0x84, 0x58, 0x8c, 0x0b, 0xf8, 0x11, 0x16, 0xfb,
0x7c, 0xfa, 0xce, 0xf7, 0xa1, 0x8c, 0xf7, 0x0b, 0xfd, 0x8e, 0x8d, 0x42, 0xa7, 0xdc, 0xf7, 0xed,
0xf9, 0x85, 0x05, 0xf7, 0xb7, 0x06, 0xfc, 0xcc, 0xfe, 0xce, 0x05, 0x0e, 0xfb, 0x93, 0x8c, 0x18,
0x8d, 0xa6, 0x89, 0xa4, 0x85, 0xa3, 0x85, 0xa2, 0x81, 0xa0, 0x7d, 0x9c, 0x7d, 0x9c, 0x79, 0x99,
0x76, 0x96, 0x76, 0x95, 0x72, 0x91, 0x6e, 0x8c, 0x0b, 0x28, 0x0a, 0xf9, 0xc7, 0x36, 0x1d, 0xfb,
0xa7, 0x06, 0xfb, 0x42, 0xfe, 0x7f, 0x05, 0xf7, 0xa8, 0x2c, 0x1d, 0x0b, 0x77, 0xb3, 0x6f, 0xac,
0x67, 0xac, 0x67, 0xa3, 0x60, 0x9b, 0x59, 0x9b, 0x58, 0x92, 0x53, 0x88, 0x4e, 0xfb, 0x9b, 0x8c,
0x18, 0x8c, 0xa5, 0x8a, 0xa3, 0x0b, 0x6a, 0x76, 0x6a, 0x74, 0x6b, 0x72, 0x6e, 0x71, 0x6e, 0x6f,
0x70, 0x6d, 0x72, 0x0b, 0x15, 0xf7, 0x35, 0xfc, 0x16, 0x05, 0xfb, 0x35, 0x06, 0xfb, 0x6a, 0xf8,
0x19, 0x8d, 0x9f, 0xf7, 0xe2, 0xf8, 0x1a, 0x05, 0xf7, 0x55, 0x06, 0x0b, 0x06, 0xb2, 0xf7, 0x76,
0x05, 0xf7, 0xbf, 0x06, 0xf7, 0x01, 0xf9, 0x09, 0x05, 0xfb, 0xbf, 0x06, 0xf8, 0x03, 0xf8, 0x87,
0x15, 0x0b, 0xf7, 0xb8, 0x2b, 0x0a, 0xf8, 0xd1, 0x06, 0xfb, 0x29, 0xfd, 0xec, 0x05, 0xf7, 0xb1,
0x2c, 0x1d, 0x0b, 0x99, 0x4e, 0x8c, 0x49, 0x8d, 0x4d, 0x7f, 0x52, 0x71, 0x51, 0x71, 0x58, 0x68,
0x5f, 0x5f, 0x08, 0x5e, 0x5f, 0x67, 0x58, 0x0b, 0x8a, 0xb8, 0x8a, 0xb3, 0x94, 0xac, 0xa0, 0xac,
0x9f, 0xa6, 0xa5, 0xa2, 0xac, 0xa1, 0xab, 0x9c, 0xaf, 0x98, 0xb3, 0x0b, 0x92, 0xb6, 0x8a, 0xb4,
0x8a, 0xb0, 0x83, 0xab, 0x7d, 0xaa, 0x7c, 0xa6, 0x78, 0xa0, 0x72, 0xa0, 0x72, 0x9a, 0x0b, 0x4f,
0x1d, 0x7e, 0x63, 0x82, 0x64, 0x86, 0x64, 0x0b, 0x1c, 0x04, 0x75, 0x73, 0x0a, 0x8c, 0x7e, 0x8d,
0x7e, 0x90, 0x80, 0x8f, 0x80, 0x91, 0x81, 0x94, 0x83, 0x08, 0x83, 0x93, 0x96, 0x87, 0x0b, 0x8f,
0x80, 0x95, 0x6b, 0x9c, 0x70, 0xa2, 0x76, 0xa2, 0x75, 0xac, 0x7f, 0xb6, 0x8a, 0x08, 0x0e, 0x05,
0xfb, 0xa9, 0x06, 0xfb, 0x4e, 0xf7, 0xf5, 0xfb, 0xba, 0xfb, 0xf5, 0x05, 0xfb, 0xc8, 0x06, 0x0b,
0x06, 0xb3, 0xf7, 0x76, 0x05, 0xf7, 0xa0, 0x06, 0xf7, 0x42, 0xfa, 0x7f, 0x05, 0xfb, 0xa1, 0x06,
0x0b, 0x06, 0xc6, 0xf8, 0x0a, 0x31, 0x0a, 0x50, 0xfc, 0x0a, 0x05, 0xf7, 0xf0, 0x06, 0x0b, 0x1b,
0x9c, 0x98, 0x8f, 0x92, 0x96, 0x1f, 0x96, 0x92, 0x93, 0x95, 0x92, 0x97, 0x91, 0x97, 0x0b, 0xf8,
0xed, 0x15, 0xfe, 0xd3, 0x06, 0xbf, 0xf7, 0x77, 0x05, 0xfa, 0xd3, 0x06, 0x0e, 0xdc, 0x18, 0xac,
0xbb, 0xa6, 0xbc, 0xa2, 0xbd, 0xa2, 0xbd, 0x9b, 0xc1, 0x95, 0xc4, 0x0b, 0xf7, 0x90, 0x1c, 0x05,
0xb0, 0x05, 0x0b, 0x05, 0xfc, 0x42, 0x06, 0xb3, 0xf7, 0x79, 0x05, 0x1c, 0x04, 0x75, 0x06, 0x0b,
0x08, 0xa7, 0xc5, 0x9d, 0xc7, 0x92, 0xc9, 0x92, 0xc4, 0x88, 0xc2, 0x7e, 0x0b, 0x8a, 0x5f, 0x80,
0x66, 0x76, 0x6c, 0x76, 0x6c, 0x70, 0x73, 0x6a, 0x78, 0x0b, 0x98, 0x78, 0x95, 0x78, 0x95, 0x73,
0x90, 0x6e, 0x8c, 0x6d, 0x8c, 0x0b, 0xc4, 0xa5, 0xbe, 0xae, 0xb8, 0xb8, 0xb7, 0xb8, 0xaf, 0xbe,
0xa7, 0x0b, 0x99, 0x7a, 0x9a, 0x7a, 0x9f, 0x7d, 0xa2, 0x81, 0xa2, 0x81, 0x0b, 0x60, 0x72, 0x5e,
0x77, 0x5b, 0x7d, 0x5a, 0x7d, 0x59, 0x85, 0x0b, 0x7c, 0x91, 0x7b, 0x8f, 0x7b, 0x8f, 0x7a, 0x8d,
0x78, 0x8c, 0x0b, 0x00, 0x00, 0x01, 0x00, 0x00, 0x00, 0x0a, 0x00, 0x32, 0x00, 0x34, 0x00, 0x04,
0x44, 0x46, 0x4c, 0x54, 0x00, 0x1a, 0x63, 0x79, 0x72, 0x6c, 0x00, 0x24, 0x67, 0x72, 0x65, 0x6b,
0x00, 0x24, 0x6c, 0x61, 0x74, 0x6e, 0x00, 0x24, 0x00, 0x04, 0x00, 0x00, 0x00, 0x00, 0xff, 0xff,
0x00, 0x00, 0x00, 0x00, 0x00, 0x00, 0x00, 0x00, 0x00, 0x00, 0x00, 0x00, 0x00, 0x01, 0x00, 0x01,
0xff, 0xff, 0x00, 0x0f, 0x04, 0xb2, 0x00, 0x00, 0x00, 0x00, 0xff, 0xae, 0x00, 0x14, 0x00, 0x4c,
0x00, 0x11, 0x00, 0x26, 0x00, 0x28, 0x00, 0x54, 0x00, 0x0f, 0x00, 0x52, 0x00, 0x4a, 0x00, 0x14,
0x00, 0x29, 0x00, 0x12, 0x00, 0x0f, 0x00, 0x4b, 0x00, 0x28, 0x00, 0x4b, 0x00, 0x16, 0x00, 0x3c,
0x00, 0x86, 0x00, 0x65, 0x00, 0xa7, 0x00, 0x7f, 0xff, 0xb8, 0x00, 0xba, 0xff, 0xf8, 0x00, 0x3d,
0x00, 0x26, 0x00, 0x62, 0x00, 0x5d, 0x00, 0x5c, 0x00, 0xa9, 0x00, 0x1a, 0x00, 0x20, 0x00, 0x68,
0x00, 0x30, 0x00, 0x23, 0x00, 0x58, 0xff, 0xe0, 0x00, 0x20, 0x00, 0x55, 0xff, 0xdc, 0x00, 0x5e,
0x00, 0xae, 0x00, 0x4a, 0x00, 0xa9, 0x00, 0x75, 0x00, 0x95, 0x00, 0x70, 0xff, 0xf1, 0x00, 0x00,
0x00, 0x14, 0x00, 0x7d, 0x00, 0xe9, 0x00, 0x03, 0x00, 0x37, 0x00, 0x13, 0x00, 0x4c, 0x00, 0x5d,
0x00, 0x7d, 0x00, 0x45, 0x00, 0x94, 0x01, 0xdf, 0x01, 0x3d, 0x01, 0x4f, 0x01, 0x3f, 0x01, 0x4d,
0x00, 0x8a, 0x00, 0xb1, 0x00, 0x68, 0xff, 0xc1, 0xff, 0xf8, 0x00, 0x31, 0x00, 0x08, 0x00, 0x0e,
0x00, 0x1b, 0xff, 0xdc, 0x00, 0x34, 0x00, 0x60, 0x00, 0x7b, 0x00, 0x0a, 0x00, 0x4d, 0xff, 0xf8,
0xff, 0xff, 0x01, 0x60, 0x01, 0x37, 0x00, 0xf3, 0x00, 0x5a, 0x00, 0xbe, 0x01, 0x4e, 0x01, 0x5c,
0x01, 0x08, 0x00, 0x16, 0x01, 0xf1, 0x01, 0xa3, 0x00, 0x01, 0x01, 0x05, 0x00, 0x3a, 0x00, 0x36,
0x01, 0xf8, 0x01, 0x4f, 0x02, 0x23, 0x02, 0x18, 0x01, 0x31, 0x01, 0x83, 0x01, 0x77, 0x00, 0xa6,
0x01, 0x3c, 0x00, 0xa3, 0x00, 0xf1, 0x00, 0xf1, 0x01, 0x24, 0x00, 0xc1, 0x01, 0x6e, 0x01, 0x1c,
0x00, 0x58, 0x00, 0x90, 0x00, 0x48, 0x00, 0x72, 0x00, 0x63, 0x00, 0x62, 0x00, 0x5c, 0x00, 0x88,
0x00, 0x4b, 0x00, 0x4e, 0x00, 0x48, 0x00, 0xb8, 0x00, 0x52, 0x01, 0x81, 0x00, 0x7d, 0x00, 0x60,
0x01, 0x66, 0x01, 0x42, 0x00, 0x8d, 0x00, 0x1e, 0x00, 0x4a, 0x00, 0x49, 0x00, 0xf0, 0x01, 0xc3,
0x00, 0x9e, 0x00, 0x06, 0x00, 0x24, 0x00, 0x29, 0xff, 0xdd, 0x01, 0x13, 0x00, 0xd7, 0x00, 0x08,
0xff, 0xae, 0xff, 0xae, 0xff, 0xae, 0xff, 0xae, 0xff, 0xae, 0xff, 0xae, 0x00, 0x4c, 0x00, 0x26,
0x00, 0x26, 0x00, 0x26, 0x00, 0x26, 0xff, 0xde, 0x00, 0x52, 0x00, 0x52, 0x00, 0x52, 0x00, 0x52,
0x00, 0x0f, 0x00, 0x4b, 0x00, 0x4b, 0x00, 0x4b, 0x00, 0x4b, 0xff, 0xae, 0x00, 0x4b, 0x00, 0x65,
0x00, 0x65, 0x00, 0x65, 0x00, 0x65, 0x00, 0xba, 0x00, 0xba, 0x00, 0x3d, 0x00, 0x3d, 0x00, 0x3d,
0x00, 0x3d, 0x00, 0x3d, 0x00, 0x3d, 0x00, 0x62, 0x00, 0x5c, 0x00, 0x5c, 0x00, 0x5c, 0x00, 0x5c,
0x00, 0x58, 0x00, 0x58, 0x00, 0x58, 0x00, 0x58, 0x00, 0x20, 0x00, 0x55, 0x00, 0x55, 0x00, 0x55,
0x00, 0x55, 0x00, 0x46, 0x00, 0x55, 0x00, 0x75, 0x00, 0x75, 0x00, 0x75, 0x00, 0x75, 0x00, 0x00,
0x00, 0x00, 0x02, 0x20, 0x01, 0xc8, 0x00, 0xef, 0x00, 0xea, 0x01, 0x74, 0x01, 0x78, 0x01, 0x1c,
0x00, 0xa1, 0xff, 0xf6, 0x00, 0x83, 0x00, 0x58, 0x00, 0x67, 0x00, 0x37, 0x00, 0x02, 0x00, 0x00,
0x01, 0x05, 0xff, 0xf6, 0xb8, 0x01, 0xff, 0x85, 0xb0, 0x04, 0x8d, 0x00
