// Generated by scripts/build_monospace_fallback.py; SIL OFL 1.1.
0x4f, 0x54, 0x54, 0x4f, 0x00, 0x0c, 0x00, 0x80, 0x00, 0x03, 0x00, 0x40, 0x43, 0x46, 0x46, 0x20,
0xe1, 0x54, 0xe1, 0x77, 0x00, 0x00, 0x05, 0xbc, 0x00, 0x00, 0x69, 0xea, 0x47, 0x53, 0x55, 0x42,
0x93, 0x15, 0x82, 0x16, 0x00, 0x00, 0x6f, 0xa8, 0x00, 0x00, 0x00, 0x36, 0x4f, 0x53, 0x2f, 0x32,
0x96, 0xf6, 0x8b, 0x3a, 0x00, 0x00, 0x01, 0x30, 0x00, 0x00, 0x00, 0x60, 0x63, 0x6d, 0x61, 0x70,
0x3e, 0x5e, 0xfc, 0x9e, 0x00, 0x00, 0x03, 0x80, 0x00, 0x00, 0x02, 0x1c, 0x67, 0x61, 0x73, 0x70,
0x00, 0x00, 0x00, 0x10, 0x00, 0x00, 0x6f, 0xe0, 0x00, 0x00, 0x00, 0x08, 0x68, 0x65, 0x61, 0x64,
0x0c, 0xf7, 0x7e, 0x96, 0x00, 0x00, 0x00, 0xcc, 0x00, 0x00, 0x00, 0x36, 0x68, 0x68, 0x65, 0x61,
0x0e, 0xa2, 0x0a, 0x18, 0x00, 0x00, 0x01, 0x04, 0x00, 0x00, 0x00, 0x24, 0x68, 0x6d, 0x74, 0x78,
0x41, 0xae, 0x3b, 0x42, 0x00, 0x00, 0x6f, 0xe8, 0x00, 0x00, 0x01, 0xc0, 0x6d, 0x61, 0x78, 0x70,
0x00, 0xdf, 0x50, 0x00, 0x00, 0x00, 0x01, 0x28, 0x00, 0x00, 0x00, 0x06, 0x6e, 0x61, 0x6d, 0x65,
0x2b, 0x3f, 0x46, 0x2f, 0x00, 0x00, 0x01, 0x90, 0x00, 0x00, 0x01, 0xf0, 0x70, 0x6f, 0x73, 0x74,
0xff, 0x63, 0x00, 0x64, 0x00, 0x00, 0x05, 0x9c, 0x00, 0x00, 0x00, 0x20, 0x70, 0x72, 0x65, 0x70,
0x68, 0x06, 0x8c, 0x85, 0x00, 0x00, 0x71, 0xa8, 0x00, 0x00, 0x00, 0x07, 0x00, 0x01, 0x00, 0x00,
0x00, 0x03, 0x00, 0x42, 0x52, 0x8f, 0xd5, 0xc4, 0x5f, 0x0f, 0x3c, 0xf5, 0x00, 0x0b, 0x08, 0x00,
0x00, 0x00, 0x00, 0x00, 0xc4, 0xf0, 0x11, 0x2e, 0x00, 0x00, 0x00, 0x00, 0xe4, 0x10, 0x21, 0xf1,
0xff, 0xb2, 0xfd, 0xd5, 0x05, 0x22, 0x08, 0x62, 0x00, 0x02, 0x00, 0x09, 0x00, 0x02, 0x00, 0x00,
0x00, 0x00, 0x00, 0x00, 0x00, 0x01, 0x00, 0x00, 0x08, 0x62, 0xfd, 0xd5, 0x00, 0x00, 0x04, 0xb2,
0xff, 0xb2, 0xff, 0x90, 0x05, 0x22, 0x08, 0x00, 0x01, 0x69, 0x00, 0x00, 0x00, 0x00, 0x00, 0x00,
0x00, 0x00, 0x00, 0x00, 0x00, 0x00, 0x00, 0x01, 0x00, 0x00, 0x50, 0x00, 0x00, 0xdf, 0x00, 0x00,
0x00, 0x04, 0x04, 0xb2, 0x01, 0x90, 0x00, 0x05, 0x00, 0x00, 0x05, 0x9a, 0x05, 0x33, 0x00, 0x00,
0x01, 0x1f, 0x05, 0x9a, 0x05, 0x33, 0x00, 0x00, 0x03, 0xd1, 0x00, 0x66, 0x02, 0x00, 0x00, 0x00,
0x00, 0x00, 0x00, 0x00, 0x00, 0x00, 0x00, 0x00, 0x00, 0x00, 0x00, 0x00, 0x00, 0xaf, 0x00, 0x00,
0x00, 0x4a, 0x00, 0x00, 0x00, 0x20, 0x00, 0x00, 0x00, 0x00, 0x70, 0x79, 0x72, 0x73, 0x00, 0x01,
0x00, 0x20, 0xff, 0xfd, 0x08, 0x62, 0xfd, 0xd5, 0x00, 0x00, 0x08, 0x62, 0x02, 0x2b, 0x00, 0x00,
0x00, 0x01, 0x00, 0x00, 0x00, 0x00, 0x04, 0x3a, 0x05, 0xb0, 0x00, 0x00, 0x00, 0x20, 0x00, 0x01,
0x00, 0x00, 0x00, 0x08, 0x00, 0x66, 0x00, 0x03, 0x00, 0x01, 0x04, 0x09, 0x00, 0x00, 0x00, 0xb4,
0x00, 0x00, 0x00, 0x03, 0x00, 0x01, 0x04, 0x09, 0x00, 0x01, 0x00, 0x14, 0x00, 0xb4, 0x00, 0x03,
0x00, 0x01, 0x04, 0x09, 0x00, 0x02, 0x00, 0x0c, 0x00, 0xc8, 0x00, 0x03, 0x00, 0x01, 0x04, 0x09,
0x00, 0x03, 0x00, 0x24, 0x00, 0xd4, 0x00, 0x03, 0x00, 0x01, 0x04, 0x09, 0x00, 0x04, 0x00, 0x22,
0x00, 0xf8, 0x00, 0x03, 0x00, 0x01, 0x04, 0x09, 0x00, 0x05, 0x00, 0x1a, 0x01, 0x1a, 0x00, 0x03,
0x00, 0x01, 0x04, 0x09, 0x00, 0x06, 0x00, 0x20, 0x01, 0x34, 0x00, 0x03, 0x00, 0x01, 0x04, 0x09,
0x00, 0x0e, 0x00, 0x36, 0x01, 0x54, 0x00, 0x43, 0x00, 0x6f, 0x00, 0x70, 0x00, 0x79, 0x00, 0x72,
0x00, 0x69, 0x00, 0x67, 0x00, 0x68, 0x00, 0x74, 0x00, 0x20, 0x00, 0x32, 0x00, 0x30, 0x00, 0x31,
0x00, 0x35, 0x00, 0x20, 0x00, 0x54, 0x00, 0x68, 0x00, 0x65, 0x00, 0x20, 0x00, 0x52, 0x00, 0x6f,
0x00, 0x62, 0x00, 0x6f, 0x00, 0x74, 0x00, 0x6f, 0x00, 0x20, 0x00, 0x4d, 0x00, 0x6f, 0x00, 0x6e,
0x00, 0x6f, 0x00, 0x20, 0x00, 0x50, 0x00, 0x72, 0x00, 0x6f, 0x00, 0x6a, 0x00, 0x65, 0x00, 0x63,
0x00, 0x74, 0x00, 0x20, 0x00, 0x41, 0x00, 0x75, 0x00, 0x74, 0x00, 0x68, 0x00, 0x6f, 0x00, 0x72,
0x00, 0x73, 0x00, 0x20, 0x00, 0x28, 0x00, 0x68, 0x00, 0x74, 0x00, 0x74, 0x00, 0x70, 0x00, 0x73,
0x00, 0x3a, 0x00, 0x2f, 0x00, 0x2f, 0x00, 0x67, 0x00, 0x69, 0x00, 0x74, 0x00, 0x68, 0x00, 0x75,
0x00, 0x62, 0x00, 0x2e, 0x00, 0x63, 0x00, 0x6f, 0x00, 0x6d, 0x00, 0x2f, 0x00, 0x67, 0x00, 0x6f,
0x00, 0x6f, 0x00, 0x67, 0x00, 0x6c, 0x00, 0x65, 0x00, 0x66, 0x00, 0x6f, 0x00, 0x6e, 0x00, 0x74,
0x00, 0x73, 0x00, 0x2f, 0x00, 0x72, 0x00, 0x6f, 0x00, 0x62, 0x00, 0x6f, 0x00, 0x74, 0x00, 0x6f,
0x00, 0x6d, 0x00, 0x6f, 0x00, 0x6e, 0x00, 0x6f, 0x00, 0x29, 0x00, 0x57, 0x00, 0x69, 0x00, 0x74,
0x00, 0x63, 0x00, 0x68, 0x00, 0x20, 0x00, 0x4d, 0x00, 0x6f, 0x00, 0x6e, 0x00, 0x6f, 0x00, 0x49,
0x00, 0x74, 0x00, 0x61, 0x00, 0x6c, 0x00, 0x69, 0x00, 0x63, 0x00, 0x57, 0x00, 0x69, 0x00, 0x74,
0x00, 0x63, 0x00, 0x68, 0x00, 0x4d, 0x00, 0x6f, 0x00, 0x6e, 0x00, 0x6f, 0x00, 0x2d, 0x00, 0x49,
0x00, 0x74, 0x00, 0x61, 0x00, 0x6c, 0x00, 0x69, 0x00, 0x63, 0x00, 0x2d, 0x00, 0x31, 0x00, 0x57,
0x00, 0x69, 0x00, 0x74, 0x00, 0x63, 0x00, 0x68, 0x00, 0x20, 0x00, 0x4d, 0x00, 0x6f, 0x00, 0x6e,
0x00, 0x6f, 0x00, 0x20, 0x00, 0x49, 0x00, 0x74, 0x00, 0x61, 0x00, 0x6c, 0x00, 0x69, 0x00, 0x63,
0x00, 0x56, 0x00, 0x65, 0x00, 0x72, 0x00, 0x73, 0x00, 0x69, 0x00, 0x6f, 0x00, 0x6e, 0x00, 0x20,
0x00, 0x33, 0x00, 0x2e, 0x00, 0x30, 0x00, 0x30, 0x00, 0x31, 0x00, 0x57, 0x00, 0x69, 0x00, 0x74,
0x00, 0x63, 0x00, 0x68, 0x00, 0x4d, 0x00, 0x6f, 0x00, 0x6e, 0x00, 0x6f, 0x00, 0x2d, 0x00, 0x49,
0x00, 0x74, 0x00, 0x61, 0x00, 0x6c, 0x00, 0x69, 0x00, 0x63, 0x00, 0x68, 0x00, 0x74, 0x00, 0x74,
0x00, 0x70, 0x00, 0x73, 0x00, 0x3a, 0x00, 0x2f, 0x00, 0x2f, 0x00, 0x6f, 0x00, 0x70, 0x00, 0x65,
0x00, 0x6e, 0x00, 0x66, 0x00, 0x6f, 0x00, 0x6e, 0x00, 0x74, 0x00, 0x6c, 0x00, 0x69, 0x00, 0x63,
0x00, 0x65, 0x00, 0x6e, 0x00, 0x73, 0x00, 0x65, 0x00, 0x2e, 0x00, 0x6f, 0x00, 0x72, 0x00, 0x67,
0x00, 0x00, 0x00, 0x02, 0x00, 0x00, 0x00, 0x03, 0x00, 0x00, 0x00, 0x14, 0x00, 0x03, 0x00, 0x01,
0x00, 0x00, 0x00, 0x14, 0x00, 0x04, 0x02, 0x08, 0x00, 0x00, 0x00, 0x3c, 0x00, 0x20, 0x00, 0x04,
0x00, 0x1c, 0x00, 0x2f, 0x00, 0x39, 0x00, 0x40, 0x00, 0x5a, 0x00, 0x60, 0x00, 0x7a, 0x00, 0x7e,
0x00, 0xff, 0x01, 0x31, 0x01, 0x53, 0x01, 0x78, 0x01, 0x92, 0x02, 0xc6, 0x02, 0xdc, 0x03, 0xbc,
0x20, 0x14, 0x20, 0x1a, 0x20, 0x1e, 0x20, 0x22, 0x20, 0x26, 0x20, 0x30, 0x20, 0x3a, 0x20, 0xac,
0x21, 0x22, 0x22, 0x12, 0x22, 0x1e, 0x22, 0x60, 0x22, 0x65, 0xff, 0xfd, 0xff, 0xff, 0x00, 0x00,
0x00, 0x20, 0x00, 0x30, 0x00, 0x3a, 0x00, 0x41, 0x00, 0x5b, 0x00, 0x61, 0x00, 0x7b, 0x00, 0xa0,
0x01, 0x31, 0x01, 0x52, 0x01, 0x78, 0x01, 0x92, 0x02, 0xc6, 0x02, 0xdc, 0x03, 0xbc, 0x20, 0x13,
0x20, 0x18, 0x20, 0x1c, 0x20, 0x20, 0x20, 0x26, 0x20, 0x30, 0x20, 0x39, 0x20, 0xac, 0x21, 0x22,
0x22, 0x12, 0x22, 0x1e, 0x22, 0x60, 0x22, 0x64, 0xff, 0xfd, 0xff, 0xff, 0x00, 0x00, 0x00, 0x06,
0x00, 0x00, 0xff, 0xc1, 0x00, 0x00, 0xff, 0xbb, 0x00, 0x00, 0x00, 0x00, 0xff, 0xa7, 0xfe, 0xf8,
0xff, 0x39, 0xfe, 0xc2, 0xfe, 0x0a, 0xfd, 0xf5, 0xfd, 0x22, 0xe0, 0x50, 0xe0, 0x4f, 0xe0, 0x4e,
0x00, 0x00, 0xe0, 0x38, 0xe0, 0x54, 0xe0, 0x3a, 0xe0, 0x2d, 0xdf, 0x69, 0xde, 0x64, 0xde, 0xbc,
0xde, 0x1b, 0xde, 0x1a, 0x00, 0x5b, 0x00, 0x01, 0x00, 0x3c, 0x00, 0x00, 0x00, 0x58, 0x00, 0x00,
0x00, 0x62, 0x00, 0x00, 0x00, 0x6a, 0x00, 0x70, 0x00, 0x00, 0x00, 0x00, 0x00, 0x00, 0x00, 0x00,
0x00, 0x00, 0x00, 0x00, 0x00, 0x00, 0x00, 0x00, 0x00, 0x00, 0x00, 0x00, 0x01, 0x1a, 0x00, 0x00,
0x00, 0x00, 0x00, 0x00, 0x00, 0x00, 0x00, 0x00, 0x00, 0x00, 0x00, 0x00, 0x00, 0x00, 0x00, 0x00,
0x00, 0x00, 0x00, 0x00, 0x00, 0x01, 0x00, 0x56, 0x00, 0x66, 0x00, 0x8e, 0x00, 0x50, 0x00, 0x83,
0x00, 0x8f, 0x00, 0x65, 0x00, 0x6d, 0x00, 0x6e, 0x00, 0x8d, 0x00, 0x75, 0x00, 0x5a, 0x00, 0x62,
0x00, 0x5b, 0x00, 0x81, 0x00, 0x5c, 0x00, 0x5d, 0x00, 0x7c, 0x00, 0x7a, 0x00, 0x7d, 0x00, 0x58,
0x00, 0x90, 0x00, 0x6f, 0x00, 0x82, 0x00, 0x70, 0x00, 0x93, 0x00, 0x61, 0x00, 0xce, 0x00, 0x71,
0x00, 0x85, 0x00, 0x72, 0x00, 0x94, 0x00, 0xdc, 0x00, 0x57, 0x00, 0x51, 0x00, 0x52, 0x00, 0x55,
0x00, 0x53, 0x00, 0x86, 0x00, 0x91, 0x00, 0xd3, 0x00, 0x89, 0x00, 0x43, 0x00, 0xd5, 0x00, 0x80,
0x00, 0xdd, 0x00, 0x8a, 0x00, 0xd2, 0x00, 0x8c, 0x00, 0x77, 0x00, 0x41, 0x00, 0x42, 0x00, 0xcf,
0x00, 0xd6, 0x00, 0x92, 0x00, 0x5f, 0x00, 0xd4, 0x00, 0x40, 0x00, 0x44, 0x00, 0xd7, 0x00, 0x46,
0x00, 0x45, 0x00, 0x47, 0x00, 0x59, 0x00, 0x98, 0x00, 0x95, 0x00, 0x96, 0x00, 0x9a, 0x00, 0x97,
0x00, 0x99, 0x00, 0x48, 0x00, 0x9b, 0x00, 0x9f, 0x00, 0x9c, 0x00, 0x9d, 0x00, 0x9e, 0x00, 0xa4,
0x00, 0xa1, 0x00, 0xa2, 0x00, 0xa3, 0x00, 0xa0, 0x00, 0xa5, 0x00, 0xa9, 0x00, 0xa6, 0x00, 0xa7,
0x00, 0xab, 0x00, 0xa8, 0x00, 0x78, 0x00, 0xaa, 0x00, 0xaf, 0x00, 0xac, 0x00, 0xad, 0x00, 0xae,
0x00, 0xb0, 0x00, 0x4d, 0x00, 0x4f, 0x00, 0xb5, 0x00, 0xb2, 0x00, 0xb3, 0x00, 0xb7, 0x00, 0xb4,
0x00, 0xb6, 0x00, 0x49, 0x00, 0xb8, 0x00, 0xbc, 0x00, 0xb9, 0x00, 0xba, 0x00, 0xbb, 0x00, 0xc0,
0x00, 0xbd, 0x00, 0xbe, 0x00, 0xbf, 0x00, 0x4c, 0x00, 0xc1, 0x00, 0xc5, 0x00, 0xc2, 0x00, 0xc3,
0x00, 0xc7, 0x00, 0xc4, 0x00, 0x79, 0x00, 0xc6, 0x00, 0xcb, 0x00, 0xc8, 0x00, 0xc9, 0x00, 0xca,
0x00, 0xcc, 0x00, 0x4e, 0x00, 0xcd, 0x00, 0x87, 0x00, 0x88, 0x00, 0x60, 0x00, 0x03, 0x00, 0x00,
0xff, 0xf6, 0x00, 0x00, 0xff, 0x6a, 0x00, 0x64, 0x00, 0x00, 0x00, 0x00, 0x00, 0x00, 0x00, 0x00,
0x00, 0x00, 0x00, 0x00, 0x00, 0x00, 0x00, 0x00, 0x00, 0x00, 0x00, 0x00, 0x01, 0x00, 0x04, 0x02,
0x00, 0x01, 0x01, 0x01, 0x11, 0x57, 0x69, 0x74, 0x63, 0x68, 0x4d, 0x6f, 0x6e, 0x6f, 0x2d, 0x49,
0x74, 0x61, 0x6c, 0x69, 0x63, 0x00, 0x01, 0x01, 0x01, 0x42, 0xf8, 0x24, 0x00, 0xf8, 0x25, 0x01,
0xf8, 0x26, 0x0c, 0x00, 0xf8, 0x27, 0x02, 0xf8, 0x28, 0x03, 0x81, 0x0c, 0x02, 0xfb, 0x2a, 0x0c,
0x03, 0xef, 0x0c, 0x04, 0x1e, 0x48, 0x82, 0x8c, 0x8f, 0x8b, 0x8b, 0x1e, 0x48, 0x82, 0x8c, 0x8f,
0x8b, 0x8b, 0x0c, 0x07, 0x3d, 0xfc, 0xbf, 0x1c, 0x05, 0x22, 0x1c, 0x08, 0x62, 0x05, 0x1c, 0x18,
0xef, 0x0f, 0x91, 0x1c, 0x58, 0xf8, 0x12, 0x1c, 0x1a, 0x1c, 0x11, 0x00, 0x0e, 0x01, 0x01, 0x09,
0x12, 0x1e, 0x22, 0x2a, 0x31, 0x41, 0x48, 0x4f, 0x52, 0x77, 0xcb, 0xdc, 0xe6, 0x6e, 0x6f, 0x74,
0x65, 0x71, 0x75, 0x61, 0x6c, 0x6c, 0x65, 0x73, 0x73, 0x65, 0x71, 0x75, 0x61, 0x6c, 0x67, 0x72,
0x65, 0x61, 0x74, 0x65, 0x72, 0x65, 0x71, 0x75, 0x61, 0x6c, 0x45, 0x75, 0x72, 0x6f, 0x69, 0x6e,
0x66, 0x69, 0x6e, 0x69, 0x74, 0x79, 0x75, 0x6e, 0x69, 0x46, 0x46, 0x46, 0x44, 0x6e, 0x6f, 0x6e,
0x62, 0x72, 0x65, 0x61, 0x6b, 0x69, 0x6e, 0x67, 0x73, 0x70, 0x61, 0x63, 0x65, 0x75, 0x6e, 0x69,
0x30, 0x30, 0x41, 0x44, 0x75, 0x6e, 0x69, 0x30, 0x33, 0x42, 0x43, 0x33, 0x2e, 0x31, 0x52, 0x6f,
0x62, 0x6f, 0x74, 0x6f, 0x20, 0x4d, 0x6f, 0x6e, 0x6f, 0x20, 0x69, 0x73, 0x20, 0x61, 0x20, 0x74,
0x72, 0x61, 0x64, 0x65, 0x6d, 0x61, 0x72, 0x6b, 0x20, 0x6f, 0x66, 0x20, 0x47, 0x6f, 0x6f, 0x67,
0x6c, 0x65, 0x2e, 0x43, 0x6f, 0x70, 0x79, 0x72, 0x69, 0x67, 0x68, 0x74, 0x20, 0x32, 0x30, 0x31,
0x35, 0x20, 0x54, 0x68, 0x65, 0x20, 0x52, 0x6f, 0x62, 0x6f, 0x74, 0x6f, 0x20, 0x4d, 0x6f, 0x6e,
0x6f, 0x20, 0x50, 0x72, 0x6f, 0x6a, 0x65, 0x63, 0x74, 0x20, 0x41, 0x75, 0x74, 0x68, 0x6f, 0x72,
0x73, 0x20, 0x68, 0x74, 0x74, 0x70, 0x73, 0x3a, 0x67, 0x69, 0x74, 0x68, 0x75, 0x62, 0x2e, 0x63,
0x6f, 0x6d, 0x67, 0x6f, 0x6f, 0x67, 0x6c, 0x65, 0x66, 0x6f, 0x6e, 0x74, 0x73, 0x72, 0x6f, 0x62,
0x6f, 0x74, 0x6f, 0x6d, 0x6f, 0x6e, 0x6f, 0x57, 0x69, 0x74, 0x63, 0x68, 0x20, 0x4d, 0x6f, 0x6e,
0x6f, 0x20, 0x49, 0x74, 0x61, 0x6c, 0x69, 0x63, 0x57, 0x69, 0x74, 0x63, 0x68, 0x20, 0x4d, 0x6f,
0x6e, 0x6f, 0x00, 0x77, 0x02, 0x00, 0x01, 0x00, 0x0e, 0x00, 0x12, 0x00, 0x2d, 0x01, 0x50, 0x01,
0x55, 0x02, 0x29, 0x02, 0xde, 0x02, 0xe7, 0x02, 0xef, 0x02, 0xf5, 0x02, 0xfa, 0x02, 0xff, 0x03,
0x70, 0x03, 0x75, 0x03, 0x8c, 0x03, 0xde, 0x03, 0xf3, 0x03, 0xf8, 0x03, 0xfd, 0x05, 0x4a, 0x05,
0x6d, 0x05, 0x72, 0x05, 0x78, 0x06, 0x74, 0x06, 0xb7, 0x06, 0xf4, 0x07, 0x1b, 0x07, 0x31, 0x07,
0x4d, 0x07, 0x54, 0x07, 0xbe, 0x07, 0xe4, 0x08, 0x15, 0x08, 0x47, 0x08, 0x6c, 0x08, 0x71, 0x08,
0x84, 0x08, 0x8b, 0x09, 0x01, 0x09, 0x36, 0x09, 0x68, 0x09, 0x6c, 0x09, 0x95, 0x09, 0xdd, 0x09,
0xfa, 0x0a, 0x16, 0x0a, 0x1c, 0x0a, 0x42, 0x0a, 0x54, 0x0a, 0x62, 0x0a, 0x6e, 0x0a, 0x78, 0x0a,
0x81, 0x0a, 0x89, 0x0a, 0x91, 0x0a, 0x9c, 0x0c, 0x72, 0x0d, 0x98, 0x0e, 0x51, 0x0f, 0x2c, 0x0f,
0xdd, 0x10, 0x6d, 0x10, 0xaa, 0x10, 0xc3, 0x11, 0x43, 0x11, 0x4a, 0x11, 0xbf, 0x11, 0xc2, 0x11,
0xfc, 0x12, 0x3f, 0x12, 0x78, 0x12, 0x7d, 0x12, 0xb3, 0x12, 0xca, 0x12, 0xfa, 0x13, 0x23, 0x13,
0x51, 0x13, 0x70, 0x13, 0x9a, 0x13, 0xc3, 0x13, 0xe9, 0x14, 0x0e, 0x14, 0x32, 0x14, 0x54, 0x14,
0x74, 0x14, 0x95, 0x14, 0xb4, 0x14, 0xd0, 0x14, 0xeb, 0x15, 0x04, 0x15, 0x1c, 0x15, 0x32, 0x15,
0x3a, 0x15, 0x4f, 0x15, 0x62, 0x15, 0x66, 0x15, 0x79, 0x15, 0x84, 0x15, 0x96, 0x15, 0xa8, 0x15,
0xb8, 0x15, 0xc9, 0x15, 0xda, 0x15, 0xeb, 0x15, 0xf9, 0x16, 0x08, 0x16, 0x16, 0x16, 0x23, 0x16,
0x30, 0x16, 0x3d, 0x16, 0x4a, 0x16, 0x57, 0x16, 0x64, 0x16, 0x71, 0x16, 0x7d, 0x16, 0x89, 0x16,
0x91, 0x16, 0x9c, 0x16, 0xa7, 0x15, 0xf7, 0x7b, 0x06, 0xfb, 0xc2, 0xfb, 0x9e, 0x05, 0xfb, 0x2a,
0x06, 0x0e, 0xf7, 0x49, 0x06, 0x0b, 0x15, 0x89, 0x70, 0xfb, 0x26, 0x8c, 0xfb, 0x0a, 0xf7, 0x2a,
0xfb, 0x40, 0xfb, 0x29, 0xfb, 0x2d, 0x8a, 0x8d, 0xa6, 0xf7, 0xa4, 0xf7, 0x82, 0x05, 0xf5, 0x06,
0x0e, 0xf9, 0x90, 0x16, 0x86, 0x9f, 0x88, 0x9f, 0x9e, 0x1a, 0x9e, 0x8c, 0x9f, 0x8d, 0x9f, 0x1e,
0x7b, 0x7d, 0x7b, 0x7e, 0x7a, 0x7e, 0x7a, 0x7e, 0x79, 0x80, 0x79, 0x80, 0x68, 0x77, 0x67, 0x7c,
0x64, 0x80, 0x64, 0x80, 0x62, 0x85, 0x60, 0x8c, 0x5e, 0x8c, 0x60, 0x92, 0x63, 0x9a, 0x62, 0x9a,
0x68, 0x9f, 0x6e, 0xa6, 0x6d, 0xa6, 0x74, 0xab, 0x7b, 0xb1, 0x08, 0x7a, 0xb1, 0x84, 0xb6, 0x8e,
0xbb, 0x8e, 0xba, 0x94, 0xb4, 0x9c, 0xaf, 0x9b, 0xaf, 0xa0, 0xab, 0xa5, 0xa6, 0xa5, 0xa6, 0xa9,
0xa1, 0xad, 0x9e, 0xad, 0x9e, 0xaf, 0x9a, 0xb2, 0x97, 0xb1, 0x96, 0xb3, 0x94, 0xb4, 0x90, 0x08,
0x90, 0xb4, 0xb3, 0x8d, 0xb3, 0x1b, 0xf7, 0x62, 0x8a, 0x98, 0xe1, 0x8f, 0xad, 0x89, 0xa9, 0x82,
0xa5, 0x19, 0x82, 0xa5, 0x7d, 0xa1, 0x78, 0x9d, 0x78, 0x9d, 0x75, 0x99, 0x70, 0x94, 0x70, 0x94,
0x6d, 0x90, 0x6a, 0x8c, 0x6e, 0x8c, 0x6f, 0x88, 0x70, 0x84, 0x6f, 0x84, 0x72, 0x81, 0x74, 0x7d,
0x74, 0x7d, 0x77, 0x79, 0x7a, 0x76, 0x7a, 0x75, 0x80, 0x71, 0x84, 0x6d, 0xfb, 0x49, 0x8a, 0x18,
0x91, 0xc2, 0x9d, 0xba, 0xa8, 0xb4, 0xa8, 0xb3, 0xb0, 0xac, 0xb6, 0xa6, 0xb6, 0xa6, 0xba, 0x9f,
0xbe, 0x98, 0xbe, 0x98, 0xbe, 0x91, 0xbc, 0x8a, 0xc2, 0x8a, 0xbe, 0x82, 0xba, 0x7b, 0xba, 0x7b,
0xb4, 0x74, 0xad, 0x6c, 0xac, 0x6c, 0xa5, 0x65, 0x9c, 0x5e, 0x08, 0x9c, 0x5e, 0x91, 0x58, 0x85,
0x51, 0x37, 0xfc, 0x8b, 0x18, 0x85, 0x66, 0x88, 0x67, 0x66, 0x1a, 0x8a, 0x66, 0x8f, 0x67, 0x94,
0x67, 0x89, 0x7a, 0x18, 0xfc, 0x7c, 0xf7, 0x20, 0x95, 0x1d, 0x96, 0xa6, 0x9a, 0xa5, 0x9a, 0x76,
0x1d, 0x7a, 0x84, 0x7c, 0x84, 0x7c, 0x82, 0x7c, 0x82, 0x7e, 0x80, 0x7f, 0x7f, 0x7d, 0x7c, 0x7f,
0x7b, 0x82, 0x78, 0x81, 0x78, 0x85, 0x75, 0x88, 0x72, 0x88, 0x6e, 0x8d, 0x72, 0x92, 0x75, 0x92,
0x75, 0x97, 0x79, 0x9b, 0x7c, 0x08, 0x9b, 0x7c, 0x9e, 0x7f, 0xa2, 0x83, 0xa2, 0x83, 0xa4, 0x87,
0xa6, 0x8a, 0x08, 0x0b, 0x05, 0xfb, 0x49, 0x06, 0x0b, 0xf8, 0xb0, 0x77, 0x15, 0x42, 0x8c, 0x4a,
0x9a, 0x54, 0xa8, 0x53, 0xa8, 0x5d, 0xb1, 0x67, 0xba, 0x67, 0xba, 0x71, 0xc2, 0x7c, 0xc9, 0x7b,
0xc9, 0x86, 0xcd, 0x91, 0xd0, 0x90, 0xb6, 0x18, 0x90, 0xba, 0x96, 0xba, 0x9a, 0xba, 0x9a, 0xb9,
0x9f, 0xb7, 0xa4, 0xb5, 0xa3, 0xb5, 0xa7, 0xb2, 0xac, 0xae, 0xab, 0xae, 0xaf, 0xaa, 0xb3, 0xa5,
0xb2, 0xa4, 0xb6, 0x9f, 0xba, 0x99, 0xb9, 0x99, 0xbc, 0x91, 0xbe, 0x8a, 0xd6, 0x89, 0xca, 0x7b,
0xbe, 0x6d, 0x08, 0xbe, 0x6c, 0xb4, 0x63, 0xa9, 0x5a, 0xa9, 0x5a, 0x9f, 0x53, 0x95, 0x4c, 0x95,
0x4c, 0x8c, 0x4a, 0x82, 0x48, 0x7e, 0x38, 0x18, 0xfd, 0x7d, 0x06, 0x86, 0x5f, 0x8c, 0x60, 0x94,
0x61, 0x93, 0x61, 0x9a, 0x65, 0xa0, 0x6a, 0xa0, 0x6a, 0xa8, 0x70, 0xae, 0x76, 0xae, 0x76, 0xb5,
0x80, 0xbc, 0x8a, 0xca, 0x89, 0xc5, 0x97, 0xc0, 0xa6, 0xc0, 0xa6, 0xba, 0xae, 0xb6, 0xb7, 0xf3,
0x33, 0x18, 0x5a, 0x46, 0x4b, 0x57, 0x3c, 0x68, 0x3b, 0x68, 0x3a, 0x7a, 0x37, 0x8c, 0x08, 0xf7,
0x18, 0xfa, 0x5e, 0x15, 0x5c, 0x8d, 0x61, 0x83, 0x66, 0x7a, 0x66, 0x79, 0x6a, 0x73, 0x6e, 0x6e,
0x6e, 0x6e, 0x71, 0x69, 0x76, 0x65, 0x76, 0x65, 0x79, 0x65, 0x7d, 0x64, 0xf8, 0xc8, 0x89, 0x18,
0x8f, 0x9d, 0x91, 0xb0, 0x8b, 0xae, 0x84, 0xae, 0x19, 0x84, 0xae, 0x7f, 0xaa, 0x78, 0xa6, 0x78,
0xa6, 0x73, 0xa2, 0x6e, 0x9c, 0x6e, 0x9c, 0x68, 0x94, 0x64, 0x8c, 0x08, 0x0b, 0xf7, 0x02, 0xf8,
0xb4, 0x15, 0x94, 0xd7, 0x9f, 0xd4, 0xaa, 0xd2, 0xaa, 0xd1, 0xb3, 0xc8, 0xbe, 0xbf, 0xba, 0xba,
0xc1, 0xb2, 0xca, 0xa8, 0xc9, 0xa8, 0xd1, 0x98, 0xd8, 0x89, 0xc1, 0x8a, 0xbc, 0x82, 0xb7, 0x7a,
0xb6, 0x7a, 0xb0, 0x74, 0xa9, 0x6f, 0xa4, 0x74, 0xa1, 0x71, 0x9f, 0x6d, 0x08, 0x9e, 0x6d, 0x9b,
0x6b, 0x97, 0x68, 0x9a, 0x61, 0x94, 0x5e, 0x90, 0x5c, 0x90, 0x5c, 0x8a, 0x5b, 0x86, 0x5b, 0x3c,
0x1d, 0x51, 0x8c, 0x57, 0x96, 0x5e, 0x9e, 0x5e, 0x9e, 0x64, 0xa5, 0x6a, 0xab, 0x76, 0xa2, 0x79,
0xa3, 0x7b, 0xa5, 0x08, 0x7a, 0xa5, 0x7e, 0xa6, 0x80, 0xa8, 0x7b, 0xb5, 0x81, 0xb8, 0x86, 0xba,
0x86, 0xba, 0x8b, 0xbc, 0x90, 0xbc, 0x08, 0xf7, 0x49, 0x16, 0x86, 0x5e, 0x8a, 0x5b, 0x90, 0x5a,
0x90, 0x5a, 0x97, 0x5e, 0x9f, 0x62, 0x9b, 0x6a, 0xa3, 0x70, 0xab, 0x76, 0xab, 0x75, 0xb2, 0x80,
0xba, 0x89, 0xc2, 0x89, 0xbc, 0x96, 0xb6, 0xa3, 0xb6, 0xa3, 0xaf, 0xaa, 0xaa, 0xb2, 0xa9, 0xb2,
0xa4, 0xb9, 0x9f, 0xc0, 0x08, 0x9f, 0xc0, 0x97, 0xb9, 0x8e, 0xb1, 0x8d, 0xa1, 0x18, 0x8b, 0x1d,
0x7a, 0xb2, 0x73, 0xab, 0x6b, 0xa5, 0x6b, 0xa4, 0x61, 0x99, 0x57, 0x8d, 0x80, 0x1d, 0x08, 0x56,
0x1d, 0x0b, 0xf7, 0xd1, 0x77, 0x1d, 0xfd, 0xeb, 0x50, 0x1d, 0x0b, 0x06, 0xf7, 0x91, 0x1c, 0x05,
0xb0, 0x05, 0x0b, 0x06, 0x70, 0xfb, 0x2c, 0x05, 0x0b, 0x18, 0xfb, 0x49, 0x06, 0x0b, 0x1c, 0xfa,
0x50, 0x05, 0x0b, 0xf8, 0x98, 0xf8, 0x0b, 0x15, 0xa0, 0xfb, 0x0c, 0xf8, 0x64, 0xf9, 0xcf, 0x05,
0xf7, 0x67, 0x06, 0xfd, 0x80, 0x1c, 0xfb, 0x1e, 0x77, 0x68, 0x74, 0x6a, 0x72, 0x6a, 0x19, 0x72,
0x6a, 0x6f, 0x6e, 0x6c, 0x72, 0x6c, 0x71, 0x69, 0x77, 0x66, 0x7c, 0x08, 0x7c, 0x66, 0x62, 0x83,
0x60, 0x1b, 0x78, 0x77, 0x8d, 0x8f, 0x78, 0x1f, 0x77, 0x8e, 0x77, 0x8f, 0x78, 0x8e, 0xb4, 0xf7,
0x2d, 0x18, 0x9a, 0x8a, 0x99, 0x89, 0x9a, 0x89, 0x08, 0x89, 0x9a, 0x99, 0x8a, 0x99, 0x1b, 0xa5,
0x8c, 0xa3, 0x91, 0xa1, 0x97, 0xa1, 0x97, 0x9f, 0x9a, 0x9d, 0x9d, 0x9d, 0x9d, 0x9b, 0x9f, 0x9a,
0xa1, 0x9a, 0xa0, 0x98, 0xa0, 0x98, 0x9e, 0xf2, 0xf7, 0x30, 0x18, 0xfb, 0xa3, 0xfa, 0x90, 0x05,
0xf7, 0x55, 0x06, 0x0b, 0x1c, 0x05, 0xb0, 0x05, 0x0b, 0x1c, 0x04, 0xb5, 0x1c, 0x05, 0xb0, 0x15,
0xfb, 0x3b, 0xfe, 0x6d, 0x81, 0x48, 0x77, 0x4c, 0x6c, 0x4f, 0x19, 0x71, 0x1d, 0x5e, 0x1d, 0x0b,
0xf8, 0x51, 0x77, 0x15, 0x4a, 0x8c, 0x57, 0x9a, 0x62, 0xa6, 0x62, 0xa6, 0x6b, 0xae, 0x75, 0xb6,
0x74, 0xb6, 0x7d, 0xbc, 0x86, 0xc2, 0x6e, 0x1d, 0xae, 0x8a, 0xab, 0x8e, 0xaa, 0x93, 0xa9, 0x92,
0xa7, 0x97, 0xa6, 0x9a, 0xa3, 0x9a, 0xa1, 0x9c, 0xa0, 0xa0, 0xa0, 0xa0, 0x9e, 0xa2, 0x9c, 0xa6,
0xf7, 0x1b, 0xf9, 0x9d, 0x18, 0xf7, 0x4a, 0x06, 0xfb, 0x50, 0xfe, 0xce, 0x05, 0xfb, 0x37, 0x06,
0xa2, 0xf7, 0x29, 0x60, 0x56, 0x5a, 0x62, 0x54, 0x6c, 0x19, 0x54, 0x6c, 0x4c, 0x7d, 0x45, 0x8c,
0x08, 0x0b, 0x7d, 0x1d, 0xfe, 0x04, 0x06, 0xa8, 0xf7, 0x34, 0x05, 0xf7, 0xf8, 0x06, 0xf7, 0x18,
0xf9, 0x8d, 0x05, 0xfb, 0xf9, 0x06, 0x0b, 0xf8, 0xee, 0x73, 0x1d, 0x0b, 0x1c, 0x05, 0x18, 0x15,
0x0b, 0xf9, 0xc6, 0xf7, 0xba, 0x15, 0x8e, 0x9f, 0x89, 0x9d, 0x86, 0x9a, 0x86, 0x9a, 0x83, 0x99,
0x80, 0x96, 0x80, 0x96, 0x7f, 0x94, 0x7e, 0x93, 0x7d, 0x93, 0x7c, 0x92, 0x7c, 0x91, 0x72, 0x95,
0x73, 0x93, 0x73, 0x91, 0x72, 0x91, 0x74, 0x91, 0x75, 0x90, 0x67, 0x94, 0x66, 0x97, 0x66, 0x99,
0x08, 0x66, 0x98, 0x68, 0x9c, 0x6c, 0xa0, 0x67, 0xa2, 0x6e, 0xa9, 0x75, 0xae, 0x74, 0xae, 0x81,
0xb5, 0x8d, 0xbd, 0x8d, 0xc8, 0x9e, 0xc0, 0xaf, 0xb9, 0xaf, 0xb9, 0xb5, 0xae, 0xbb, 0xa2, 0xb5,
0xa0, 0xb6, 0x9a, 0xb7, 0x95, 0xb7, 0x95, 0xb6, 0x90, 0xb7, 0x8a, 0x08, 0xbe, 0x8a, 0xbc, 0x83,
0xba, 0x7c, 0xba, 0x7c, 0xb4, 0x76, 0xae, 0x6f, 0xae, 0x6e, 0xa7, 0x68, 0xa0, 0x62, 0xa0, 0x61,
0x95, 0x5a, 0x8a, 0x54, 0xfb, 0x47, 0x8c, 0x18, 0xa9, 0x85, 0xa5, 0x80, 0xa2, 0x1e, 0x80, 0xa2,
0x7b, 0x9e, 0x78, 0x9b, 0x77, 0x9a, 0x74, 0x97, 0x72, 0x93, 0x71, 0x93, 0x70, 0x8f, 0x6f, 0x8c,
0x70, 0x8c, 0x70, 0x88, 0x6f, 0x85, 0x6e, 0x85, 0x71, 0x82, 0x72, 0x7e, 0x72, 0x7e, 0x76, 0x7a,
0x7a, 0x76, 0x7a, 0x76, 0x80, 0x71, 0x87, 0x6d, 0x08, 0x87, 0x6d, 0x90, 0x73, 0x99, 0x78, 0x98,
0x78, 0x9d, 0x7b, 0xa1, 0x80, 0xa1, 0x80, 0xa3, 0x82, 0xa6, 0x84, 0xa5, 0x84, 0xa3, 0x86, 0xa1,
0x86, 0xa6, 0x84, 0xa8, 0x84, 0xa8, 0x82, 0xa8, 0x82, 0xa8, 0x81, 0xa7, 0x7f, 0xa7, 0x7f, 0xa6,
0x7d, 0xa4, 0x7c, 0x08, 0xa4, 0x7b, 0xa0, 0x79, 0x9d, 0x76, 0x9d, 0x76, 0x99, 0x72, 0x95, 0x70,
0x95, 0x70, 0x8f, 0x6c, 0x8a, 0x69, 0x88, 0x51, 0x7b, 0x59, 0x6e, 0x61, 0x6e, 0x61, 0x66, 0x69,
0x5f, 0x71, 0x5f, 0x70, 0x5a, 0x78, 0x56, 0x7f, 0x56, 0x7e, 0x57, 0x86, 0x58, 0x8c, 0x08, 0x56,
0x8c, 0x57, 0x93, 0x5a, 0x9a, 0x59, 0x9a, 0x5f, 0xa2, 0x64, 0xa9, 0x64, 0xa8, 0x6d, 0xb0, 0x74,
0xb7, 0x74, 0xb6, 0x80, 0xbe, 0x8c, 0xc5, 0xf7, 0x48, 0x8a, 0x18, 0x8c, 0x68, 0x91, 0x6d, 0x98,
0x72, 0x98, 0x72, 0x9c, 0x76, 0xa0, 0x7b, 0xa0, 0x7a, 0xa4, 0x7f, 0xa8, 0x83, 0x08, 0x82, 0xa8,
0xa9, 0x87, 0xac, 0x1b, 0xa6, 0x8a, 0xa7, 0x8e, 0xa9, 0x90, 0xa9, 0x90, 0xa7, 0x94, 0xa6, 0x98,
0xa6, 0x97, 0xa2, 0x9c, 0x9e, 0xa0, 0x9e, 0xa0, 0x96, 0xa6, 0x90, 0xaa, 0x08, 0x0b, 0xfa, 0x4a,
0x16, 0xfb, 0x46, 0x06, 0xfb, 0xfe, 0xfa, 0xdc, 0xfb, 0x55, 0xfe, 0xdc, 0x05, 0xfb, 0x4b, 0x28,
0x1d, 0xf7, 0x46, 0x06, 0xf7, 0xfe, 0xfe, 0xda, 0xf7, 0x55, 0xfa, 0xda, 0x05, 0xf7, 0x4b, 0x06,
0x0b, 0xfa, 0x4b, 0x6b, 0x1d, 0x0b, 0x05, 0xfb, 0x49, 0x28, 0x1d, 0x0b, 0xfa, 0x90, 0xf7, 0x53,
0x15, 0x4c, 0x46, 0x41, 0x56, 0x38, 0x66, 0x37, 0x66, 0x31, 0x7a, 0x2c, 0x8e, 0x52, 0x8d, 0x57,
0x96, 0x5e, 0x9f, 0x5e, 0x9e, 0x63, 0xa5, 0x6a, 0xac, 0x69, 0xab, 0x6f, 0xb1, 0x74, 0xb6, 0x74,
0xb6, 0x7a, 0xb8, 0x7f, 0xbc, 0x7e, 0xbb, 0x84, 0xbd, 0x89, 0xbf, 0x08, 0x88, 0xbe, 0x8d, 0xbe,
0x92, 0xbc, 0xa5, 0xf7, 0x3d, 0x18, 0x94, 0xc0, 0x97, 0xc0, 0x9c, 0xc1, 0x9c, 0xc0, 0xa0, 0xbf,
0xa4, 0xbd, 0xa4, 0xbc, 0xa8, 0xba, 0xac, 0xb6, 0xac, 0xb6, 0xb1, 0xb0, 0xb6, 0xab, 0xb5, 0xaa,
0xba, 0xa4, 0xbe, 0x9d, 0xbe, 0x9c, 0xc4, 0x93, 0xc8, 0x8a, 0xcc, 0x8a, 0xc6, 0x7e, 0xbe, 0x74,
0x08, 0xbe, 0x74, 0xb6, 0x6b, 0xae, 0x63, 0xae, 0x63, 0xa5, 0x5c, 0x9e, 0x55, 0x9e, 0x55, 0x95,
0x51, 0x8c, 0x4c, 0x08, 0xfb, 0x45, 0x06, 0x88, 0xb1, 0x85, 0xaf, 0x81, 0xae, 0x81, 0xae, 0x7c,
0xa9, 0x78, 0xa6, 0x78, 0xa6, 0x72, 0xa0, 0x6d, 0x9b, 0x6c, 0x9a, 0x67, 0x94, 0x60, 0x8c, 0x5e,
0x8c, 0x63, 0x85, 0x67, 0x7d, 0x67, 0x7c, 0x6b, 0x78, 0x6e, 0x72, 0x6e, 0x72, 0x72, 0x6d, 0x75,
0x69, 0x08, 0x74, 0x69, 0x78, 0x67, 0x7b, 0x66, 0x7b, 0x65, 0x7e, 0x64, 0x80, 0x64, 0x80, 0x64,
0x82, 0x65, 0x85, 0x66, 0x6f, 0xfb, 0x40, 0x18, 0x86, 0x6a, 0x89, 0x69, 0x8a, 0x66, 0x8a, 0x66,
0x8e, 0x66, 0x90, 0x67, 0x90, 0x66, 0x93, 0x68, 0x97, 0x6a, 0x96, 0x69, 0x9b, 0x6d, 0xa0, 0x71,
0x9f, 0x70, 0xa4, 0x76, 0xa9, 0x7a, 0xa8, 0x7a, 0xaf, 0x81, 0xb5, 0x89, 0xc4, 0x88, 0xc2, 0x91,
0xc0, 0x9a, 0x08, 0xc0, 0x9a, 0xb9, 0xa7, 0xb4, 0xb5, 0xc4, 0xf7, 0xdb, 0x18, 0xfb, 0xb3, 0x06,
0xa6, 0xf7, 0x30, 0x05, 0xf8, 0x5f, 0x06, 0x0b, 0xf7, 0x3c, 0x16, 0x67, 0xfa, 0xce, 0x05, 0xf7,
0x30, 0x06, 0x8e, 0xfd, 0x51, 0x85, 0xfb, 0x1e, 0xc2, 0xf7, 0x33, 0xf7, 0xb0, 0xf9, 0x3c, 0x05,
0xf7, 0x09, 0x06, 0xba, 0xfd, 0x52, 0x89, 0xfb, 0x2e, 0xc0, 0xf7, 0x32, 0xf7, 0x83, 0xf9, 0x4e,
0x05, 0xf7, 0x38, 0x06, 0xfc, 0x2f, 0xfe, 0xce, 0x05, 0xfb, 0x22, 0x06, 0x59, 0xf9, 0x35, 0x8e,
0xf7, 0x2e, 0x51, 0xfb, 0x42, 0xfb, 0xa5, 0xfd, 0x21, 0x05, 0x0b, 0xf7, 0x29, 0x16, 0xc3, 0x2d,
0x1d, 0xf7, 0x3e, 0x06, 0x57, 0xfe, 0x4d, 0x85, 0x25, 0xac, 0xf1, 0xf7, 0xcc, 0xfa, 0x4d, 0x05,
0xf7, 0x32, 0x06, 0x99, 0xfe, 0x6b, 0x8c, 0x3e, 0x9f, 0xda, 0xf7, 0x92, 0xfa, 0x69, 0x05, 0xf7,
0x42, 0x06, 0xfc, 0x24, 0x2b, 0x1d, 0xfb, 0x4c, 0x06, 0x83, 0xfa, 0x60, 0x8a, 0xf7, 0x0d, 0x67,
0xfb, 0x04, 0xfb, 0xd2, 0xfe, 0x69, 0x05, 0x0b, 0xf7, 0x90, 0xf7, 0x31, 0x15, 0xf9, 0x6b, 0x06,
0x72, 0xfb, 0x31, 0x05, 0xfe, 0x3b, 0x06, 0xa0, 0xf7, 0x2d, 0xfa, 0x01, 0x1c, 0x04, 0x79, 0x05,
0xfd, 0x42, 0x06, 0xa5, 0xf7, 0x32, 0x05, 0xfa, 0x14, 0x06, 0x76, 0xfb, 0x2a, 0x05, 0x0b, 0xf7,
0xbc, 0xf7, 0x31, 0x15, 0xf9, 0x47, 0x06, 0x6f, 0xfb, 0x31, 0x05, 0xfd, 0xfb, 0x06, 0xf7, 0x90,
0x2d, 0x1d, 0x21, 0x1d, 0x0b, 0x89, 0x74, 0x18, 0x82, 0x42, 0x77, 0x45, 0x6e, 0x48, 0x6d, 0x48,
0x64, 0x50, 0x5c, 0x58, 0x5c, 0x58, 0x53, 0x62, 0x4b, 0x6d, 0x4a, 0x6d, 0x44, 0x7d, 0x3c, 0x8d,
0x0b, 0x81, 0x64, 0x83, 0x67, 0x85, 0x68, 0x0b, 0xfa, 0x37, 0xfa, 0xe4, 0x15, 0xab, 0x8a, 0xab,
0x89, 0xab, 0x88, 0xab, 0x87, 0xaa, 0x83, 0xaa, 0x80, 0x5d, 0xfb, 0x48, 0x18, 0x6b, 0x92, 0x6b,
0x91, 0x6b, 0x90, 0x6b, 0x90, 0x6b, 0x8d, 0x6a, 0x8c, 0x08, 0x66, 0x68, 0x87, 0x84, 0x6a, 0x1f,
0x6a, 0x83, 0x6c, 0x7f, 0x70, 0x7c, 0x68, 0x78, 0x6c, 0x73, 0x6f, 0x6c, 0x6e, 0x6c, 0x72, 0x68,
0x75, 0x63, 0xfb, 0x0c, 0xfd, 0x4b, 0x18, 0xfb, 0x49, 0x06, 0xf7, 0x4f, 0xfa, 0xce, 0x05, 0xf7,
0x40, 0x06, 0x73, 0xfb, 0x20, 0x85, 0x6b, 0xa4, 0xa8, 0xa6, 0xa6, 0xa8, 0xa3, 0x19, 0xa8, 0xa3,
0xa9, 0xa0, 0xab, 0x9c, 0xab, 0x9c, 0xad, 0x98, 0xaf, 0x94, 0x08, 0x94, 0xae, 0xb1, 0x8f, 0xb3,
0x1b, 0x0b, 0xf7, 0xd5, 0xf7, 0x2b, 0x15, 0xf9, 0x2b, 0x06, 0x72, 0xfb, 0x2b, 0x05, 0xfe, 0x16,
0x06, 0xa2, 0xf7, 0x24, 0xf9, 0x7b, 0xf9, 0xa5, 0x05, 0xfc, 0xf8, 0x06, 0xa3, 0xf7, 0x2d, 0x05,
0xf9, 0xeb, 0x06, 0x75, 0xfb, 0x1f, 0x05, 0x0b, 0xf8, 0xa4, 0xf9, 0x36, 0x15, 0xfb, 0x59, 0xfb,
0x53, 0x37, 0xfc, 0x77, 0x05, 0xfb, 0x4d, 0x28, 0x1d, 0xf7, 0x4d, 0x06, 0xfb, 0x0f, 0xfd, 0x50,
0xf7, 0x32, 0xf7, 0x39, 0xf8, 0x8f, 0xf8, 0xab, 0x05, 0xf7, 0x7e, 0x06, 0xfc, 0xfa, 0xfd, 0x1a,
0xf8, 0x11, 0xfd, 0xbe, 0x05, 0xfb, 0x63, 0x06, 0x0b, 0xb4, 0x98, 0xae, 0xa5, 0xa8, 0x1e, 0xa8,
0xa5, 0xae, 0x9a, 0xb6, 0x1b, 0xb4, 0x8c, 0xac, 0x7f, 0xa6, 0x71, 0x08, 0xa6, 0x71, 0x98, 0x69,
0x61, 0x1a, 0x60, 0x7d, 0x68, 0x6f, 0x70, 0x1e, 0x70, 0x6f, 0x69, 0x7e, 0x62, 0x1b, 0x62, 0x6a,
0x98, 0xa4, 0x71, 0x1f, 0x71, 0xa4, 0x7e, 0xac, 0xb2, 0x1a, 0x0b, 0xa4, 0xa2, 0xa7, 0x9e, 0xa8,
0x9b, 0xa8, 0x9b, 0xa9, 0x98, 0xac, 0x94, 0xab, 0x94, 0xad, 0x8f, 0xaf, 0x8a, 0xc8, 0x8a, 0xbf,
0x7e, 0xb4, 0x74, 0xb4, 0x74, 0xac, 0x6c, 0xa3, 0x64, 0xa3, 0x64, 0x9b, 0x5f, 0x93, 0x59, 0x0b,
0x8f, 0x1d, 0x91, 0x1d, 0x0b, 0x8d, 0xaf, 0x8b, 0xaf, 0x88, 0xb0, 0x88, 0xaf, 0x84, 0xae, 0x82,
0xae, 0x82, 0xad, 0x7d, 0xa9, 0x79, 0xa6, 0x0b, 0xae, 0x99, 0xab, 0x9f, 0xa6, 0xa5, 0x0b, 0x4f,
0x1d, 0x52, 0x8c, 0x58, 0x96, 0x60, 0xa0, 0x08, 0x5f, 0x9f, 0x65, 0xa6, 0x6c, 0xac, 0x6c, 0xac,
0x71, 0xb2, 0x77, 0xb7, 0x77, 0xb7, 0x7c, 0xb9, 0x81, 0xbc, 0x81, 0xbc, 0x86, 0xbc, 0x8a, 0xbe,
0x8a, 0xbe, 0x8d, 0xbc, 0x92, 0xba, 0xa5, 0xf7, 0x3a, 0x18, 0x94, 0xbe, 0x97, 0xc0, 0x9b, 0xc0,
0x9a, 0xc0, 0x9f, 0xbe, 0xa3, 0xbd, 0xa2, 0xbc, 0xa7, 0xba, 0xac, 0xb7, 0xab, 0xb7, 0xb0, 0xb1,
0xb4, 0xac, 0xb4, 0xab, 0xb8, 0xa4, 0xbe, 0x9d, 0xbd, 0x9d, 0xc2, 0x93, 0xc7, 0x8a, 0xc5, 0x8a,
0xbe, 0x80, 0xb7, 0x77, 0x08, 0xb6, 0x76, 0xb1, 0x70, 0xaa, 0x6a, 0xaa, 0x6a, 0xa5, 0x64, 0x9f,
0x5f, 0x9e, 0x5f, 0x9a, 0x5d, 0x95, 0x5a, 0x94, 0x5a, 0x91, 0x59, 0x8c, 0x58, 0x8c, 0x58, 0x88,
0x59, 0x84, 0x5c, 0x08, 0x0b, 0xf8, 0x93, 0x1c, 0x05, 0xb0, 0x15, 0xf2, 0xfd, 0x6a, 0xf8, 0x0a,
0xf9, 0x6a, 0x05, 0xf7, 0x78, 0x06, 0xfb, 0x90, 0x2b, 0x1d, 0xfb, 0x44, 0x06, 0xf1, 0xf8, 0xe2,
0xf7, 0x08, 0xf8, 0xda, 0xfc, 0x19, 0xfd, 0x93, 0x05, 0x22, 0x06, 0x20, 0xf9, 0x98, 0x30, 0xfc,
0xf1, 0x28, 0xfc, 0xd0, 0x05, 0xfb, 0x44, 0x28, 0x1d, 0x0b, 0xf9, 0x1a, 0xfa, 0x0a, 0x15, 0xf8,
0x1d, 0xf8, 0xce, 0x05, 0xf7, 0x73, 0x06, 0xfc, 0xa6, 0xfd, 0x6f, 0xf7, 0xc2, 0xfd, 0x69, 0x05,
0xfb, 0x5d, 0x06, 0xfb, 0x70, 0xf8, 0xd9, 0xfc, 0x28, 0xfc, 0xd9, 0x05, 0xfb, 0x74, 0x06, 0xf8,
0xb3, 0xf9, 0x7b, 0xfb, 0xba, 0xf9, 0x5d, 0x05, 0xf7, 0x5d, 0x06, 0x0e, 0x15, 0x41, 0x1d, 0x0b,
0x87, 0x66, 0x8c, 0x5c, 0x8c, 0x62, 0x94, 0x67, 0x9c, 0x66, 0x9b, 0x6c, 0xa1, 0x71, 0xa6, 0x70,
0xa6, 0x76, 0xab, 0x7a, 0xaf, 0x7a, 0xae, 0x7d, 0xb1, 0x82, 0xb3, 0x08, 0x82, 0xb2, 0x85, 0xb4,
0x89, 0xb4, 0x89, 0xb4, 0x8c, 0xb4, 0x8f, 0xb2, 0x0b, 0x93, 0x58, 0x8c, 0x57, 0x85, 0x54, 0xfb,
0x06, 0xfd, 0x3d, 0x2a, 0x1d, 0xf7, 0x07, 0xf9, 0x40, 0x8f, 0xae, 0x8b, 0xad, 0x87, 0xaa, 0x19,
0x87, 0xaa, 0x82, 0xa6, 0x7c, 0xa3, 0x7c, 0xa2, 0x77, 0x9e, 0x72, 0x99, 0x71, 0x98, 0x6a, 0x93,
0x64, 0x8c, 0x6c, 0x8c, 0x6e, 0x87, 0x70, 0x84, 0x6f, 0x83, 0x71, 0x80, 0x72, 0x7d, 0x72, 0x7c,
0x73, 0x7a, 0x75, 0x78, 0x74, 0x78, 0x77, 0x76, 0x78, 0x74, 0xfb, 0x1d, 0xfd, 0xa7, 0x2a, 0x1d,
0x0b, 0x88, 0x70, 0x89, 0x6f, 0x6e, 0x1a, 0x6e, 0x8d, 0x6e, 0x90, 0x6f, 0x1e, 0x8f, 0x6e, 0x92,
0x70, 0x94, 0x72, 0x94, 0x72, 0x96, 0x1d, 0xa4, 0x7f, 0xa8, 0x85, 0xad, 0x8a, 0x0b, 0x8a, 0xbc,
0x8a, 0xb6, 0x82, 0xb0, 0x7b, 0xb0, 0x7b, 0xaa, 0x76, 0xa6, 0x70, 0xa5, 0x70, 0xa0, 0x6b, 0x9c,
0x68, 0x9b, 0x68, 0x97, 0x65, 0x94, 0x63, 0x08, 0x93, 0x0b, 0x1c, 0x05, 0x84, 0x6a, 0x1d, 0x0b,
0x15, 0x82, 0x58, 0x7f, 0x57, 0x7c, 0x56, 0x7b, 0x56, 0x77, 0x57, 0x74, 0x5a, 0x73, 0x59, 0x6f,
0x5c, 0x6b, 0x5f, 0x6b, 0x5f, 0x67, 0x65, 0x62, 0x6b, 0x62, 0x6b, 0x5d, 0x72, 0x59, 0x79, 0x58,
0x79, 0x54, 0x83, 0x4f, 0x8c, 0x0b, 0x06, 0xa7, 0xf7, 0x34, 0x05, 0xf7, 0xdf, 0x06, 0xf7, 0x59,
0x1c, 0x04, 0x6f, 0x05, 0xfb, 0xe0, 0x06, 0x0b, 0x82, 0x7a, 0x84, 0x79, 0x87, 0x78, 0x86, 0x77,
0x88, 0x79, 0x8a, 0x7a, 0x08, 0x0b, 0x77, 0x77, 0x77, 0x77, 0x72, 0x80, 0x6c, 0x8a, 0x6c, 0x8a,
0x71, 0x0b, 0x05, 0xfb, 0x38, 0x06, 0x9e, 0xf7, 0x06, 0x7a, 0x79, 0x0b, 0xb4, 0x8a, 0xb6, 0x8a,
0xb3, 0x91, 0xae, 0x9a, 0x0b, 0xa1, 0xa6, 0xa3, 0xa3, 0xa5, 0xa2, 0x19, 0x0b, 0x79, 0x5a, 0x7f,
0x5a, 0x84, 0x5b, 0x08, 0x0b, 0xa6, 0x97, 0xac, 0x8c, 0xac, 0x8c, 0xa6, 0x81, 0xa0, 0x76, 0x0b,
0xf9, 0x9c, 0x78, 0x15, 0x70, 0x70, 0x8e, 0x91, 0x71, 0x1f, 0x70, 0x90, 0x73, 0x94, 0x74, 0x97,
0x74, 0x96, 0x76, 0x9a, 0x78, 0x9d, 0x78, 0x9d, 0x7b, 0xa1, 0x7e, 0xa4, 0x79, 0x76, 0x78, 0x77,
0x77, 0x79, 0x77, 0x79, 0x76, 0x7c, 0x75, 0x7e, 0x74, 0x7e, 0x73, 0x81, 0x72, 0x84, 0x71, 0x84,
0x70, 0x87, 0x6e, 0x8c, 0x08, 0x60, 0x8c, 0x65, 0x93, 0x6b, 0x9b, 0x6b, 0x9a, 0x71, 0xa0, 0x76,
0xa6, 0x76, 0xa6, 0x7b, 0xaa, 0x82, 0xaf, 0x82, 0xaf, 0x87, 0xb1, 0x8d, 0xb4, 0x8f, 0xc9, 0x9a,
0xc1, 0xa4, 0xb8, 0xa4, 0xb8, 0xab, 0xb0, 0xb3, 0xa9, 0xb3, 0xa8, 0xb9, 0xa1, 0xbf, 0x99, 0x08,
0x99, 0xbe, 0xc2, 0x92, 0xc4, 0x1b, 0xcd, 0x8a, 0xa5, 0xf7, 0x29, 0x8e, 0x9e, 0x8c, 0x9e, 0x8a,
0x9f, 0x19, 0x89, 0x9e, 0x87, 0x9d, 0x85, 0x9b, 0x84, 0x9b, 0x81, 0x98, 0x7e, 0x96, 0x7d, 0x95,
0x78, 0x90, 0x74, 0x8c, 0x73, 0x8c, 0x76, 0x87, 0x7a, 0x82, 0x79, 0x82, 0x7c, 0x80, 0x7f, 0x7c,
0x7e, 0x7c, 0x81, 0x79, 0x84, 0x78, 0x83, 0x78, 0x85, 0x77, 0x87, 0x76, 0xfb, 0x43, 0x93, 0x18,
0x90, 0xba, 0x96, 0xb5, 0x9e, 0xb1, 0x9d, 0xb0, 0xa3, 0xab, 0xa9, 0xa6, 0xa8, 0xa5, 0xae, 0x9f,
0xb3, 0x99, 0xb2, 0x99, 0xb7, 0x92, 0xba, 0x8a, 0x08, 0xb7, 0xb5, 0x84, 0x7c, 0xb2, 0x1f, 0xb2,
0x7c, 0xac, 0x6f, 0xa8, 0x61, 0xad, 0xac, 0xb0, 0xa5, 0xb3, 0x9e, 0xb2, 0x9e, 0xb7, 0x95, 0xbb,
0x8a, 0xc0, 0x8a, 0xb7, 0x80, 0xb0, 0x76, 0xb0, 0x76, 0xa8, 0x6f, 0xa1, 0x69, 0xa1, 0x68, 0x9a,
0x62, 0x94, 0x5c, 0x94, 0x5c, 0x8b, 0x58, 0x82, 0x54, 0x69, 0xfb, 0x69, 0x18, 0xfc, 0x7d, 0x06,
0x7f, 0x34, 0x87, 0x68, 0x8a, 0x68, 0x8e, 0x6a, 0x19, 0x8e, 0x6a, 0x93, 0x6d, 0x98, 0x72, 0x98,
0x71, 0x9e, 0x76, 0xa5, 0x7b, 0x08, 0x7b, 0xa4, 0xad, 0x83, 0xb4, 0x1b, 0x9d, 0x9c, 0x8d, 0x8e,
0x9c, 0x1f, 0x9b, 0x8e, 0x9b, 0x8f, 0x9a, 0x90, 0x9c, 0x91, 0x9c, 0x93, 0x9c, 0x94, 0x9b, 0x94,
0x9b, 0x94, 0x9b, 0x95, 0xae, 0xfb, 0x1e, 0x18, 0x78, 0x7c, 0x77, 0x7e, 0x75, 0x80, 0x74, 0x80,
0x74, 0x83, 0x73, 0x85, 0x73, 0x84, 0x73, 0x87, 0x72, 0x89, 0x08, 0x88, 0x72, 0x73, 0x8a, 0x74,
0x1b, 0xf7, 0x06, 0xfa, 0x5f, 0x15, 0x6a, 0x8c, 0x6e, 0x84, 0x73, 0x7c, 0x73, 0x7c, 0x77, 0x78,
0x7b, 0x74, 0x7a, 0x73, 0x7e, 0x71, 0x81, 0x6e, 0x80, 0x6e, 0x84, 0x6e, 0x86, 0x70, 0x7f, 0x45,
0x18, 0xf7, 0xd8, 0x06, 0x9d, 0xf7, 0x15, 0x8d, 0xa0, 0x8a, 0xa0, 0x88, 0xa0, 0x19, 0x88, 0xa0,
0x84, 0x9f, 0x82, 0x9d, 0x82, 0x9c, 0x7e, 0x9a, 0x7b, 0x96, 0x7a, 0x96, 0x77, 0x91, 0x72, 0x8c,
0x08, 0xfc, 0xf7, 0xfd, 0xcb, 0x15, 0x9a, 0x99, 0x8d, 0x8f, 0x98, 0x1f, 0x98, 0x8f, 0x98, 0x91,
0x98, 0x92, 0x98, 0x92, 0x97, 0x93, 0x96, 0x94, 0x96, 0x94, 0x96, 0x93, 0x96, 0x94, 0xbf, 0xf7,
0xbb, 0x18, 0x55, 0x06, 0x6a, 0x8a, 0x6c, 0x86, 0x6e, 0x80, 0x6d, 0x80, 0x70, 0x7b, 0x74, 0x78,
0x73, 0x78, 0x77, 0x73, 0x7c, 0x70, 0x7c, 0x70, 0x81, 0x6c, 0x87, 0x6a, 0x89, 0x78, 0x8c, 0x78,
0x8f, 0x7a, 0x8e, 0x7a, 0x92, 0x7b, 0x95, 0x7e, 0x94, 0x7e, 0x98, 0x80, 0x9a, 0x84, 0x08, 0x83,
0x9a, 0x9c, 0x87, 0xa0, 0x1b, 0x0b, 0xfa, 0xd5, 0xf9, 0x19, 0x4f, 0x1d, 0x50, 0x8c, 0x59, 0x96,
0x60, 0xa0, 0x08, 0x60, 0x9f, 0x65, 0xa6, 0x6b, 0xad, 0xfb, 0x20, 0xfb, 0x4f, 0x18, 0xfb, 0x2b,
0x06, 0xf7, 0x6f, 0xf7, 0xb9, 0x7b, 0xac, 0x7e, 0xad, 0x82, 0xb0, 0x19, 0x81, 0xb0, 0x84, 0xb0,
0x86, 0xb2, 0x86, 0xb1, 0x89, 0xb1, 0x8c, 0xb2, 0x8c, 0xb2, 0x8e, 0xb0, 0x90, 0xaf, 0xa5, 0xf7,
0x3a, 0x18, 0x93, 0xbe, 0x97, 0xc0, 0x9b, 0xc0, 0x9b, 0xc0, 0x9f, 0xbe, 0xa3, 0xbd, 0xa2, 0xbc,
0xa7, 0xba, 0xac, 0xb7, 0xab, 0xb7, 0xb0, 0xb1, 0xb4, 0xac, 0xb4, 0xab, 0xb8, 0xa4, 0xbe, 0x9d,
0xbd, 0x9d, 0xc2, 0x93, 0xc7, 0x8a, 0xb3, 0x8a, 0xb0, 0x86, 0xac, 0x81, 0x08, 0xac, 0x81, 0xa8,
0x7e, 0xa5, 0x7a, 0x9c, 0x80, 0x9c, 0x7e, 0x9a, 0x7d, 0x9a, 0x7c, 0x98, 0x7c, 0x98, 0x7b, 0xf7,
0x1a, 0xf7, 0x48, 0x18, 0xf7, 0x2b, 0x06, 0xfb, 0x71, 0xfb, 0xbb, 0x98, 0x6c, 0x95, 0x6a, 0x92,
0x69, 0x19, 0x92, 0x68, 0x91, 0x68, 0x8e, 0x68, 0x8e, 0x68, 0x8d, 0x68, 0x8a, 0x68, 0x8a, 0x68,
0x88, 0x68, 0x86, 0x6a, 0x08, 0xfd, 0xd6, 0xfb, 0x3b, 0x15, 0x88, 0x76, 0x88, 0x75, 0x89, 0x74,
0x08, 0x89, 0x73, 0x8a, 0x73, 0x73, 0x1a, 0x74, 0x8c, 0x73, 0x8e, 0x73, 0x1e, 0x8d, 0x73, 0x8e,
0x74, 0x90, 0x74, 0xf8, 0xfd, 0xf9, 0xcf, 0x18, 0x83, 0x9b, 0x82, 0x9a, 0x80, 0x99, 0x80, 0x99,
0x7e, 0x97, 0x7d, 0x95, 0x7a, 0x97, 0x79, 0x95, 0x76, 0x92, 0x76, 0x92, 0x74, 0x8e, 0x72, 0x8c,
0x60, 0x8c, 0x64, 0x85, 0x68, 0x7d, 0x8f, 0x1d, 0x08, 0x91, 0x1d, 0x3d, 0x1d, 0x08, 0xf9, 0x07,
0x8d, 0x15, 0x90, 0xac, 0x8e, 0xb0, 0x8d, 0xb3, 0x8d, 0xb2, 0x8a, 0xb3, 0x86, 0xb3, 0xfc, 0xf2,
0xfd, 0xbe, 0x18, 0x9e, 0x70, 0xa2, 0x76, 0xa7, 0x7b, 0xa7, 0x7a, 0xae, 0x82, 0x54, 0x1d, 0x45,
0x1d, 0xa6, 0xa4, 0xa3, 0xa9, 0xa0, 0xad, 0xa0, 0xad, 0x9d, 0xaf, 0x9a, 0xb1, 0x9a, 0xb0, 0x97,
0xb1, 0x95, 0xb2, 0x08, 0x95, 0xb2, 0x93, 0xb0, 0x91, 0xae, 0x08, 0x0b, 0xf8, 0xb3, 0x15, 0x90,
0xb8, 0x94, 0xb8, 0x98, 0xb8, 0x98, 0xb8, 0x9b, 0xb7, 0x9f, 0xb5, 0x9f, 0xb5, 0xa3, 0xb2, 0xa7,
0xaf, 0xa6, 0xaf, 0xab, 0xaa, 0xae, 0xa6, 0xae, 0xa6, 0xb2, 0x9f, 0xb6, 0x9a, 0xb6, 0x9a, 0xbb,
0x91, 0xbe, 0x8a, 0xac, 0x8a, 0xab, 0x87, 0xaa, 0x84, 0x08, 0xa9, 0x83, 0xa7, 0x7f, 0xa6, 0x7c,
0x9c, 0x81, 0x9b, 0x7f, 0x9a, 0x7e, 0x9a, 0x7e, 0x9a, 0x7b, 0x98, 0x7a, 0xf3, 0xf8, 0xc6, 0x18,
0x21, 0x1d, 0xfb, 0x9f, 0x1c, 0xfa, 0x00, 0x53, 0x1d, 0x7a, 0x7b, 0x79, 0x7d, 0x19, 0x78, 0x7c,
0x78, 0x7f, 0x78, 0x80, 0x6d, 0x7a, 0x6b, 0x7f, 0x6a, 0x83, 0x69, 0x83, 0x67, 0x4a, 0x1d, 0x08,
0xf7, 0x48, 0x16, 0x4c, 0x1d, 0xac, 0x8a, 0xaa, 0x8f, 0xa8, 0x94, 0xa8, 0x94, 0xa5, 0x98, 0xa3,
0x9c, 0x9e, 0x98, 0x9c, 0x9b, 0x9c, 0x9d, 0x08, 0x9c, 0x9c, 0x9a, 0x9e, 0x9a, 0x9f, 0xe2, 0xf8,
0x8d, 0x18, 0x81, 0xa2, 0x7f, 0xa0, 0x7e, 0x9e, 0x7d, 0x9d, 0x7b, 0x9a, 0x79, 0x98, 0x79, 0x98,
0x77, 0x95, 0x76, 0x92, 0x75, 0x92, 0x73, 0x8e, 0x72, 0x8c, 0x53, 0x8d, 0x5a, 0x80, 0x62, 0x73,
0x62, 0x73, 0x68, 0x6c, 0x6e, 0x64, 0x6e, 0x64, 0x75, 0x5f, 0x7a, 0x5b, 0x08, 0x7a, 0x5a, 0x7f,
0x5b, 0x85, 0x5b, 0x08, 0x0b, 0xf7, 0xe2, 0xfa, 0xcf, 0x15, 0x77, 0x24, 0xa7, 0xb1, 0xab, 0xa9,
0xaf, 0xa1, 0x19, 0xaf, 0xa1, 0xb5, 0x96, 0xbb, 0x8a, 0x08, 0xa0, 0x9e, 0x89, 0x87, 0x9e, 0x1f,
0x9e, 0x86, 0x9c, 0x84, 0x9b, 0x82, 0x9a, 0x82, 0x99, 0x7f, 0x97, 0x7c, 0x96, 0x7c, 0x94, 0x7a,
0x91, 0x77, 0xa7, 0xae, 0xab, 0xa7, 0xae, 0xa0, 0x08, 0xa0, 0xae, 0xb4, 0x95, 0xba, 0x1b, 0xb5,
0x8a, 0xae, 0x83, 0xa7, 0x7a, 0xa7, 0x7a, 0xa1, 0x75, 0x9b, 0x70, 0x9a, 0x6f, 0x96, 0x6c, 0x90,
0x68, 0x90, 0x68, 0x8b, 0x67, 0x88, 0x66, 0xfb, 0x1b, 0xfd, 0xbc, 0x18, 0xfb, 0x40, 0x06, 0xf7,
0x1c, 0xf9, 0xbf, 0x8d, 0x9e, 0x8b, 0x9c, 0x89, 0x9c, 0x19, 0x89, 0x9b, 0x87, 0x99, 0x84, 0x98,
0x84, 0x97, 0x80, 0x95, 0x7e, 0x92, 0x08, 0x92, 0x7d, 0x7a, 0x8e, 0x76, 0x1b, 0x77, 0x78, 0x88,
0x85, 0x7a, 0x1f, 0x7a, 0x84, 0x7b, 0x82, 0x7e, 0x7f, 0x80, 0x82, 0x82, 0x80, 0x83, 0x7e, 0x83,
0x7e, 0x85, 0x7d, 0x87, 0x7c, 0xfb, 0x22, 0xfd, 0xd6, 0x18, 0xfb, 0x40, 0x06, 0xf7, 0x1d, 0xf9,
0xc0, 0x8d, 0x9d, 0x8b, 0x9c, 0x8a, 0x9b, 0x19, 0x89, 0x9a, 0x87, 0x99, 0x84, 0x97, 0x84, 0x97,
0x81, 0x95, 0x7e, 0x92, 0x7e, 0x92, 0x7b, 0x8f, 0x77, 0x8c, 0x7a, 0x8c, 0x7b, 0x89, 0x7c, 0x87,
0x7c, 0x87, 0x7d, 0x85, 0x7f, 0x83, 0x80, 0x84, 0x81, 0x83, 0x82, 0x81, 0x81, 0x80, 0x82, 0x80,
0x83, 0x7e, 0xfb, 0x29, 0xfd, 0xf2, 0x18, 0xfb, 0x40, 0x06, 0xf7, 0x4f, 0xfa, 0xce, 0x05, 0x0b,
0xb9, 0x16, 0xf7, 0x90, 0x1c, 0x05, 0xb0, 0xf7, 0xd0, 0x8a, 0xcf, 0x8a, 0xc9, 0x80, 0xc2, 0x78,
0x19, 0xc2, 0x78, 0xbb, 0x70, 0xb5, 0x6a, 0xb2, 0x6d, 0xad, 0x66, 0xa7, 0x61, 0xa7, 0x60, 0xa0,
0x5c, 0x9b, 0x59, 0x99, 0x5c, 0x94, 0x59, 0x8f, 0x56, 0x8f, 0x56, 0x89, 0x54, 0x84, 0x52, 0x7c,
0x20, 0x18, 0x81, 0x4b, 0x7b, 0x4e, 0x76, 0x51, 0x76, 0x50, 0x70, 0x55, 0x6c, 0x5a, 0x6c, 0x5b,
0x68, 0x5f, 0x62, 0x63, 0x62, 0x63, 0x5f, 0x69, 0x5c, 0x70, 0x57, 0x6c, 0x52, 0x74, 0x4e, 0x7a,
0x08, 0x7a, 0x4d, 0x49, 0x83, 0x46, 0x1b, 0xd2, 0x32, 0x1d, 0xfb, 0x5c, 0x1c, 0xfb, 0x7f, 0xf7,
0x19, 0x8a, 0xc0, 0x8c, 0xbd, 0x92, 0xb9, 0x98, 0x19, 0xb9, 0x98, 0xb5, 0x9d, 0xb1, 0xa3, 0xb0,
0xa1, 0xad, 0xa6, 0xaa, 0xac, 0xa9, 0xab, 0xa5, 0xae, 0xa2, 0xb1, 0xa1, 0xb1, 0x9e, 0xb4, 0x9a,
0xb8, 0x9a, 0xb7, 0x97, 0xb9, 0x93, 0xba, 0x9b, 0xf7, 0x02, 0x18, 0x91, 0xb8, 0x8d, 0xb7, 0x8a,
0xb7, 0x8a, 0xb6, 0x85, 0xb5, 0x80, 0xb2, 0x83, 0xad, 0x7e, 0xab, 0x7a, 0xaa, 0x7a, 0xa9, 0x77,
0xa6, 0x72, 0xa2, 0x70, 0xa4, 0x6a, 0x9f, 0x65, 0x9a, 0x65, 0x9a, 0x5f, 0x93, 0x59, 0x8d, 0x08,
0x0b, 0x15, 0xd3, 0x8a, 0x9b, 0x8c, 0x9c, 0x8d, 0x9c, 0x90, 0x19, 0x9c, 0x8f, 0x9a, 0x91, 0x98,
0x93, 0x99, 0x94, 0x97, 0x96, 0x95, 0x98, 0x94, 0x98, 0x91, 0x9a, 0x8e, 0x9e, 0x8c, 0x9a, 0x8a,
0x98, 0x87, 0x96, 0x86, 0x96, 0x84, 0x94, 0x82, 0x92, 0x82, 0x92, 0x81, 0x91, 0x7f, 0x8f, 0x08,
0x8e, 0x7e, 0x7e, 0x8d, 0x7d, 0x1b, 0x6d, 0x71, 0x84, 0x7e, 0x74, 0x1f, 0x74, 0x7d, 0x7b, 0x76,
0x81, 0x6e, 0x08, 0xfb, 0x20, 0x06, 0x8e, 0xad, 0x95, 0xa9, 0x9c, 0xa4, 0x9b, 0xa4, 0x9f, 0x9f,
0xa3, 0x9c, 0xa4, 0x9c, 0xa6, 0x97, 0xa9, 0x93, 0xa9, 0x93, 0xaa, 0x8f, 0xab, 0x8a, 0x08, 0xa9,
0xa9, 0x87, 0x84, 0xa8, 0x1f, 0xa8, 0x83, 0xa4, 0x7f, 0xa2, 0x7b, 0xa1, 0x7b, 0x9d, 0x77, 0x98,
0x72, 0x98, 0x72, 0x91, 0x6e, 0x89, 0x69, 0x8a, 0x75, 0x86, 0x78, 0x83, 0x7a, 0x82, 0x7a, 0x80,
0x7c, 0x7e, 0x7e, 0x7e, 0x7e, 0x7d, 0x7f, 0x7a, 0x81, 0x7a, 0x80, 0x7a, 0x82, 0x79, 0x83, 0x08,
0x0b, 0x7c, 0xc5, 0x88, 0xc7, 0x92, 0xca, 0xf7, 0x3e, 0xfa, 0x6f, 0x18, 0xf7, 0x40, 0x06, 0xfb,
0x39, 0xfe, 0x6f, 0x86, 0x64, 0x8c, 0x64, 0x91, 0x64, 0x19, 0x91, 0x64, 0x97, 0x68, 0x9d, 0x6c,
0x9d, 0x6c, 0xa3, 0x71, 0xaa, 0x77, 0xa9, 0x76, 0xb0, 0x80, 0xb8, 0x8a, 0xba, 0x8a, 0xb7, 0x93,
0xb2, 0x9e, 0xb2, 0x9d, 0xad, 0xa4, 0xa8, 0xaa, 0xa8, 0xaa, 0xa2, 0x89, 0x1d, 0x0b, 0xf8, 0x20,
0xfa, 0x2c, 0x15, 0xa1, 0xa6, 0xa3, 0xa3, 0xa5, 0xa2, 0x42, 0x1d, 0x08, 0x4b, 0x1d, 0xf7, 0x9f,
0x1c, 0x06, 0x00, 0x05, 0x21, 0x1d, 0x0e, 0x15, 0x25, 0xfc, 0xdc, 0x05, 0xfb, 0x48, 0x06, 0xf7,
0x90, 0x1c, 0x05, 0xb0, 0xf8, 0x53, 0x8a, 0xc8, 0x89, 0xc4, 0x80, 0xbf, 0x76, 0x19, 0xbe, 0x76,
0xb7, 0x6d, 0xb0, 0x66, 0xaf, 0x66, 0xa6, 0x5e, 0x9e, 0x58, 0x9d, 0x57, 0x91, 0x51, 0x86, 0x4c,
0x85, 0x45, 0x79, 0x4d, 0x6c, 0x54, 0x6c, 0x54, 0x64, 0x5c, 0x5b, 0x65, 0x5a, 0x65, 0x54, 0x6e,
0x4e, 0x77, 0x08, 0x77, 0x4d, 0x4b, 0x81, 0x48, 0x1b, 0xfb, 0x9b, 0xf7, 0x2d, 0x15, 0xf7, 0xa0,
0x89, 0x05, 0xb7, 0xb5, 0x92, 0x99, 0xb2, 0x1f, 0xb2, 0x98, 0xaf, 0x9f, 0xaa, 0xa4, 0xaa, 0xa4,
0xa4, 0xa9, 0xa0, 0xaf, 0x9f, 0xaf, 0x98, 0xb3, 0x90, 0xb8, 0x90, 0xb1, 0x89, 0xaf, 0x83, 0xac,
0x82, 0xac, 0x7d, 0xa7, 0x78, 0xa4, 0x77, 0xa4, 0x72, 0x9f, 0x6d, 0x9a, 0x6c, 0x9a, 0x68, 0x93,
0x64, 0x8d, 0xfb, 0xb4, 0x8c, 0x18, 0x0e, 0xf9, 0x1c, 0xf8, 0x6b, 0x62, 0x1d, 0x0b, 0x15, 0xfb,
0x4a, 0x06, 0xf7, 0x3f, 0xfa, 0x6d, 0x05, 0xf7, 0x4a, 0x06, 0xfc, 0x47, 0x1c, 0xfa, 0xae, 0x15,
0x8c, 0x9c, 0x8e, 0x9a, 0x91, 0x9a, 0x90, 0x9a, 0x93, 0x97, 0x96, 0x95, 0x94, 0x94, 0x97, 0x93,
0x98, 0x91, 0x98, 0x90, 0x9a, 0x8e, 0x9b, 0x8c, 0x9b, 0x8c, 0x9a, 0x88, 0x99, 0x86, 0x99, 0x86,
0x97, 0x83, 0x95, 0x81, 0x95, 0x81, 0x93, 0x7f, 0x90, 0x7e, 0x08, 0x90, 0x7d, 0x8e, 0x7c, 0x7b,
0x1a, 0x7b, 0x88, 0x7d, 0x86, 0x7e, 0x1e, 0x85, 0x7e, 0x83, 0x7f, 0x82, 0x81, 0x81, 0x81, 0x7f,
0x83, 0x7d, 0x85, 0x7d, 0x85, 0x7c, 0x88, 0x7a, 0x8a, 0x7b, 0x8a, 0x7c, 0x8e, 0x7e, 0x90, 0x7d,
0x90, 0x7f, 0x92, 0x82, 0x94, 0x81, 0x94, 0x83, 0x97, 0x86, 0x98, 0x08, 0x85, 0x98, 0x88, 0x9a,
0x9b, 0x1a, 0x0b, 0x64, 0x1d, 0x0e, 0x30, 0x1d, 0xf8, 0x2f, 0xf8, 0x4e, 0x15, 0x8c, 0xab, 0x95,
0xa6, 0x9f, 0xa0, 0x9f, 0xa0, 0xa5, 0x96, 0xab, 0x8c, 0xaa, 0x8c, 0xa5, 0x82, 0x9f, 0x77, 0x08,
0x9f, 0x77, 0x95, 0x71, 0x6a, 0x1a, 0x6b, 0x81, 0x71, 0x77, 0x78, 0x1e, 0x77, 0x77, 0x71, 0x80,
0x6b, 0x8a, 0x6c, 0x8a, 0x71, 0x94, 0x77, 0x9e, 0x08, 0x76, 0x9e, 0x81, 0xa4, 0xab, 0x1a, 0x0b,
0xfa, 0xb4, 0x16, 0xfc, 0x98, 0x06, 0xc7, 0xf7, 0xf5, 0x05, 0xfb, 0xbb, 0x06, 0xfb, 0x4a, 0xfb,
0xf5, 0x05, 0xfb, 0x5d, 0x06, 0xf9, 0xb0, 0x2d, 0x1d, 0xf8, 0xcc, 0x29, 0x1d, 0xfb, 0xdb, 0x06,
0x3d, 0xfc, 0x6b, 0x05, 0xf7, 0xb8, 0x06, 0x71, 0xfb, 0x2b, 0x05, 0xfb, 0xb9, 0x06, 0x30, 0xfc,
0xa7, 0x05, 0xf7, 0xef, 0x06, 0xfd, 0x46, 0xf8, 0x0c, 0x15, 0xf7, 0x81, 0x06, 0xf7, 0x0b, 0xf9,
0x47, 0x05, 0x0b, 0x98, 0xd8, 0x89, 0xc3, 0x8a, 0xbf, 0x80, 0xba, 0x77, 0xba, 0x77, 0xb4, 0x70,
0xad, 0x69, 0xac, 0x68, 0xa5, 0x62, 0x9d, 0x5c, 0x08, 0x9d, 0x5b, 0x93, 0x57, 0x88, 0x52, 0xfb,
0x3e, 0x8c, 0x18, 0x8c, 0xac, 0x87, 0xaa, 0x82, 0xa8, 0x82, 0xa8, 0x7d, 0xa4, 0x78, 0xa1, 0x78,
0xa0, 0x73, 0x9c, 0x70, 0x98, 0x70, 0x98, 0x6c, 0x92, 0x68, 0x8c, 0x0b, 0xf9, 0xed, 0x4e, 0x1d,
0x0e, 0x8a, 0x08, 0x9e, 0x9d, 0x8d, 0x90, 0x9d, 0x1f, 0x9d, 0x90, 0x9c, 0x92, 0x9a, 0x95, 0x9a,
0x94, 0x97, 0x97, 0x96, 0x9a, 0x95, 0x9a, 0x91, 0x9c, 0x8e, 0x9f, 0x8e, 0xa0, 0x89, 0x9c, 0x85,
0x99, 0x84, 0x98, 0x82, 0x96, 0x7f, 0x93, 0x7e, 0x93, 0x7d, 0x91, 0x7b, 0x8e, 0x7a, 0x8e, 0x7a,
0x8d, 0x79, 0x8c, 0x34, 0x8c, 0x18, 0x0b, 0xf8, 0x6e, 0xf8, 0x8b, 0x15, 0x93, 0x1d, 0xf7, 0x9f,
0x1c, 0x06, 0x00, 0x05, 0xf7, 0x4a, 0x06, 0xfb, 0x36, 0xfe, 0x36, 0x79, 0x1d, 0x0b, 0x15, 0x85,
0x66, 0x82, 0x68, 0x7e, 0x68, 0x7e, 0x68, 0x7c, 0x69, 0x79, 0x6c, 0x78, 0x6a, 0x74, 0x6b, 0x72,
0x6e, 0x71, 0x6e, 0x6f, 0x70, 0x6c, 0x73, 0x2c, 0xd5, 0x18, 0xae, 0xb9, 0xa8, 0xbb, 0xa4, 0xbc,
0xa4, 0xbc, 0x9c, 0xc1, 0x96, 0xc4, 0xa5, 0xf7, 0x2a, 0x18, 0xf7, 0x45, 0x06, 0x0b, 0x16, 0xfb,
0x3f, 0x06, 0xf7, 0x09, 0xf9, 0x35, 0x05, 0xfc, 0xd6, 0x06, 0xfb, 0x09, 0xfd, 0x35, 0x05, 0xfb,
0x3e, 0x28, 0x1d, 0xf7, 0x3e, 0x06, 0xfb, 0x01, 0xfd, 0x06, 0x05, 0xf8, 0xd6, 0x06, 0xf7, 0x01,
0xf9, 0x06, 0x05, 0xf7, 0x3f, 0x06, 0x0b, 0x1b, 0x67, 0x68, 0x8d, 0x8e, 0x69, 0x1f, 0x68, 0x8e,
0x68, 0x8f, 0x68, 0x90, 0xa5, 0xf7, 0x2e, 0x18, 0xa9, 0x86, 0xa9, 0x87, 0xa9, 0x89, 0xa8, 0x88,
0xa9, 0x8a, 0xa9, 0x8a, 0xb6, 0x8a, 0xb2, 0x92, 0xae, 0x98, 0xad, 0x98, 0xa8, 0x9e, 0xa4, 0xa4,
0xa4, 0xa3, 0x9f, 0xa8, 0x0b, 0x08, 0x80, 0x97, 0x9b, 0x86, 0x9f, 0x1b, 0xa0, 0x9d, 0x86, 0x1d,
0x8f, 0x9e, 0x8e, 0x9d, 0x8c, 0x9c, 0x8e, 0xb7, 0x18, 0x8c, 0x9a, 0x8a, 0x9c, 0x8a, 0x9e, 0x8a,
0x9d, 0x87, 0x9c, 0x0b, 0x85, 0xc1, 0x8b, 0xc2, 0x91, 0xc2, 0xf7, 0x00, 0xf9, 0x17, 0x18, 0x21,
0x1d, 0x20, 0xfd, 0x1a, 0x87, 0x6a, 0x89, 0x69, 0x8a, 0x68, 0x19, 0x8a, 0x68, 0x90, 0x6b, 0x95,
0x6e, 0x94, 0x6e, 0x9b, 0x74, 0xa2, 0x78, 0xa2, 0x78, 0xab, 0x81, 0xb5, 0x8a, 0x0b, 0x86, 0x61,
0x18, 0x88, 0x6e, 0x89, 0x6e, 0x6d, 0x1a, 0x6d, 0x8e, 0x6e, 0x90, 0x6f, 0x1e, 0x90, 0x6e, 0x92,
0x70, 0x96, 0x72, 0x96, 0x71, 0x99, 0x75, 0x9d, 0x78, 0x9d, 0x78, 0xa1, 0x7b, 0xa5, 0x7f, 0xa4,
0x7f, 0xaa, 0x85, 0xae, 0x8a, 0x08, 0x0b, 0xfa, 0x57, 0xf9, 0x17, 0x15, 0xfc, 0xe0, 0x06, 0xfb,
0x04, 0xfd, 0x17, 0x05, 0xfb, 0x4a, 0x06, 0xf7, 0x90, 0x2d, 0x1d, 0xf9, 0xf9, 0x06, 0x6f, 0xfb,
0x32, 0x05, 0xfd, 0x41, 0x06, 0x34, 0xfc, 0x86, 0x05, 0xf8, 0xe0, 0x06, 0x0b, 0x6c, 0x4f, 0x65,
0x57, 0x5c, 0x5e, 0x5c, 0x5e, 0x56, 0x67, 0x4e, 0x71, 0x4e, 0x71, 0x4a, 0x7f, 0x44, 0x8c, 0x48,
0x8c, 0x50, 0x9a, 0x58, 0xa7, 0x58, 0xa6, 0x60, 0xb0, 0x6a, 0xb8, 0x69, 0xb8, 0x73, 0xbe, 0x7c,
0xc6, 0x0b, 0x66, 0xf9, 0x64, 0x8d, 0x18, 0x70, 0xfb, 0x2b, 0x05, 0xfe, 0x7d, 0x06, 0xa6, 0xf7,
0x2a, 0xcc, 0x8a, 0xa3, 0x94, 0x9f, 0x99, 0x9c, 0x9e, 0x19, 0x9c, 0x9d, 0x99, 0xa0, 0x96, 0xa2,
0x96, 0xa2, 0x93, 0xa4, 0x92, 0x0b, 0xf9, 0x6a, 0x15, 0xf8, 0x54, 0xf9, 0x6e, 0x05, 0xf7, 0x6b,
0x06, 0xfc, 0xf1, 0xfe, 0x30, 0x2c, 0xfc, 0xa8, 0x05, 0xfb, 0x3c, 0x06, 0xe9, 0xf8, 0xbe, 0xfb,
0xab, 0xfa, 0x1a, 0x05, 0xf7, 0x58, 0x06, 0x0b, 0xf8, 0x48, 0x16, 0xfb, 0x9a, 0xfa, 0xce, 0xf7,
0x42, 0x8c, 0xf7, 0x44, 0xfd, 0xc5, 0x90, 0x47, 0xa8, 0xd0, 0xf8, 0x3a, 0xf9, 0xc3, 0x05, 0xf7,
0x54, 0x06, 0xfc, 0xea, 0xfe, 0xce, 0x05, 0x0e, 0xf7, 0x15, 0x15, 0xac, 0x8a, 0xab, 0x90, 0xab,
0x95, 0xab, 0x94, 0xa8, 0x99, 0xa6, 0x9e, 0xa5, 0x9d, 0xa1, 0xa1, 0x9e, 0xa6, 0x9e, 0xa5, 0x98,
0xa8, 0x92, 0xac, 0xf7, 0x3f, 0x8c, 0x18, 0x85, 0x0b, 0xa4, 0x9c, 0xa2, 0xa0, 0xa2, 0x9f, 0x9f,
0xa1, 0x9d, 0xa4, 0xb2, 0xf7, 0x70, 0x18, 0xfb, 0x2f, 0x8c, 0x05, 0x66, 0x64, 0x89, 0x86, 0x62,
0x1f, 0x61, 0x86, 0x64, 0x82, 0x66, 0x7c, 0x0b, 0x1c, 0x05, 0xb0, 0x15, 0xf9, 0xeb, 0x06, 0x6e,
0xfb, 0x35, 0x05, 0xfb, 0xe6, 0x06, 0xfb, 0x59, 0x1c, 0xfb, 0x91, 0x05, 0xf7, 0xe7, 0x06, 0x6f,
0xfb, 0x34, 0x05, 0x0b, 0x15, 0x8c, 0xac, 0x95, 0xa6, 0xa0, 0xa1, 0xa0, 0xa0, 0xa6, 0x97, 0xac,
0x8c, 0xab, 0x8c, 0xa6, 0x81, 0xa0, 0x76, 0x08, 0xa0, 0x76, 0x95, 0x70, 0x6b, 0x1a, 0x0b, 0xf7,
0x19, 0xf7, 0x0f, 0xf8, 0x26, 0xf7, 0xf5, 0x05, 0xf7, 0x80, 0x06, 0xfc, 0x96, 0xfc, 0x60, 0xf8,
0x0c, 0xfd, 0x02, 0x05, 0xfb, 0x6b, 0x06, 0x0b, 0x15, 0xf7, 0x45, 0xfc, 0x17, 0x05, 0xfb, 0x10,
0x06, 0xfb, 0x76, 0xf8, 0x17, 0x8d, 0x9f, 0xf7, 0xf0, 0xf8, 0x19, 0x05, 0xf7, 0x2b, 0x06, 0x0b,
0xf9, 0x8e, 0x1c, 0x05, 0x88, 0x15, 0x3f, 0xfb, 0xfb, 0xfb, 0x1c, 0x8a, 0xc8, 0xf8, 0x13, 0x9b,
0xec, 0x05, 0xf7, 0x2e, 0x06, 0x0e, 0x4f, 0x87, 0x1d, 0x76, 0x54, 0x4e, 0x81, 0x0b, 0xf7, 0xac,
0xfa, 0xce, 0x15, 0xf8, 0xae, 0x06, 0xfb, 0x34, 0xfe, 0x2e, 0x05, 0xf7, 0xeb, 0x06, 0x6e, 0xfb,
0x34, 0x05, 0x0b, 0x05, 0xf7, 0xeb, 0x06, 0x6e, 0xfb, 0x34, 0x05, 0xfe, 0x04, 0x06, 0xa8, 0xf7,
0x34, 0x05, 0xf7, 0xf8, 0x06, 0x0b, 0x83, 0x1d, 0xbc, 0x0b, 0x53, 0x8d, 0x5a, 0x80, 0x60, 0x73,
0x60, 0x72, 0x67, 0x6b, 0x6d, 0x64, 0x6d, 0x64, 0x73, 0x5f, 0x79, 0x5a, 0x0b, 0x88, 0x5e, 0x8a,
0x7c, 0x8c, 0x7a, 0x8c, 0x79, 0x19, 0x8c, 0x0b, 0x15, 0x90, 0xb2, 0x95, 0xb1, 0x9b, 0xae, 0x9a,
0xae, 0xa0, 0xa9, 0xa4, 0xa5, 0xa4, 0xa5, 0xa9, 0x9f, 0x0b, 0xc2, 0x89, 0xbc, 0x96, 0xb6, 0xa3,
0xb6, 0xa3, 0xaf, 0xaa, 0xaa, 0xb2, 0xa9, 0xb2, 0xa3, 0xb6, 0x9d, 0x0b, 0xfa, 0x47, 0xf8, 0xc5,
0x15, 0xfd, 0x7b, 0x06, 0xa6, 0xf7, 0x2c, 0x05, 0xf9, 0x7b, 0x06, 0x0e, 0x05, 0xfb, 0x58, 0x06,
0xfb, 0x76, 0xf8, 0x2f, 0xfb, 0xf6, 0xfc, 0x2f, 0x05, 0xfb, 0x73, 0x06, 0x0b, 0x90, 0x96, 0x9a,
0x1f, 0x99, 0x96, 0x97, 0x98, 0x94, 0x9c, 0x94, 0x9b, 0x91, 0x9d, 0x90, 0x9e, 0x0b, 0x72, 0x56,
0x19, 0x72, 0x56, 0x6a, 0x5d, 0x63, 0x66, 0x63, 0x65, 0x5c, 0x6e, 0x55, 0x77, 0x08, 0x0b, 0xf9,
0x1f, 0x15, 0xfe, 0xb2, 0x06, 0xae, 0xf7, 0x2b, 0x05, 0xfa, 0xb2, 0x06, 0x0e, 0xaf, 0x9e, 0xb4,
0x9e, 0xb4, 0x98, 0xb4, 0x93, 0xb6, 0xf7, 0x40, 0xfa, 0x6e, 0x18, 0x0b, 0xb8, 0x9b, 0xb7, 0x9f,
0xb5, 0x9f, 0xb5, 0xa3, 0xb2, 0xa6, 0xaf, 0xa6, 0xaf, 0x0b, 0x90, 0xb5, 0x8c, 0xb7, 0x88, 0xb9,
0x88, 0xb9, 0x81, 0xb6, 0x7a, 0xb2, 0x0b, 0xa4, 0x77, 0xa8, 0x7a, 0xab, 0x7d, 0xaa, 0x7d, 0xaa,
0x7f, 0xa9, 0x80, 0x0b, 0xbc, 0x79, 0xbc, 0x75, 0xbb, 0x72, 0xba, 0x71, 0xb5, 0x6c, 0xb0, 0x68,
0x0b, 0x5c, 0xa4, 0x62, 0xa8, 0x67, 0xad, 0x66, 0xac, 0x6e, 0xb2, 0x76, 0xb8, 0x0b, 0x68, 0x7c,
0x6b, 0x77, 0x70, 0x72, 0x6f, 0x71, 0x73, 0x6d, 0x76, 0x6a, 0x0b, 0x70, 0x60, 0x6c, 0x64, 0x68,
0x68, 0x68, 0x67, 0x64, 0x6c, 0x61, 0x72, 0x0b, 0x76, 0x69, 0x78, 0x67, 0x7c, 0x66, 0x7c, 0x65,
0x7e, 0x65, 0x81, 0x64, 0x0b, 0x05, 0xfc, 0x49, 0x06, 0xa7, 0xf7, 0x32, 0x05, 0xfa, 0xad, 0x06,
0x0b, 0xfb, 0x37, 0xfb, 0x1d, 0x4c, 0xfc, 0x02, 0x05, 0xfb, 0x4a, 0x06, 0x0b, 0x93, 0x7a, 0x92,
0x7a, 0x92, 0x79, 0x90, 0x0b, 0x15, 0xac, 0x8a, 0xab, 0x8f, 0xaa, 0x93, 0xaa, 0x93, 0xa8, 0x0b,
0x98, 0x74, 0x9c, 0x78, 0x9c, 0x77, 0x9f, 0x7b, 0xa4, 0x7f, 0x0b, 0x01, 0x00, 0x01, 0x00, 0x00,
0x22, 0x19, 0x00, 0x42, 0x19, 0x00, 0x11, 0x09, 0x00, 0x96, 0x00, 0x00, 0xa4, 0x00, 0x00, 0xa9,
0x00, 0x00, 0x8b, 0x00, 0x00, 0x8f, 0x00, 0x00, 0x9b, 0x00, 0x00, 0x9e, 0x00, 0x00, 0xa3, 0x00,
0x00, 0x8a, 0x00, 0x00, 0x90, 0x00, 0x00, 0x8e, 0x00, 0x00, 0x94, 0x00, 0x00, 0xa7, 0x00, 0x00,
0x9d, 0x00, 0x00, 0xa2, 0x00, 0x00, 0x95, 0x00, 0x00, 0x05, 0x00, 0x00, 0x61, 0x01, 0x00, 0x64,
0x01, 0x00, 0x67, 0x00, 0x00, 0x02, 0x00, 0x00, 0x60, 0x00, 0x00, 0x20, 0x00, 0x00, 0x7b, 0x00,
0x00, 0x0d, 0x00, 0x00, 0x0f, 0x00, 0x00, 0x1b, 0x01, 0x00, 0x79, 0x00, 0x00, 0x72, 0x00, 0x00,
0x74, 0x00, 0x00, 0x40, 0x00, 0x00, 0x0e, 0x00, 0x00, 0x6f, 0x00, 0x00, 0x89, 0x00, 0x00, 0x68,
0x00, 0x00, 0x03, 0x00, 0x00, 0x41, 0x00, 0x00, 0x08, 0x00, 0x00, 0x75, 0x00, 0x00, 0x69, 0x00,
0x00, 0x77, 0x00, 0x00, 0x76, 0x00, 0x00, 0x09, 0x01, 0x00, 0x3c, 0x00, 0x00, 0x3e, 0x00, 0x00,
0x5c, 0x00, 0x00, 0x5e, 0x00, 0x00, 0x6b, 0x01, 0x00, 0x0c, 0x00, 0x00, 0xa6, 0x00, 0x00, 0x9c,
0x00, 0x00, 0xa8, 0x00, 0x00, 0x9f, 0x00, 0x00, 0x1e, 0x00, 0x01, 0x87, 0x00, 0x00, 0x1d, 0x00,
0x00, 0x1f, 0x00, 0x01, 0x88, 0x01, 0x00, 0x97, 0x00, 0x00, 0x10, 0x00, 0x00, 0x3d, 0x00, 0x00,
0x06, 0x00, 0x00, 0x7a, 0x00, 0x00, 0x5d, 0x00, 0x00, 0xa0, 0x00, 0x00, 0x70, 0x01, 0x00, 0xaa,
0x00, 0x00, 0xa5, 0x00, 0x00, 0x99, 0x00, 0x00, 0xa1, 0x00, 0x00, 0x0b, 0x00, 0x00, 0x04, 0x00,
0x00, 0x07, 0x00, 0x00, 0x21, 0x00, 0x00, 0x66, 0x00, 0x00, 0x73, 0x00, 0x00, 0x3f, 0x00, 0x00,
0x5f, 0x00, 0x00, 0xab, 0x0a, 0x00, 0x9a, 0x00, 0x00, 0xb6, 0x08, 0x00, 0x8d, 0x00, 0x00, 0xbf,
0x00, 0x00, 0xc1, 0x05, 0x00, 0xc8, 0x13, 0x00, 0x93, 0x00, 0x00, 0xdc, 0x00, 0x00, 0xde, 0x05,
0x00, 0x7c, 0x04, 0x00, 0x83, 0x00, 0x00, 0x85, 0x00, 0x00, 0x6a, 0x00, 0x00, 0x98, 0x00, 0x00,
0x78, 0x00, 0x00, 0x91, 0x00, 0x01, 0x8a, 0x05, 0x00, 0xdf, 0x02, 0x00, 0x01, 0x00, 0x02, 0x00,
0x03, 0x00, 0x06, 0x00, 0x08, 0x00, 0x0b, 0x00, 0x0e, 0x00, 0x11, 0x00, 0x14, 0x00, 0x17, 0x00,
0x1a, 0x00, 0x1d, 0x00, 0x1f, 0x00, 0x22, 0x00, 0x25, 0x00, 0x27, 0x00, 0x2a, 0x00, 0x2d, 0x00,
0x2f, 0x01, 0x74, 0x01, 0x77, 0x01, 0x7a, 0x01, 0x7d, 0x01, 0x80, 0x01, 0x9f, 0x01, 0xa2, 0x01,
0xa4, 0x01, 0xa7, 0x01, 0xaa, 0x01, 0xad, 0x02, 0xa2, 0x02, 0xa5, 0x02, 0xa7, 0x02, 0xaa, 0x03,
0x1e, 0x03, 0x21, 0x03, 0x23, 0x03, 0x25, 0x03, 0x27, 0x03, 0x2a, 0x03, 0x2d, 0x03, 0x30, 0x03,
0x33, 0x03, 0x36, 0x03, 0x38, 0x04, 0x42, 0x04, 0x45, 0x04, 0x48, 0x04, 0x4b, 0x04, 0x4e, 0x04,
0x50, 0x04, 0x53, 0x04, 0x55, 0x04, 0x58, 0x04, 0x5b, 0x05, 0xa7, 0x05, 0xc0, 0x06, 0x6d, 0x07,
0xa8, 0x07, 0xde, 0x08, 0xa7, 0x09, 0xd9, 0x09, 0xfa, 0x0b, 0x94, 0x0c, 0xd6, 0x0c, 0xef, 0x0d,
0x92, 0x0e, 0x6c, 0x0f, 0x95, 0x10, 0x6e, 0x11, 0x31, 0x11, 0x44, 0x11, 0xee, 0x11, 0xf0, 0x11,
0xf2, 0x12, 0xdc, 0x15, 0x0b, 0x16, 0x56, 0x16, 0xd9, 0x18, 0x01, 0x19, 0x38, 0x1a, 0x25, 0x1b,
0x13, 0x1b, 0xb0, 0x1c, 0x08, 0x1c, 0xc7, 0x1d, 0xf6, 0x1d, 0xf9, 0x1e, 0x2b, 0x1f, 0x0b, 0x1f,
0xea, 0x20, 0x08, 0x20, 0x0d, 0x20, 0x18, 0x20, 0x23, 0x20, 0x32, 0x20, 0x51, 0x20, 0xbd, 0x20,
0xcd, 0x20, 0xcf, 0x20, 0xd4, 0x20, 0xd6, 0x20, 0xd8, 0x20, 0xda, 0x20, 0xdf, 0x20, 0xe1, 0x20,
0xea, 0x20, 0xf5, 0x20, 0xfd, 0x21, 0x38, 0x21, 0xce, 0x22, 0x58, 0x22, 0x7b, 0x22, 0x9e, 0x23,
0x65, 0x24, 0x20, 0x24, 0x3c, 0x24, 0x41, 0x24, 0x69, 0x24, 0x6f, 0x24, 0xa1, 0x24, 0xd3, 0x25,
0x0f, 0x25, 0x2d, 0x25, 0x73, 0x25, 0x93, 0x25, 0xb2, 0x25, 0xd9, 0x25, 0xff, 0x26, 0x15, 0x26,
0x27, 0x26, 0x3a, 0x27, 0x9e, 0x29, 0x70, 0x29, 0x82, 0x29, 0xa0, 0x29, 0xca, 0x2a, 0x0e, 0x2b,
0xcb, 0x2d, 0x39, 0x2d, 0x82, 0x2e, 0x53, 0x2e, 0x8b, 0x2f, 0x07, 0x30, 0x35, 0x32, 0x78, 0x34,
0xe5, 0x35, 0x27, 0x35, 0x4a, 0x36, 0x1a, 0x36, 0x22, 0x36, 0x2a, 0x36, 0x32, 0x36, 0x45, 0x36,
0x4c, 0x36, 0x54, 0x36, 0x5c, 0x36, 0x63, 0x36, 0x6a, 0x36, 0x72, 0x36, 0x7a, 0x36, 0x7c, 0x36,
0x84, 0x36, 0x8c, 0x36, 0x94, 0x36, 0xa7, 0x36, 0xae, 0x36, 0xb6, 0x36, 0xbe, 0x36, 0xc6, 0x36,
0xcd, 0x36, 0xd0, 0x36, 0xd9, 0x36, 0xe0, 0x36, 0xe7, 0x36, 0xef, 0x36, 0xf6, 0x36, 0xfe, 0x37,
0x05, 0x37, 0x0e, 0x37, 0x11, 0x37, 0x19, 0x37, 0x21, 0x37, 0x29, 0x37, 0x32, 0x37, 0x39, 0x37,
0x41, 0x37, 0x49, 0x37, 0x51, 0x37, 0x59, 0x37, 0x61, 0x37, 0x69, 0x37, 0x71, 0x37, 0x79, 0x37,
0x82, 0x37, 0x8a, 0x37, 0x92, 0x37, 0x9a, 0x37, 0xad, 0x37, 0xb0, 0x37, 0xb8, 0x37, 0xc1, 0x37,
0xca, 0x37, 0xd2, 0x37, 0xdb, 0x37, 0xe3, 0x37, 0xea, 0x37, 0xfc, 0x38, 0x03, 0x38, 0x0a, 0x38,
0x11, 0x38, 0x18, 0x38, 0x1f, 0x38, 0x9c, 0x38, 0xa8, 0x38, 0xaa, 0x38, 0xc9, 0x38, 0xcc, 0x39,
0xcd, 0x3c, 0x2f, 0x3d, 0x15, 0x3d, 0x16, 0x3d, 0x18, 0x3d, 0x1a, 0x0e, 0x0e, 0x21, 0x0a, 0x0e,
0x3f, 0x0a, 0x2d, 0x0a, 0x0e, 0x5c, 0x1d, 0x0e, 0x24, 0x0a, 0x0e, 0x70, 0x1d, 0x0e, 0x37, 0x1d,
0x0e, 0x35, 0x1d, 0x0e, 0x27, 0x1d, 0x0e, 0x5b, 0x0a, 0x40, 0x1d, 0x0e, 0x3b, 0x1d, 0x0e, 0x42,
0x0a, 0x34, 0x1d, 0x0e, 0x26, 0x0a, 0x0e, 0x40, 0x0a, 0xfa, 0xed, 0xf9, 0x2c, 0x15, 0x82, 0x53,
0x7e, 0x54, 0x7a, 0x54, 0x7a, 0x54, 0x76, 0x56, 0x72, 0x59, 0x71, 0x59, 0x6c, 0x5c, 0x68, 0x5f,
0x68, 0x5f, 0x62, 0x64, 0x5c, 0x68, 0xf7, 0x63, 0xfb, 0x6a, 0x18, 0xfb, 0x1b, 0xfb, 0x05, 0xfb,
0x7f, 0xf7, 0x87, 0x76, 0x86, 0x75, 0x87, 0x76, 0x88, 0x19, 0x75, 0x88, 0x75, 0x8a, 0x75, 0x8c,
0x50, 0x8c, 0x57, 0x96, 0x5e, 0xa0, 0x5e, 0xa0, 0x65, 0xa6, 0x6c, 0xae, 0x6b, 0xad, 0x71, 0xb3,
0x77, 0xb8, 0x77, 0xb8, 0x7c, 0xbb, 0x81, 0xbd, 0x81, 0xbd, 0x86, 0xbe, 0x8a, 0xbf, 0x8a, 0xbf,
0x8e, 0xbd, 0x92, 0xbb, 0x9f, 0xf7, 0x14, 0x18, 0x94, 0xc0, 0x97, 0xc0, 0x9c, 0xc2, 0x9b, 0xc2,
0x9f, 0xc0, 0xa4, 0xbe, 0xa3, 0xbe, 0xa8, 0xbb, 0xac, 0xb8, 0xac, 0xb8, 0xb0, 0xb3, 0xb6, 0xac,
0xb5, 0xac, 0xba, 0xa4, 0xbf, 0x9e, 0xbe, 0x9e, 0xc4, 0x93, 0xc9, 0x8a, 0xc6, 0x8a, 0xc0, 0x80,
0xb8, 0x76, 0x08, 0xb8, 0x76, 0xb1, 0x6f, 0xab, 0x69, 0xab, 0x68, 0xa5, 0x63, 0x9f, 0x5e, 0x9f,
0x5e, 0x9a, 0x5b, 0x95, 0x59, 0x94, 0x58, 0x90, 0x58, 0x8c, 0x57, 0x8c, 0x56, 0x88, 0x59, 0x84,
0x5a, 0x08, 0xfb, 0x48, 0x8e, 0x15, 0x90, 0xab, 0x8e, 0xae, 0x8e, 0xb0, 0x8d, 0xb0, 0x8b, 0xb1,
0x88, 0xb1, 0x88, 0xb1, 0x85, 0xb0, 0x82, 0xaf, 0x82, 0xae, 0x7d, 0xab, 0x78, 0xa7, 0x78, 0xa6,
0x73, 0xa2, 0x6d, 0x9c, 0x6d, 0x9c, 0x66, 0x95, 0x60, 0x8c, 0x5e, 0x8c, 0x62, 0x85, 0x67, 0x7c,
0x08, 0x66, 0x7c, 0x6b, 0x76, 0x6e, 0x71, 0x6e, 0x70, 0x71, 0x6d, 0x76, 0x68, 0x75, 0x68, 0x78,
0x66, 0x7c, 0x64, 0x7b, 0x64, 0x7e, 0x63, 0x81, 0x63, 0x80, 0x63, 0x83, 0x65, 0x85, 0x66, 0x76,
0xfb, 0x17, 0x18, 0x86, 0x6c, 0x88, 0x68, 0x89, 0x66, 0x88, 0x65, 0x8c, 0x65, 0x8e, 0x65, 0x8e,
0x65, 0x91, 0x66, 0x94, 0x68, 0x94, 0x67, 0x9a, 0x6b, 0x9e, 0x6f, 0x9e, 0x6f, 0xa3, 0x74, 0xa9,
0x7a, 0xa8, 0x79, 0xb0, 0x81, 0xb6, 0x8a, 0xb9, 0x8a, 0xb4, 0x91, 0xb0, 0x9a, 0x08, 0xb0, 0x9a,
0xab, 0x9f, 0xa8, 0xa6, 0xa8, 0xa5, 0xa4, 0xaa, 0xa0, 0xae, 0xa0, 0xae, 0x9e, 0xb1, 0x9a, 0xb2,
0x9a, 0xb2, 0x98, 0xb2, 0x96, 0xb4, 0x95, 0xb3, 0x93, 0xb2, 0x91, 0xb0, 0x08, 0x0e, 0x39, 0x0a,
0x0e, 0x35, 0x0a, 0x0e, 0x34, 0x0a, 0x0e, 0x2e, 0x1d, 0x0e, 0xf8, 0x3c, 0x16, 0xfb, 0x6f, 0x2d,
0x1d, 0xf7, 0x50, 0x06, 0xf7, 0x1f, 0xfe, 0xcc, 0x95, 0x3f, 0xa9, 0xce, 0xf8, 0x78, 0xfa, 0xd5,
0x05, 0xf7, 0x5a, 0x06, 0xfd, 0x35, 0x2b, 0x1d, 0x0e, 0x39, 0x1d, 0x0e, 0x48, 0x1d, 0x31, 0x1d,
0x0e, 0x3a, 0x1d, 0x0e, 0x23, 0x1d, 0x0e, 0xfa, 0xab, 0xf8, 0xab, 0x15, 0x85, 0x5e, 0x82, 0x5f,
0x7f, 0x5e, 0x7e, 0x5e, 0x7b, 0x5f, 0x78, 0x62, 0x78, 0x62, 0x74, 0x64, 0x70, 0x67, 0x70, 0x67,
0x6d, 0x6c, 0x68, 0x70, 0x68, 0x70, 0x65, 0x77, 0x60, 0x7c, 0x60, 0x7c, 0x5c, 0x85, 0x58, 0x8c,
0x66, 0x8c, 0x67, 0x90, 0x69, 0x95, 0x08, 0x68, 0x94, 0x6c, 0x9a, 0x6f, 0x9e, 0x7b, 0x96, 0x7c,
0x98, 0x7d, 0x99, 0x7d, 0x99, 0x7e, 0x9b, 0x7f, 0x9d, 0x67, 0xfb, 0x10, 0x18, 0xfb, 0x3c, 0x06,
0xf7, 0x9f, 0x1c, 0x06, 0x00, 0x25, 0x0a, 0xfb, 0x00, 0xfc, 0xcf, 0x9a, 0x9c, 0x9b, 0x9a, 0x9c,
0x99, 0x19, 0x9b, 0x99, 0x9c, 0x97, 0x9d, 0x96, 0xaa, 0x9e, 0xac, 0x99, 0xae, 0x94, 0xae, 0x94,
0xb1, 0x8f, 0xb2, 0x4d, 0x1d, 0x62, 0x4f, 0x0a, 0xfb, 0x48, 0x8c, 0x15, 0x8f, 0xac, 0x8d, 0xae,
0xb0, 0x1a, 0x8a, 0xb0, 0x87, 0xae, 0x83, 0xad, 0x86, 0xa3, 0x84, 0xa1, 0x80, 0xa0, 0x80, 0x9f,
0x7e, 0x9e, 0x7c, 0x9c, 0x7c, 0x9c, 0x77, 0x98, 0x74, 0x94, 0x74, 0x94, 0x70, 0x90, 0x6c, 0x8c,
0x6c, 0x8c, 0x6e, 0x87, 0x70, 0x83, 0x70, 0x83, 0x73, 0x80, 0x74, 0x7c, 0x08, 0x74, 0x7c, 0x75,
0x79, 0x78, 0x76, 0x77, 0x76, 0x79, 0x75, 0x7a, 0x73, 0x39, 0xfc, 0x70, 0x18, 0x94, 0x73, 0x95,
0x75, 0x98, 0x78, 0x98, 0x78, 0x99, 0x7a, 0x9c, 0x7d, 0x9e, 0x7b, 0xa0, 0x7f, 0xa3, 0x82, 0xa3,
0x82, 0xa6, 0x86, 0xa8, 0x8a, 0xac, 0x8a, 0xaa, 0x8f, 0xa7, 0x94, 0xa7, 0x94, 0xa5, 0x97, 0xa2,
0x9b, 0xa1, 0x9a, 0x9f, 0x9e, 0x9e, 0xa1, 0x08, 0x9d, 0xa1, 0x9b, 0xa3, 0x99, 0xa5, 0x9d, 0xad,
0x9a, 0xaf, 0x96, 0xb2, 0x96, 0xb1, 0x94, 0xb1, 0x90, 0xb1, 0x08, 0x0e, 0x32, 0x0a, 0x0e, 0x55,
0x0a, 0x25, 0x1d, 0x0e, 0xf7, 0xe0, 0x16, 0xf7, 0x37, 0xfa, 0x3f, 0x05, 0xfb, 0xb6, 0x06, 0xa5,
0xf7, 0x23, 0x05, 0xf7, 0xb4, 0x06, 0x96, 0xd7, 0x94, 0xcb, 0x9c, 0xc5, 0xa5, 0xc0, 0x19, 0xa4,
0xbf, 0xac, 0xb8, 0xb4, 0xb0, 0xb3, 0xb0, 0xba, 0xa7, 0xc2, 0x9f, 0xc1, 0x9e, 0xc7, 0x95, 0xce,
0x8a, 0xb6, 0x8a, 0xb6, 0x87, 0xb5, 0x83, 0xb4, 0x83, 0xb5, 0x82, 0xb5, 0x80, 0x66, 0xfb, 0x2c,
0x18, 0x6a, 0x96, 0x6a, 0x94, 0x6a, 0x92, 0x69, 0x92, 0x69, 0x8e, 0x68, 0x8c, 0x60, 0x8c, 0x64,
0x85, 0x68, 0x7f, 0x68, 0x7f, 0x6d, 0x7a, 0x71, 0x74, 0x71, 0x74, 0x76, 0x6f, 0x7b, 0x6a, 0x7a,
0x6a, 0x80, 0x65, 0x84, 0x61, 0x80, 0x3e, 0x18, 0xf8, 0x29, 0x06, 0x72, 0xfb, 0x23, 0x05, 0xfc,
0x28, 0x06, 0xfb, 0x37, 0xfe, 0x3f, 0x05, 0x0e, 0x38, 0x0a, 0x0e, 0x5f, 0x1d, 0x63, 0x1d, 0x57,
0x0a, 0x69, 0x1d, 0x0e, 0x48, 0x0a, 0x0e, 0x5b, 0x1d, 0x0e, 0x36, 0x0a, 0x0e, 0x26, 0x1d, 0x0e,
0x54, 0x0a, 0xf7, 0x13, 0xf8, 0xb3, 0x15, 0x91, 0xb9, 0x94, 0xb9, 0x98, 0xb9, 0x98, 0x8a, 0x1d,
0xab, 0xaa, 0xae, 0xa5, 0xae, 0xa5, 0xb3, 0x9f, 0xb7, 0x9a, 0xb6, 0x99, 0xbb, 0x91, 0xc0, 0x8a,
0xaa, 0x8a, 0xaa, 0x88, 0xa9, 0x84, 0x08, 0xa8, 0x84, 0xa7, 0x80, 0xa4, 0x7d, 0x9e, 0x81, 0x9c,
0x7f, 0x9c, 0x7d, 0x9c, 0x7d, 0x9a, 0x7b, 0x99, 0x78, 0xab, 0xf7, 0x00, 0x18, 0xf7, 0x3c, 0x06,
0xfb, 0x98, 0x1c, 0xfa, 0x26, 0x24, 0x1d, 0xed, 0xf8, 0x96, 0x79, 0x7a, 0x78, 0x7b, 0x78, 0x7e,
0x19, 0x77, 0x7e, 0x77, 0x7f, 0x76, 0x81, 0x70, 0x7e, 0x6e, 0x82, 0x6d, 0x85, 0x6d, 0x84, 0x6c,
0x88, 0x6a, 0x8c, 0x5b, 0x8c, 0x61, 0x94, 0x66, 0x9b, 0x66, 0x9b, 0x6c, 0xa1, 0x70, 0xa6, 0x70,
0xa6, 0x75, 0xaa, 0x7a, 0xae, 0x7a, 0xae, 0x7e, 0xb1, 0x82, 0xb3, 0x08, 0x82, 0xb2, 0x85, 0xb4,
0x89, 0xb5, 0x89, 0xb5, 0x8c, 0xb4, 0x90, 0xb3, 0x08, 0xf7, 0x48, 0x16, 0x88, 0x70, 0x89, 0x6f,
0x6e, 0x1a, 0x6d, 0x8d, 0x6e, 0x90, 0x6e, 0x1e, 0x8f, 0x6e, 0x92, 0x70, 0x95, 0x71, 0x94, 0x71,
0x98, 0x74, 0x9c, 0x77, 0x9c, 0x77, 0x9f, 0x7b, 0xa4, 0x7f, 0xa4, 0x7e, 0xa8, 0x85, 0xae, 0x8a,
0xa7, 0x8a, 0xa5, 0x8f, 0xa4, 0x92, 0xa4, 0x92, 0xa2, 0x94, 0xa1, 0x98, 0xa1, 0x98, 0xa0, 0x9a,
0x9e, 0x9d, 0x08, 0x9e, 0x9c, 0x9e, 0x9f, 0x9c, 0xa0, 0xe9, 0xf8, 0xac, 0x18, 0x80, 0xa0, 0x7f,
0x9f, 0x7e, 0x9c, 0x7d, 0x9c, 0x7b, 0x99, 0x7a, 0x97, 0x7a, 0x98, 0x77, 0x94, 0x76, 0x92, 0x75,
0x92, 0x74, 0x8e, 0x72, 0x8c, 0x65, 0x8c, 0x68, 0x87, 0x6c, 0x80, 0x6c, 0x80, 0x6e, 0x7b, 0x72,
0x77, 0x70, 0x76, 0x73, 0x71, 0x76, 0x6c, 0x08, 0x76, 0x6c, 0x79, 0x6b, 0x7d, 0x6a, 0x80, 0x6f,
0x81, 0x6e, 0x84, 0x6e, 0x83, 0x6e, 0x85, 0x6e, 0x88, 0x6e, 0x08, 0x0e, 0x3e, 0x1d, 0x0e, 0x33,
0x1d, 0x0e, 0x41, 0x0a, 0x0e, 0x2f, 0x1d, 0x0e, 0x74, 0x1d, 0x38, 0x1d, 0x0e, 0x45, 0x0a, 0x2c,
0x1d, 0x0e, 0x3f, 0x1d, 0x0e, 0xfa, 0xaf, 0xf8, 0xc3, 0x15, 0x84, 0x5a, 0x80, 0x5a, 0x7d, 0x5b,
0x7d, 0x5a, 0x79, 0x5e, 0x76, 0x60, 0x71, 0x57, 0x6b, 0x5b, 0x66, 0x60, 0x65, 0x60, 0x5f, 0x68,
0x59, 0x71, 0x6a, 0x7a, 0x68, 0x7f, 0x65, 0x82, 0x64, 0x82, 0x62, 0x88, 0x5e, 0x8c, 0x56, 0x8c,
0x5c, 0x94, 0x62, 0x9c, 0x08, 0x62, 0x9b, 0x67, 0xa1, 0x6e, 0xa6, 0x6d, 0xa6, 0x73, 0xab, 0x78,
0xb0, 0x78, 0xb0, 0x7d, 0xb2, 0x82, 0xb6, 0x81, 0xb5, 0x85, 0xb7, 0x8a, 0xb9, 0x8a, 0xb9, 0x8d,
0xb9, 0x91, 0xb9, 0xc1, 0xf7, 0xe9, 0x18, 0x92, 0xbc, 0x96, 0xbc, 0x99, 0xbc, 0x99, 0xbb, 0x9d,
0xb9, 0xa1, 0xb6, 0xa0, 0xb6, 0xa5, 0xb3, 0xa8, 0xb0, 0xa8, 0xb0, 0xad, 0xaa, 0xb1, 0xa6, 0xb0,
0xa5, 0xb5, 0x9f, 0xba, 0x9a, 0xba, 0x99, 0xbe, 0x91, 0xc4, 0x8a, 0xd4, 0x89, 0xc8, 0x7c, 0xbd,
0x6f, 0x08, 0xbd, 0x6e, 0xb2, 0x66, 0xa8, 0x5c, 0xa3, 0x65, 0x9d, 0x60, 0x98, 0x5b, 0x98, 0x5b,
0x92, 0x5b, 0x8c, 0x5c, 0x8c, 0x76, 0x8b, 0x73, 0x8a, 0x70, 0x8a, 0x70, 0x88, 0x72, 0x88, 0x72,
0x08, 0xfc, 0x10, 0xf8, 0x3f, 0x15, 0x64, 0x8c, 0x68, 0x87, 0x6c, 0x81, 0x6c, 0x81, 0x6f, 0x7d,
0x73, 0x78, 0x74, 0x78, 0x76, 0x75, 0x79, 0x72, 0x79, 0x71, 0x7b, 0x70, 0x7d, 0x6d, 0x7f, 0x6f,
0x81, 0x6e, 0x83, 0x6c, 0x83, 0x6c, 0x85, 0x6c, 0x86, 0x6c, 0x5f, 0xfb, 0x9e, 0x18, 0x88, 0x78,
0x89, 0x7d, 0x8a, 0x82, 0x8a, 0x82, 0x89, 0x82, 0x88, 0x80, 0xf9, 0x02, 0xf8, 0x44, 0x18, 0x8c,
0xb1, 0x88, 0xaf, 0x84, 0xae, 0x84, 0xae, 0x80, 0xa9, 0x7a, 0xa6, 0x7a, 0xa6, 0x74, 0xa0, 0x6f,
0x9b, 0x6e, 0x9b, 0x68, 0x94, 0x60, 0x8c, 0x08, 0xfb, 0x64, 0x1c, 0xfb, 0x55, 0x15, 0xac, 0x8a,
0xa9, 0x8e, 0xa7, 0x92, 0xa6, 0x92, 0xa4, 0x96, 0xa1, 0x99, 0xaa, 0x9e, 0xa5, 0xa4, 0xa2, 0xa9,
0xa1, 0xa9, 0x9d, 0xab, 0x99, 0xae, 0x96, 0xa6, 0x95, 0xa8, 0x93, 0xa9, 0x92, 0xa9, 0x91, 0xa9,
0x90, 0xa9, 0xae, 0xf7, 0x69, 0x18, 0x8e, 0xa0, 0x8e, 0x9d, 0x8e, 0x9a, 0x8e, 0x99, 0x8e, 0x9f,
0x8f, 0xa4, 0xfc, 0xff, 0xfc, 0x40, 0x18, 0x8a, 0x66, 0x8f, 0x67, 0x92, 0x69, 0x92, 0x69, 0x97,
0x6d, 0x9c, 0x71, 0x9c, 0x71, 0xa1, 0x76, 0xa8, 0x7b, 0xa7, 0x7b, 0xae, 0x82, 0xb5, 0x8a, 0x08,
0x0e, 0xf9, 0x1c, 0x16, 0x2a, 0x0a, 0xf7, 0x67, 0x1c, 0x04, 0xbf, 0xfc, 0x20, 0xfb, 0x24, 0xab,
0xf7, 0x45, 0xf8, 0xc6, 0xf7, 0x64, 0x05, 0x9e, 0x06, 0x0e, 0xfa, 0x42, 0x16, 0xfe, 0x33, 0x06,
0xa1, 0xf7, 0x21, 0xf8, 0xae, 0xf8, 0x9f, 0xa6, 0xa6, 0xa9, 0xa8, 0xaa, 0xaa, 0x19, 0xaa, 0xa9,
0xa9, 0xab, 0xa6, 0xad, 0xa6, 0xad, 0xa3, 0xaf, 0x9f, 0xb0, 0x9e, 0xb0, 0x98, 0xb3, 0x90, 0xb4,
0x8f, 0xad, 0x89, 0xab, 0x84, 0xaa, 0x84, 0xa9, 0x7e, 0xa5, 0x79, 0xa2, 0x79, 0xa2, 0x74, 0x9d,
0x70, 0x99, 0x70, 0x98, 0x6b, 0x93, 0x68, 0x8c, 0x08, 0x5c, 0x8c, 0x61, 0x85, 0x66, 0x7d, 0x66,
0x7c, 0x6c, 0x77, 0x70, 0x71, 0x70, 0x70, 0x75, 0x6c, 0x7a, 0x66, 0x7a, 0x66, 0x80, 0x62, 0x85,
0x5f, 0xfb, 0x48, 0x8a, 0x18, 0x92, 0xce, 0x9c, 0xc8, 0xa8, 0xc3, 0xa8, 0xc2, 0xb0, 0xbb, 0xb8,
0xb3, 0xb8, 0xb2, 0xc0, 0xaa, 0xc6, 0xa1, 0xc6, 0xa0, 0xca, 0x95, 0xce, 0x8a, 0xc4, 0x8a, 0xc0,
0x81, 0xbc, 0x78, 0xbc, 0x78, 0xb4, 0x70, 0xae, 0x68, 0xad, 0x68, 0xa5, 0x62, 0x9c, 0x5b, 0x08,
0x9c, 0x5a, 0x92, 0x56, 0x86, 0x50, 0x87, 0x58, 0x7e, 0x5a, 0x75, 0x5c, 0x74, 0x5c, 0x70, 0x5f,
0x6c, 0x61, 0x6b, 0x61, 0x68, 0x63, 0x66, 0x66, 0x65, 0x66, 0x66, 0x67, 0x68, 0x6a, 0xfc, 0x52,
0xfc, 0x3c, 0x18, 0xf9, 0x53, 0x06, 0x0e, 0xf8, 0x34, 0xf9, 0xc5, 0x15, 0xf7, 0x0b, 0x89, 0x05,
0xb4, 0xb2, 0x91, 0x96, 0xb1, 0x1f, 0xb0, 0x96, 0xad, 0x9c, 0xa9, 0xa1, 0xa9, 0xa0, 0xa4, 0xa6,
0x9f, 0xac, 0x9e, 0xab, 0x98, 0xb1, 0x90, 0xb6, 0x8f, 0xaf, 0x8a, 0xac, 0x85, 0xaa, 0x85, 0xa9,
0x80, 0xa5, 0x7a, 0xa1, 0x7a, 0xa1, 0x75, 0x9c, 0x70, 0x98, 0x70, 0x97, 0x6a, 0x92, 0x65, 0x8c,
0x08, 0x64, 0x8c, 0x66, 0x85, 0x6a, 0x7f, 0x6a, 0x7f, 0x6d, 0x7a, 0x72, 0x75, 0x71, 0x75, 0x76,
0x71, 0x7a, 0x6c, 0x7a, 0x6c, 0x80, 0x68, 0x84, 0x65, 0xfb, 0x47, 0x8a, 0x18, 0x92, 0xc9, 0x9c,
0xc3, 0xa8, 0xbd, 0xa7, 0xbd, 0xaf, 0xb6, 0xb7, 0xae, 0xb6, 0xae, 0xbd, 0xa5, 0xc3, 0x9e, 0xc2,
0x9e, 0xc5, 0x94, 0xc8, 0x8a, 0xc7, 0x8a, 0xc1, 0x80, 0xbc, 0x78, 0xbb, 0x77, 0xb4, 0x70, 0xac,
0x68, 0xac, 0x68, 0xa3, 0x60, 0x9b, 0x5a, 0x08, 0x9a, 0x5a, 0x90, 0x54, 0x86, 0x4e, 0x88, 0x63,
0x81, 0x66, 0x7b, 0x6a, 0x7b, 0x69, 0x77, 0x6c, 0x72, 0x70, 0x72, 0x70, 0x6e, 0x72, 0x6c, 0x76,
0x6c, 0x76, 0x6a, 0x78, 0x68, 0x7c, 0xad, 0x7c, 0xa8, 0x79, 0xa4, 0x75, 0xa3, 0x74, 0x9e, 0x72,
0x9a, 0x6e, 0x08, 0x99, 0x6e, 0x95, 0x6d, 0x90, 0x6a, 0x90, 0x6a, 0x8d, 0x68, 0x88, 0x67, 0x85,
0x48, 0x7a, 0x4e, 0x6f, 0x55, 0x6e, 0x55, 0x67, 0x5d, 0x5e, 0x65, 0x5e, 0x65, 0x57, 0x6e, 0x50,
0x78, 0x50, 0x77, 0x4d, 0x82, 0x49, 0x8c, 0x4f, 0x8c, 0x54, 0x96, 0x59, 0x9e, 0x08, 0x59, 0x9e,
0x61, 0xa7, 0x68, 0xae, 0x68, 0xae, 0x70, 0xb5, 0x78, 0xbc, 0x78, 0xbc, 0x84, 0xc3, 0x8e, 0xc8,
0xf7, 0x48, 0x8a, 0x18, 0x88, 0x66, 0x8f, 0x69, 0x94, 0x6c, 0x94, 0x6c, 0x99, 0x71, 0x9e, 0x75,
0x9e, 0x75, 0xa3, 0x7a, 0xa8, 0x7e, 0xa8, 0x7e, 0xad, 0x85, 0xb1, 0x8a, 0xb6, 0x8a, 0xb3, 0x91,
0xb0, 0x98, 0xaf, 0x98, 0xab, 0x9d, 0xa6, 0xa4, 0xa6, 0xa3, 0xa2, 0xa9, 0x9c, 0xae, 0x08, 0x9c,
0xae, 0x96, 0xb1, 0x90, 0xb6, 0x90, 0xb4, 0x88, 0xb0, 0x81, 0xaa, 0x81, 0xaa, 0x7b, 0xa6, 0x76,
0xa0, 0x76, 0xa0, 0x70, 0x9c, 0x6b, 0x96, 0x6b, 0x96, 0x67, 0x92, 0x63, 0x8c, 0xfb, 0x20, 0x8c,
0x18, 0x0e, 0xfa, 0x02, 0xf8, 0x7d, 0x15, 0xf7, 0x59, 0x06, 0x71, 0xfb, 0x2b, 0x05, 0xfb, 0x59,
0x06, 0x50, 0xfb, 0xe6, 0x24, 0x1d, 0xc6, 0xf7, 0xe6, 0x05, 0xfd, 0x18, 0x06, 0xa0, 0xf7, 0x0b,
0xf9, 0xb3, 0xfa, 0x7b, 0x05, 0xf7, 0x5b, 0x06, 0xfd, 0xa7, 0xfe, 0x5b, 0x15, 0xf8, 0x4a, 0x06,
0xf7, 0x18, 0xf9, 0x67, 0x64, 0x51, 0x05, 0x0e, 0xf7, 0x92, 0xf9, 0x71, 0x15, 0xf7, 0x59, 0xf9,
0x67, 0x05, 0xf9, 0x6b, 0x06, 0x6b, 0xfb, 0x48, 0x05, 0xfc, 0xcf, 0x06, 0xfb, 0x08, 0xfc, 0x19,
0xb0, 0xa1, 0xb1, 0x9b, 0xb3, 0x95, 0x19, 0xb2, 0x96, 0xb4, 0x90, 0xb6, 0x8a, 0xce, 0x8a, 0xc5,
0x7c, 0xba, 0x70, 0xba, 0x70, 0xb0, 0x67, 0xa8, 0x5e, 0xa7, 0x5e, 0x9e, 0x58, 0x96, 0x52, 0x96,
0x52, 0x8d, 0x50, 0x85, 0x4f, 0x84, 0x45, 0x7b, 0x4a, 0x70, 0x4e, 0x70, 0x4e, 0x68, 0x57, 0x5f,
0x5f, 0x08, 0x5f, 0x5f, 0x57, 0x69, 0x4f, 0x72, 0x4f, 0x72, 0x48, 0x80, 0x42, 0x8d, 0x4f, 0x8c,
0x55, 0x96, 0x5c, 0x9f, 0x5b, 0x9f, 0x62, 0xa7, 0x6a, 0xaf, 0x69, 0xae, 0x71, 0xb6, 0x79, 0xbc,
0x78, 0xbc, 0x81, 0xc0, 0x89, 0xc6, 0x08, 0xf7, 0x3d, 0x06, 0x8d, 0x67, 0x91, 0x6a, 0x95, 0x6d,
0x95, 0x6c, 0x9a, 0x71, 0x9e, 0x74, 0x9e, 0x74, 0xa2, 0x7a, 0xa8, 0x7e, 0xa7, 0x7e, 0xac, 0x83,
0xb1, 0x8a, 0xbc, 0x8a, 0xb6, 0x93, 0xb1, 0x9e, 0xb1, 0x9e, 0xab, 0xa4, 0xa6, 0xab, 0xa5, 0xab,
0xa0, 0xb0, 0x9b, 0xb4, 0x08, 0x9a, 0xb4, 0x96, 0xb6, 0x90, 0xb7, 0x8f, 0xb2, 0x8a, 0xb1, 0x85,
0xb0, 0x85, 0xb0, 0x7f, 0xac, 0x7a, 0xa8, 0x7a, 0xa8, 0x73, 0xa2, 0x6d, 0x9e, 0x6d, 0x9e, 0x66,
0x95, 0x60, 0x8c, 0x5a, 0x8c, 0x60, 0x84, 0x65, 0x7b, 0x65, 0x7a, 0x65, 0x75, 0x66, 0x6e, 0x08,
0x0e, 0xfa, 0x54, 0x1c, 0x05, 0xb2, 0x15, 0x7a, 0xfb, 0x3a, 0x05, 0x7f, 0x06, 0x54, 0x8c, 0x59,
0x85, 0x5c, 0x80, 0x5c, 0x80, 0x60, 0x7b, 0x64, 0x76, 0x63, 0x74, 0x66, 0x6f, 0x6a, 0x6b, 0x69,
0x6b, 0x6d, 0x67, 0x71, 0x63, 0x76, 0x6a, 0x77, 0x68, 0x7a, 0x64, 0x7a, 0x64, 0x7b, 0x63, 0x7e,
0x61, 0x9f, 0xa0, 0xa1, 0x9e, 0xa2, 0x9d, 0x08, 0xa2, 0x9c, 0xa2, 0x9a, 0xa4, 0x98, 0xa7, 0x99,
0xa8, 0x96, 0xaa, 0x93, 0xaa, 0x92, 0xaa, 0x8f, 0xac, 0x8a, 0xcc, 0x8a, 0xc3, 0x7c, 0xb9, 0x70,
0xb9, 0x6f, 0xb0, 0x67, 0xa7, 0x5f, 0xa7, 0x5e, 0x9e, 0x59, 0x96, 0x53, 0x96, 0x53, 0x8d, 0x52,
0x86, 0x51, 0x08, 0x85, 0x47, 0x7b, 0x4a, 0x72, 0x4e, 0x71, 0x4e, 0x69, 0x55, 0x60, 0x5d, 0x60,
0x5c, 0x59, 0x67, 0x50, 0x70, 0x50, 0x70, 0x4a, 0x7f, 0x42, 0x8d, 0x41, 0x8d, 0x4c, 0x9d, 0x58,
0xad, 0x57, 0xad, 0x61, 0xb7, 0x6c, 0xc0, 0x6c, 0xc0, 0x76, 0xc7, 0x80, 0xcc, 0x08, 0x80, 0xcc,
0x89, 0xcc, 0x92, 0xcc, 0x97, 0xe2, 0x18, 0x96, 0xd6, 0x9a, 0xd4, 0xa0, 0xd2, 0xa0, 0xd2, 0xa5,
0xcd, 0xaa, 0xc9, 0xaa, 0xc8, 0xb1, 0xc3, 0xb6, 0xbe, 0xb6, 0xbe, 0xbc, 0xb6, 0xc3, 0xb0, 0xc2,
0xb0, 0xca, 0xa7, 0xd0, 0xa0, 0x08, 0x9f, 0xd0, 0xd7, 0x95, 0xde, 0x1b, 0xfb, 0xcb, 0xfd, 0x25,
0x15, 0x69, 0x8c, 0x6b, 0x87, 0x6c, 0x80, 0x6c, 0x80, 0x6e, 0x7d, 0x71, 0x78, 0x70, 0x78, 0x73,
0x75, 0x76, 0x72, 0x76, 0x72, 0x78, 0x70, 0x7c, 0x6e, 0x83, 0x4b, 0x18, 0x88, 0x72, 0x8a, 0x70,
0x6e, 0x1a, 0x6e, 0x8d, 0x6e, 0x90, 0x6e, 0x1e, 0x90, 0x6e, 0x92, 0x6e, 0x95, 0x70, 0x94, 0x70,
0x98, 0x72, 0x9b, 0x76, 0x9b, 0x76, 0x9f, 0x79, 0xa3, 0x7e, 0xa3, 0x7e, 0xa7, 0x83, 0xac, 0x8a,
0xba, 0x8a, 0xb5, 0x94, 0xb0, 0x9e, 0xb0, 0x9e, 0xaa, 0xa5, 0xa5, 0xac, 0xa5, 0xac, 0xa0, 0xb0,
0x9a, 0xb4, 0x08, 0x9a, 0xb4, 0x95, 0xb5, 0x90, 0xb5, 0x8f, 0xaf, 0x8b, 0xb0, 0x87, 0xb2, 0x86,
0xb1, 0x81, 0xae, 0x7c, 0xab, 0x7b, 0xaa, 0x75, 0xa5, 0x70, 0xa0, 0x6f, 0xa0, 0x67, 0x96, 0x60,
0x8c, 0x08, 0x0e, 0x1c, 0x04, 0x9c, 0x1c, 0x05, 0x3e, 0x15, 0xfd, 0xab, 0x1c, 0xfa, 0xc2, 0x05,
0xfb, 0x5a, 0x06, 0xf9, 0xa6, 0x1c, 0x05, 0x0e, 0x05, 0xfd, 0x8d, 0x06, 0xa5, 0xf7, 0x36, 0x05,
0xfa, 0x50, 0x06, 0x0e, 0xfa, 0xf5, 0xfa, 0xd1, 0x15, 0x88, 0x62, 0x82, 0x66, 0x7c, 0x69, 0x7c,
0x68, 0x77, 0x6c, 0x74, 0x6f, 0x73, 0x6f, 0x70, 0x72, 0x6c, 0x74, 0x6c, 0x74, 0x6b, 0x78, 0x68,
0x7a, 0xaa, 0x79, 0xa6, 0x76, 0xa3, 0x72, 0xa2, 0x72, 0x9f, 0x70, 0x9a, 0x6e, 0x9a, 0x6e, 0x95,
0x6b, 0x92, 0x6a, 0x08, 0x91, 0x6a, 0x8d, 0x68, 0x88, 0x68, 0x86, 0x49, 0x7a, 0x50, 0x6e, 0x56,
0x6e, 0x56, 0x65, 0x5e, 0x5e, 0x67, 0x5e, 0x66, 0x57, 0x70, 0x51, 0x78, 0x50, 0x78, 0x4e, 0x82,
0x4b, 0x8c, 0x50, 0x8c, 0x54, 0x96, 0x59, 0x9e, 0x58, 0x9e, 0x60, 0xa6, 0x67, 0xae, 0x08, 0x67,
0xae, 0x70, 0xb5, 0x79, 0xbc, 0x78, 0xbc, 0x85, 0xc3, 0x90, 0xc9, 0x8f, 0xb8, 0x95, 0xb5, 0x9c,
0xb1, 0x9b, 0xb0, 0xa0, 0xad, 0xa6, 0xaa, 0xa6, 0xaa, 0xa9, 0xa6, 0xae, 0xa3, 0xae, 0xa2, 0xb0,
0xa0, 0xb3, 0x9c, 0x75, 0x9a, 0x77, 0x9d, 0x7a, 0x9e, 0x08, 0x79, 0x9e, 0x7c, 0x9f, 0x7f, 0xa1,
0x7a, 0xa8, 0x80, 0xab, 0x84, 0xad, 0x84, 0xac, 0x88, 0xae, 0x8e, 0xaf, 0x90, 0xca, 0x9a, 0xc4,
0xa5, 0xbe, 0xa4, 0xbe, 0xad, 0xb6, 0xb5, 0xaf, 0xb4, 0xaf, 0xbb, 0xa6, 0xc2, 0x9e, 0xc1, 0x9e,
0xc5, 0x93, 0xc9, 0x8a, 0x08, 0xc4, 0x8a, 0xbf, 0x80, 0xba, 0x78, 0xba, 0x78, 0xb3, 0x70, 0xac,
0x69, 0xac, 0x69, 0xa3, 0x62, 0x9c, 0x5c, 0x9b, 0x5c, 0x91, 0x56, 0x86, 0x51, 0x08, 0xfb, 0x9f,
0xfd, 0x3b, 0x15, 0x8f, 0xaf, 0x89, 0xad, 0x83, 0xac, 0x82, 0xab, 0x7e, 0xa7, 0x78, 0xa3, 0x78,
0xa3, 0x73, 0x9e, 0x6e, 0x9a, 0x6e, 0x99, 0x69, 0x93, 0x65, 0x8c, 0x61, 0x8c, 0x64, 0x84, 0x66,
0x7d, 0x66, 0x7d, 0x6b, 0x77, 0x70, 0x71, 0x6f, 0x71, 0x74, 0x6c, 0x7a, 0x68, 0x08, 0x7a, 0x68,
0x80, 0x65, 0x86, 0x62, 0x87, 0x66, 0x8d, 0x68, 0x93, 0x6c, 0x93, 0x6c, 0x99, 0x70, 0x9e, 0x74,
0x9e, 0x74, 0xa3, 0x7a, 0xa8, 0x7e, 0xa8, 0x7e, 0xad, 0x84, 0xb1, 0x8a, 0xb4, 0x8a, 0xb2, 0x91,
0xb0, 0x98, 0xaf, 0x98, 0xab, 0x9e, 0xa7, 0xa4, 0x08, 0xa7, 0xa3, 0xa2, 0xa8, 0x9d, 0xae, 0x9d,
0xad, 0x96, 0xb1, 0x8f, 0xb4, 0x08, 0xdf, 0xf9, 0x38, 0x15, 0x8e, 0xab, 0x8a, 0xaa, 0x84, 0xa8,
0x84, 0xa8, 0x7f, 0xa4, 0x7a, 0xa2, 0x7a, 0xa1, 0x76, 0x9d, 0x72, 0x98, 0x71, 0x98, 0x6d, 0x92,
0x69, 0x8c, 0x65, 0x8c, 0x68, 0x84, 0x6b, 0x7e, 0x6b, 0x7e, 0x6f, 0x78, 0x73, 0x74, 0x73, 0x73,
0x78, 0x6f, 0x7c, 0x6b, 0x08, 0x7c, 0x6a, 0x82, 0x69, 0x87, 0x67, 0x88, 0x6b, 0x8c, 0x6d, 0x92,
0x6e, 0x92, 0x6e, 0x96, 0x71, 0x9c, 0x76, 0x9b, 0x75, 0xa0, 0x7a, 0xa5, 0x7e, 0xa4, 0x7e, 0xa9,
0x84, 0xad, 0x8a, 0xb0, 0x8a, 0xae, 0x92, 0xac, 0x98, 0xab, 0x98, 0xa7, 0x9d, 0xa4, 0xa3, 0x08,
0xa3, 0xa2, 0x9f, 0xa7, 0x9a, 0xab, 0x9a, 0xaa, 0x94, 0xad, 0x8f, 0xaf, 0x08, 0x0e, 0xf7, 0xb2,
0xf7, 0x37, 0x15, 0xba, 0x8a, 0xb8, 0x8f, 0xb4, 0x92, 0xb4, 0x92, 0xb0, 0x96, 0xae, 0x99, 0xbc,
0x9e, 0xb6, 0xa5, 0xb1, 0xac, 0xb0, 0xab, 0xac, 0xb0, 0xa7, 0xb5, 0xa1, 0xac, 0x9f, 0xb0, 0x9c,
0xb3, 0x9c, 0xb3, 0x9b, 0xb6, 0x98, 0xb9, 0x77, 0x75, 0x76, 0x77, 0x75, 0x7a, 0x08, 0x74, 0x79,
0x74, 0x7c, 0x72, 0x7e, 0x6f, 0x7d, 0x6e, 0x81, 0x6c, 0x84, 0x6c, 0x84, 0x6a, 0x87, 0x69, 0x8c,
0x4a, 0x8c, 0x53, 0x9a, 0x5e, 0xa8, 0x5d, 0xa7, 0x66, 0xb0, 0x6f, 0xb8, 0x6f, 0xb8, 0x78, 0xbe,
0x81, 0xc4, 0x80, 0xc3, 0x89, 0xc4, 0x90, 0xc4, 0x08, 0x8f, 0xb6, 0x93, 0xb4, 0x97, 0xb4, 0x96,
0xb4, 0x9a, 0xb1, 0x9d, 0xaf, 0xa1, 0xb6, 0xa6, 0xb3, 0xaa, 0xae, 0xaa, 0xae, 0xaf, 0xa9, 0xb4,
0xa4, 0xae, 0xa0, 0xb1, 0x9b, 0xb4, 0x96, 0xb4, 0x96, 0xb6, 0x90, 0xba, 0x8a, 0xc0, 0x8a, 0xba,
0x82, 0xb4, 0x7a, 0x08, 0xb3, 0x7a, 0xae, 0x74, 0xa9, 0x6e, 0xa8, 0x6e, 0xa4, 0x6a, 0x9e, 0x65,
0x9e, 0x64, 0x99, 0x63, 0x95, 0x60, 0x95, 0x60, 0x91, 0x5e, 0x8c, 0x5d, 0x8c, 0x5c, 0x89, 0x5e,
0x86, 0x5e, 0x82, 0x48, 0x18, 0x79, 0xfb, 0x15, 0x6c, 0xfb, 0x0b, 0x5e, 0xfb, 0x03, 0x5e, 0xfb,
0x03, 0x4d, 0x2f, 0x3d, 0x42, 0x4e, 0x50, 0x42, 0x5e, 0x36, 0x6a, 0x08, 0x6a, 0x36, 0x2a, 0x7a,
0xfb, 0x03, 0x1b, 0x74, 0x06, 0x9b, 0xf7, 0x39, 0x05, 0xf7, 0xcc, 0xf8, 0x71, 0x15, 0xae, 0x8a,
0xac, 0x90, 0xab, 0x96, 0xaa, 0x96, 0xa8, 0x9b, 0xa6, 0x9f, 0xa6, 0x9f, 0xa3, 0xa2, 0xa1, 0xa6,
0xa0, 0xa5, 0x9e, 0xa7, 0x9a, 0xa8, 0x92, 0xc6, 0x18, 0x8d, 0xa4, 0x8c, 0xa6, 0xa8, 0x1a, 0xa8,
0x89, 0xa9, 0x87, 0xa9, 0x1e, 0x86, 0xa9, 0x84, 0xa8, 0x82, 0xa8, 0x81, 0xa7, 0x7e, 0xa4, 0x7b,
0xa1, 0x7b, 0xa1, 0x77, 0x9d, 0x74, 0x99, 0x73, 0x98, 0x6e, 0x93, 0x6a, 0x8c, 0x5b, 0x8c, 0x61,
0x82, 0x66, 0x77, 0x66, 0x76, 0x6b, 0x70, 0x71, 0x6a, 0x71, 0x6a, 0x76, 0x65, 0x7c, 0x61, 0x08,
0x7c, 0x61, 0x81, 0x61, 0x86, 0x61, 0x87, 0x68, 0x8b, 0x66, 0x90, 0x64, 0x8f, 0x64, 0x95, 0x67,
0x9a, 0x6a, 0x9a, 0x6a, 0xa0, 0x70, 0xa7, 0x76, 0xa6, 0x75, 0xaf, 0x7f, 0xb6, 0x8a, 0x08, 0x0e,
0xf9, 0x7f, 0xf9, 0x2d, 0x15, 0xfb, 0x2d, 0x06, 0xf3, 0xf8, 0xe9, 0xfb, 0x6f, 0x53, 0xa2, 0xf7,
0x1b, 0xf7, 0xf7, 0xf7, 0x05, 0x05, 0xa1, 0x06, 0x0e, 0xfa, 0x2a, 0xf9, 0x2f, 0x15, 0xfc, 0xdb,
0x06, 0xa0, 0xf7, 0x08, 0xf7, 0xd0, 0xf7, 0x9d, 0x99, 0x97, 0x9a, 0x98, 0x9b, 0x99, 0x19, 0x9b,
0x99, 0x9a, 0x9a, 0x9a, 0x9b, 0x9a, 0x9b, 0x97, 0x9c, 0x96, 0x9d, 0x96, 0x9d, 0x91, 0x9e, 0x8e,
0x9e, 0x90, 0xab, 0x84, 0xa4, 0x79, 0x9d, 0x79, 0x9d, 0x72, 0x94, 0x6c, 0x8c, 0x74, 0x8c, 0x77,
0x87, 0x79, 0x84, 0x78, 0x84, 0x7b, 0x81, 0x7e, 0x7e, 0x08, 0x7f, 0x80, 0x81, 0x7d, 0x83, 0x7a,
0x82, 0x7a, 0x85, 0x79, 0x86, 0x78, 0xfb, 0x2f, 0x8a, 0x18, 0x90, 0xb4, 0x96, 0xb0, 0x9d, 0xac,
0x9c, 0xac, 0xa2, 0xa7, 0xa7, 0xa2, 0xa7, 0xa2, 0xab, 0x9c, 0xaf, 0x97, 0xaf, 0x97, 0xb2, 0x91,
0xb4, 0x8a, 0xae, 0x8a, 0xac, 0x86, 0xab, 0x82, 0xaa, 0x81, 0xa7, 0x7d, 0xa2, 0x78, 0xa2, 0x78,
0x9e, 0x73, 0x98, 0x6e, 0x08, 0x98, 0x6e, 0x91, 0x6a, 0x89, 0x65, 0x89, 0x6a, 0x83, 0x6d, 0x7c,
0x6f, 0x7c, 0x6e, 0x79, 0x71, 0x76, 0x72, 0x75, 0x72, 0x73, 0x74, 0x72, 0x76, 0x71, 0x76, 0x72,
0x77, 0x74, 0x79, 0xfb, 0x57, 0xfb, 0x25, 0x18, 0xf8, 0x0f, 0x06, 0x0e, 0xfa, 0x24, 0xfa, 0x8a,
0x15, 0x98, 0x7c, 0x95, 0x79, 0x92, 0x77, 0x91, 0x76, 0x8e, 0x75, 0x8a, 0x73, 0x6e, 0x0a, 0x66,
0x82, 0x66, 0x86, 0x66, 0x8c, 0x67, 0x8c, 0x69, 0x90, 0x6a, 0x95, 0x08, 0x6c, 0x0a, 0x79, 0x8e,
0x7c, 0x91, 0x7e, 0x1e, 0x90, 0x7e, 0x93, 0x81, 0x96, 0x82, 0x96, 0x82, 0x98, 0x85, 0x9b, 0x87,
0x9a, 0x86, 0x9c, 0x89, 0x9d, 0x68, 0x1d, 0x96, 0xf7, 0x08, 0xdb, 0x8a, 0x9d, 0x8c, 0x9d, 0x8d,
0x9e, 0x90, 0x19, 0x9e, 0x90, 0x9c, 0x92, 0x9a, 0x94, 0x9a, 0x94, 0x98, 0x97, 0x96, 0x9a, 0x96,
0x99, 0x91, 0x9c, 0x8e, 0xa0, 0x8d, 0x9c, 0x8a, 0x99, 0x86, 0x98, 0x86, 0x97, 0x83, 0x95, 0x81,
0x93, 0x81, 0x93, 0x7f, 0x91, 0x7e, 0x8f, 0x08, 0x8f, 0x7d, 0x7c, 0x8d, 0x7c, 0x1b, 0x6a, 0x6d,
0x84, 0x7c, 0x72, 0x1f, 0x72, 0x7c, 0x79, 0x73, 0x80, 0x6b, 0x08, 0xfb, 0x30, 0x06, 0x8f, 0xb1,
0x96, 0xac, 0x9d, 0xa7, 0x9d, 0xa6, 0xa2, 0xa2, 0xa6, 0x9e, 0xa6, 0x9d, 0xa9, 0x99, 0xac, 0x94,
0xac, 0x94, 0xae, 0x8f, 0xaf, 0x8a, 0x08, 0xac, 0xab, 0x87, 0x82, 0xac, 0x1f, 0xab, 0x82, 0xa8,
0x7e, 0xa4, 0x7a, 0xa4, 0x79, 0x9e, 0x74, 0x9a, 0x70, 0x9a, 0x70, 0x91, 0x6a, 0x89, 0x65, 0x8a,
0x73, 0x85, 0x76, 0x82, 0x78, 0x82, 0x78, 0x7f, 0x7b, 0x7c, 0x7c, 0x7c, 0x7c, 0x7b, 0x7e, 0x79,
0x80, 0x78, 0x7f, 0x78, 0x81, 0x77, 0x82, 0x08, 0x9b, 0x85, 0x9a, 0x84, 0x98, 0x83, 0x98, 0x82,
0x96, 0x81, 0x94, 0x80, 0x08, 0x0e, 0xf9, 0xa1, 0xf9, 0x54, 0x15, 0x89, 0x9c, 0x8a, 0x9b, 0x9b,
0x1a, 0x8a, 0x9b, 0x8b, 0x9b, 0x8c, 0x9b, 0x6d, 0x68, 0x69, 0x70, 0x64, 0x78, 0x08, 0x78, 0x64,
0x61, 0x81, 0x5c, 0x1b, 0x6a, 0x6c, 0x90, 0x96, 0x70, 0x1f, 0x70, 0x95, 0x73, 0x9a, 0x78, 0x9e,
0x78, 0x9e, 0x7c, 0xa2, 0x81, 0xa6, 0x81, 0xa6, 0x87, 0xa9, 0x8d, 0xad, 0x8d, 0xba, 0x97, 0xb1,
0xa2, 0xaa, 0xa2, 0xaa, 0xa7, 0xa3, 0xad, 0x9e, 0xad, 0x9d, 0xb1, 0x98, 0xb4, 0x92, 0x08, 0x92,
0xb4, 0xb3, 0x8f, 0xb2, 0x1b, 0xf7, 0x1e, 0x8a, 0x93, 0xc0, 0x8d, 0x9d, 0x8b, 0x9c, 0x89, 0x9c,
0x19, 0x88, 0x9b, 0x86, 0x99, 0x84, 0x97, 0x84, 0x97, 0x80, 0x95, 0x7e, 0x92, 0x7d, 0x92, 0x7a,
0x8e, 0x77, 0x8c, 0x78, 0x8c, 0x79, 0x89, 0x7a, 0x88, 0x7a, 0x87, 0x7c, 0x85, 0x7e, 0x82, 0x7e,
0x82, 0x7f, 0x80, 0x82, 0x7e, 0x81, 0x7e, 0x83, 0x7b, 0x86, 0x78, 0xfb, 0x30, 0x96, 0x18, 0x91,
0xb4, 0x98, 0xae, 0xa0, 0xa9, 0x9f, 0xa8, 0xa4, 0xa4, 0xa9, 0x9e, 0xa8, 0x9e, 0xac, 0x99, 0xb0,
0x94, 0xb0, 0x94, 0xb0, 0x8f, 0xb1, 0x8a, 0xb4, 0x8a, 0xb0, 0x84, 0xab, 0x7e, 0xab, 0x7d, 0xa6,
0x78, 0xa0, 0x73, 0xa0, 0x73, 0x9a, 0x6e, 0x96, 0x6a, 0x08, 0x95, 0x69, 0x8d, 0x66, 0x86, 0x62,
0x82, 0x45, 0x83, 0x57, 0x85, 0x68, 0x84, 0x68, 0x83, 0x57, 0x80, 0x45, 0x86, 0x6c, 0x88, 0x6d,
0x8a, 0x6e, 0x8a, 0x6d, 0x8c, 0x6d, 0x90, 0x6c, 0x08, 0xfb, 0xea, 0xf7, 0x0d, 0x15, 0xa2, 0xa1,
0x8f, 0x92, 0xa2, 0x1f, 0xa1, 0x92, 0xa0, 0x95, 0x9e, 0x98, 0x97, 0x93, 0x96, 0x94, 0x96, 0x95,
0x96, 0x95, 0x94, 0x96, 0x94, 0x97, 0x9e, 0xf7, 0x02, 0x18, 0xfb, 0x15, 0x06, 0x78, 0x8a, 0x77,
0x89, 0x76, 0x87, 0x76, 0x86, 0x78, 0x84, 0x79, 0x82, 0x79, 0x82, 0x7c, 0x7e, 0x7e, 0x7c, 0x7e,
0x7c, 0x84, 0x78, 0x88, 0x74, 0x89, 0x7b, 0x8d, 0x7d, 0x90, 0x80, 0x90, 0x80, 0x93, 0x82, 0x95,
0x84, 0x95, 0x84, 0x97, 0x85, 0x98, 0x88, 0x08, 0x88, 0x98, 0x99, 0x89, 0x99, 0x1b, 0x0e, 0xf7,
0xf4, 0x1c, 0x04, 0x74, 0x15, 0x91, 0xbc, 0x99, 0xb9, 0xa1, 0xb5, 0xa0, 0xb4, 0xa7, 0xaf, 0xac,
0xa9, 0xac, 0xa9, 0xb2, 0xa2, 0xb7, 0x9c, 0xb6, 0x9b, 0xba, 0x92, 0xbe, 0x8a, 0xbb, 0x8a, 0xb6,
0x81, 0xb0, 0x7a, 0xb0, 0x7a, 0xab, 0x73, 0xa4, 0x6d, 0xa4, 0x6d, 0x9d, 0x68, 0x96, 0x63, 0x08,
0x96, 0x62, 0x8f, 0x60, 0x86, 0x5c, 0x7e, 0xfb, 0x09, 0x18, 0x85, 0x5a, 0x7d, 0x5d, 0x76, 0x62,
0x76, 0x62, 0x70, 0x67, 0x6a, 0x6d, 0x6a, 0x6d, 0x64, 0x74, 0x60, 0x7b, 0x60, 0x7b, 0x5c, 0x84,
0x58, 0x8c, 0x5b, 0x8c, 0x60, 0x95, 0x66, 0x9c, 0x65, 0x9c, 0x6c, 0xa3, 0x72, 0xa9, 0x72, 0xa8,
0x78, 0xae, 0x80, 0xb4, 0x08, 0x7f, 0xb3, 0x87, 0xb6, 0x8f, 0xba, 0x08, 0xf7, 0x37, 0x89, 0x15,
0x89, 0x72, 0x8c, 0x73, 0x90, 0x74, 0x8f, 0x74, 0x93, 0x76, 0x96, 0x79, 0x96, 0x79, 0x9b, 0x7d,
0x9f, 0x80, 0x9e, 0x80, 0xa3, 0x85, 0xa7, 0x8a, 0xa8, 0x8a, 0xa5, 0x90, 0xa2, 0x96, 0xa2, 0x95,
0x9e, 0x99, 0x9c, 0x9d, 0x9c, 0x9d, 0x98, 0xa0, 0x96, 0xa3, 0x08, 0x95, 0xa3, 0x92, 0xa4, 0x8f,
0xa6, 0x98, 0xf7, 0x0b, 0x18, 0x8d, 0xa4, 0x8a, 0xa3, 0x87, 0xa2, 0x86, 0xa2, 0x83, 0xa0, 0x80,
0x9d, 0x7f, 0x9d, 0x7b, 0x9a, 0x78, 0x96, 0x78, 0x96, 0x73, 0x90, 0x6f, 0x8c, 0x6e, 0x8c, 0x71,
0x86, 0x74, 0x81, 0x74, 0x81, 0x77, 0x7d, 0x7a, 0x79, 0x7a, 0x79, 0x7e, 0x76, 0x81, 0x73, 0x08,
0x80, 0x73, 0x84, 0x72, 0x87, 0x70, 0x08, 0x0e, 0xf8, 0x20, 0xf9, 0x7f, 0x4a, 0x0a, 0xf8, 0xa8,
0x1c, 0xfa, 0x4f, 0x15, 0xfc, 0xa1, 0x06, 0x9e, 0xf3, 0xf7, 0xb1, 0xf7, 0x83, 0x97, 0x96, 0x98,
0x96, 0x9a, 0x98, 0x19, 0x9a, 0x98, 0x98, 0x98, 0x98, 0x9a, 0x98, 0x99, 0x97, 0x9a, 0x95, 0x9c,
0x94, 0x9b, 0x91, 0x9c, 0x8e, 0x9c, 0x8d, 0x9a, 0x8a, 0x98, 0x88, 0x96, 0x88, 0x96, 0x85, 0x95,
0x83, 0x93, 0x84, 0x93, 0x81, 0x91, 0x80, 0x90, 0x08, 0x8f, 0x80, 0x7e, 0x8d, 0x7d, 0x1b, 0x78,
0x79, 0x88, 0x86, 0x7c, 0x1f, 0x7b, 0x85, 0x7d, 0x83, 0x7f, 0x80, 0x7f, 0x80, 0x81, 0x7e, 0x83,
0x7c, 0x82, 0x7c, 0x85, 0x7a, 0x87, 0x78, 0xfb, 0x20, 0x8a, 0x18, 0x90, 0xb0, 0x95, 0xad, 0x9b,
0xa8, 0x9a, 0xa8, 0xa0, 0xa4, 0xa4, 0xa0, 0xa4, 0xa0, 0xa8, 0x9b, 0xac, 0x96, 0xab, 0x96, 0xae,
0x90, 0xb0, 0x8a, 0xaa, 0x8a, 0xa9, 0x87, 0xa8, 0x82, 0xa7, 0x82, 0xa4, 0x7e, 0xa0, 0x7a, 0xa0,
0x7a, 0x9b, 0x76, 0x97, 0x71, 0x08, 0x97, 0x71, 0x90, 0x6d, 0x8a, 0x69, 0x89, 0x6e, 0x83, 0x6f,
0x7e, 0x72, 0x7e, 0x71, 0x7a, 0x73, 0x78, 0x75, 0x78, 0x75, 0x76, 0x76, 0x74, 0x78, 0x74, 0x78,
0x74, 0x79, 0x76, 0x7b, 0xfb, 0x43, 0xfb, 0x17, 0x18, 0xf7, 0xe9, 0x06, 0xfd, 0xad, 0xf7, 0x00,
0x15, 0x20, 0xd2, 0xf9, 0x26, 0xfa, 0x45, 0xf6, 0x44, 0x05, 0x0e, 0xf8, 0x2d, 0xf9, 0x83, 0x4a,
0x0a, 0xf8, 0x63, 0x1c, 0xfb, 0x58, 0x61, 0x0a, 0xfc, 0xbb, 0xfb, 0xad, 0x2f, 0x0a, 0xfa, 0x92,
0xf7, 0xa1, 0x61, 0x0a, 0xfc, 0xeb, 0xf9, 0x21, 0x5d, 0x1d, 0x98, 0x86, 0x96, 0x86, 0x96, 0x84,
0x95, 0x84, 0x94, 0x84, 0x94, 0x83, 0x99, 0x7d, 0x96, 0x7a, 0x92, 0x78, 0x92, 0x78, 0x8e, 0x75,
0x8a, 0x73, 0x8a, 0x66, 0x81, 0x6a, 0x7a, 0x70, 0x79, 0x70, 0x74, 0x74, 0x70, 0x79, 0x70, 0x7a,
0x6c, 0x7e, 0x6a, 0x83, 0x08, 0x69, 0x82, 0x6a, 0x87, 0x6a, 0x8c, 0x6a, 0x8c, 0x6c, 0x90, 0x6e,
0x94, 0x6e, 0x94, 0x71, 0x98, 0x75, 0x9c, 0x75, 0x9c, 0x7a, 0xa1, 0x7e, 0xa6, 0x08, 0x7e, 0xa5,
0x84, 0xa9, 0xae, 0x1a, 0xf7, 0x1d, 0x06, 0x7c, 0x8d, 0x7e, 0x90, 0x80, 0x1e, 0x90, 0x80, 0x91,
0x81, 0x93, 0x83, 0x95, 0x82, 0x97, 0x85, 0x9a, 0x87, 0x9a, 0x86, 0x9b, 0x89, 0x9c, 0x8a, 0x08,
0x9c, 0x9b, 0x8d, 0x90, 0x9c, 0x1f, 0x9b, 0x8f, 0x9a, 0x91, 0x98, 0x94, 0x98, 0x94, 0x97, 0x96,
0x94, 0x98, 0x94, 0x98, 0x91, 0x9b, 0x8e, 0x9d, 0x8d, 0x9d, 0x89, 0x9a, 0x86, 0x98, 0x85, 0x97,
0x82, 0x95, 0x80, 0x92, 0x80, 0x92, 0x7f, 0x91, 0x7c, 0x8e, 0x7c, 0x8e, 0x7c, 0x8c, 0x7a, 0x8c,
0x3d, 0x8c, 0x18, 0xe5, 0xfd, 0xd3, 0x2f, 0x0a, 0x5e, 0x0a, 0x50, 0x0a, 0xfa, 0xaf, 0x16, 0xfc,
0x28, 0x06, 0x60, 0x88, 0x60, 0x87, 0x61, 0x86, 0x60, 0x86, 0x60, 0x89, 0x60, 0x8c, 0x43, 0x8d,
0x50, 0x9c, 0x5d, 0xaa, 0x5d, 0xaa, 0x68, 0xb4, 0x72, 0xbc, 0x7e, 0xa5, 0x80, 0xa7, 0x84, 0xa9,
0x83, 0xa8, 0x86, 0xaa, 0x88, 0xaa, 0x88, 0xa7, 0x8a, 0xa8, 0x8c, 0xa9, 0x08, 0x8c, 0xa8, 0x8d,
0xa8, 0x8e, 0xa8, 0xd3, 0xf8, 0x57, 0x18, 0x92, 0xba, 0x95, 0xba, 0x99, 0xb9, 0x98, 0xb8, 0x9c,
0xb6, 0xa0, 0xb3, 0x9a, 0xa8, 0x9c, 0xa6, 0x9e, 0xa5, 0x9e, 0xa4, 0xa0, 0xa3, 0xa2, 0xa1, 0xb0,
0xab, 0xb5, 0xa4, 0xbc, 0x9e, 0x08, 0x9e, 0xbb, 0xc1, 0x94, 0xc7, 0x1b, 0xb6, 0x8a, 0xb6, 0x88,
0xb5, 0x86, 0xb5, 0x85, 0xb5, 0x87, 0xb6, 0x88, 0x08, 0xf8, 0x36, 0x29, 0x1d, 0xfc, 0x14, 0x06,
0x38, 0xfc, 0x70, 0x05, 0xf7, 0xe2, 0x29, 0x1d, 0xfb, 0xe1, 0x06, 0x2f, 0xfc, 0xa1, 0x05, 0xf8,
0x20, 0x06, 0xfd, 0x3d, 0x79, 0x15, 0x9b, 0x8a, 0x9b, 0x8b, 0x9c, 0x8c, 0x08, 0x9b, 0x9b, 0x8b,
0x9b, 0x1b, 0xf7, 0x69, 0x1c, 0x04, 0xa4, 0x7c, 0x8c, 0x7b, 0x8d, 0x7b, 0x8c, 0x19, 0x8c, 0x7b,
0x7b, 0x8c, 0x7b, 0x1b, 0x56, 0x8c, 0x5e, 0x80, 0x68, 0x76, 0x68, 0x75, 0x6e, 0x6e, 0x75, 0x68,
0x75, 0x68, 0x7a, 0x63, 0x7f, 0x5e, 0x7f, 0x5e, 0x82, 0x5f, 0x85, 0x5e, 0x44, 0xfc, 0x5b, 0x18,
0x88, 0x74, 0x89, 0x72, 0x89, 0x70, 0x88, 0x70, 0x8a, 0x70, 0x8c, 0x70, 0x8c, 0x70, 0x8e, 0x72,
0x90, 0x72, 0x90, 0x72, 0x93, 0x74, 0x98, 0x78, 0x97, 0x78, 0x9b, 0x7b, 0xa0, 0x7f, 0xa0, 0x7e,
0xa5, 0x84, 0xab, 0x8a, 0x08, 0x0e, 0xf8, 0x53, 0xfa, 0xe3, 0x15, 0xa9, 0x8a, 0xa8, 0x87, 0xa7,
0x82, 0xa6, 0x82, 0xa4, 0x7f, 0xa2, 0x7b, 0x98, 0x81, 0x98, 0x80, 0x97, 0x7e, 0x96, 0x7e, 0x95,
0x7c, 0x94, 0x7b, 0x98, 0x9a, 0x99, 0x99, 0x9a, 0x99, 0x99, 0x98, 0x9a, 0x97, 0x9b, 0x96, 0xa2,
0x9a, 0xa3, 0x98, 0xa5, 0x94, 0x08, 0xa5, 0x94, 0xa7, 0x8f, 0xa9, 0x8a, 0xb1, 0x8a, 0xac, 0x85,
0xa8, 0x7e, 0xa8, 0x7e, 0xa3, 0x7b, 0x9f, 0x76, 0x9f, 0x76, 0x9b, 0x72, 0x98, 0x6f, 0x97, 0x6f,
0x94, 0x6d, 0x91, 0x6c, 0x91, 0x6c, 0x8e, 0x6b, 0x8c, 0x6a, 0x08, 0x6a, 0x89, 0x6b, 0x88, 0x6c,
0x1e, 0x6f, 0xfb, 0x49, 0xfc, 0x4c, 0x8c, 0x81, 0x48, 0x89, 0x7c, 0x89, 0x7a, 0x89, 0x77, 0x19,
0x89, 0x77, 0x8a, 0x76, 0x75, 0x1a, 0x75, 0x8d, 0x75, 0x8e, 0x76, 0x1e, 0x8e, 0x76, 0x90, 0x77,
0x94, 0x7a, 0x93, 0x7a, 0x96, 0x7d, 0x99, 0x80, 0x99, 0x80, 0x9d, 0x85, 0xa2, 0x8a, 0x9e, 0x8a,
0x9d, 0x8d, 0x9d, 0x8e, 0x9c, 0x8e, 0x9c, 0x90, 0x9b, 0x92, 0x9a, 0x91, 0x9a, 0x92, 0x9a, 0x94,
0x99, 0x93, 0x99, 0x94, 0x98, 0x94, 0xb7, 0xfb, 0x13, 0x18, 0x7c, 0x7c, 0x7b, 0x7e, 0x7a, 0x80,
0x7a, 0x80, 0x79, 0x81, 0x78, 0x84, 0x75, 0x82, 0x74, 0x85, 0x73, 0x87, 0x72, 0x87, 0x73, 0x89,
0x72, 0x8c, 0x6c, 0x8c, 0x6d, 0x8f, 0x6e, 0x93, 0x6e, 0x93, 0x71, 0x97, 0x74, 0x9c, 0x7e, 0x94,
0x7e, 0x96, 0x80, 0x98, 0x08, 0x7f, 0x97, 0x80, 0x99, 0x82, 0x9b, 0x84, 0x82, 0x83, 0x83, 0x83,
0x84, 0x83, 0x83, 0x83, 0x83, 0x82, 0x84, 0x6d, 0x72, 0x6a, 0x77, 0x68, 0x7d, 0x68, 0x7c, 0x64,
0x85, 0x60, 0x8c, 0x62, 0x8c, 0x68, 0x92, 0x6d, 0x99, 0x6c, 0x99, 0x72, 0x9e, 0x76, 0xa2, 0x08,
0x76, 0xa2, 0x7a, 0xa5, 0x7e, 0xaa, 0x7e, 0xaa, 0x81, 0xab, 0x85, 0xad, 0x08, 0x84, 0xac, 0x88,
0xae, 0xae, 0x1a, 0x8a, 0xae, 0x8d, 0xae, 0x8f, 0xac, 0xa7, 0xf7, 0x59, 0x18, 0x91, 0xb6, 0x94,
0xb7, 0x98, 0xb8, 0x98, 0xb7, 0x9b, 0xb5, 0xa0, 0xb3, 0x97, 0xa2, 0x99, 0xa1, 0x9b, 0xa1, 0x9b,
0xa1, 0x9c, 0x9e, 0x9e, 0x9c, 0xa8, 0xa5, 0xac, 0x9f, 0xb1, 0x9a, 0xb0, 0x9a, 0xb6, 0x92, 0xba,
0x8a, 0x08, 0xfb, 0x88, 0xfd, 0x2c, 0x15, 0x8a, 0x7c, 0x89, 0x7a, 0x89, 0x76, 0x08, 0x89, 0x76,
0x8a, 0x75, 0x74, 0x1a, 0x74, 0x8d, 0x75, 0x8e, 0x74, 0x1e, 0x8e, 0x74, 0x90, 0x77, 0x94, 0x79,
0x93, 0x79, 0x96, 0x7c, 0x9a, 0x80, 0x99, 0x7f, 0x9e, 0x85, 0xa2, 0x8a, 0xa4, 0x8a, 0xa1, 0x8f,
0x9e, 0x96, 0x9e, 0x95, 0x9b, 0x99, 0x99, 0x9c, 0x99, 0x9c, 0x97, 0x9e, 0x95, 0xa2, 0x94, 0xa1,
0x93, 0xa2, 0x92, 0xa2, 0x08, 0x91, 0xa2, 0x90, 0xa2, 0x8f, 0xa2, 0x8e, 0xa2, 0x8e, 0x9f, 0x8e,
0x9d, 0xa6, 0xf7, 0x5c, 0x18, 0x8d, 0x9a, 0x8d, 0x9d, 0x8d, 0xa0, 0x08, 0x8c, 0xa0, 0x8c, 0xa1,
0xa2, 0x1a, 0xa2, 0x89, 0xa1, 0x88, 0xa2, 0x1e, 0x88, 0xa1, 0x85, 0x9f, 0x83, 0x9e, 0x82, 0x9d,
0x80, 0x9a, 0x7c, 0x97, 0x7c, 0x96, 0x79, 0x91, 0x74, 0x8c, 0x72, 0x8c, 0x76, 0x86, 0x78, 0x81,
0x78, 0x81, 0x7a, 0x7e, 0x7d, 0x7a, 0x7d, 0x7a, 0x7f, 0x77, 0x82, 0x75, 0x81, 0x74, 0x83, 0x74,
0x85, 0x74, 0x08, 0x84, 0x73, 0x86, 0x74, 0x87, 0x74, 0x87, 0x74, 0x88, 0x77, 0x89, 0x79, 0x08,
0xf8, 0x80, 0x8e, 0x15, 0xf7, 0xa2, 0x91, 0x97, 0xe0, 0x05, 0x8d, 0x9e, 0x8c, 0xa1, 0xa4, 0x1a,
0xa4, 0x88, 0xa2, 0x85, 0xa1, 0x1e, 0x88, 0x94, 0x88, 0x93, 0x88, 0x94, 0x87, 0x93, 0x86, 0x92,
0x86, 0x92, 0x84, 0x95, 0x81, 0x93, 0x80, 0x91, 0x80, 0x91, 0x7d, 0x8e, 0x7b, 0x8c, 0x76, 0x8c,
0x78, 0x86, 0x7a, 0x81, 0x7a, 0x81, 0x7d, 0x7d, 0x7f, 0x7a, 0x7e, 0x7a, 0x81, 0x77, 0x82, 0x76,
0x08, 0x82, 0x75, 0x83, 0x75, 0x85, 0x75, 0x84, 0x74, 0x86, 0x76, 0x87, 0x76, 0x87, 0x76, 0x87,
0x7a, 0x88, 0x7c, 0x08, 0x0e, 0xfa, 0xaa, 0xfa, 0x24, 0x15, 0x8f, 0x5e, 0x8c, 0x5e, 0x8a, 0x5d,
0x8a, 0x5c, 0x87, 0x5c, 0x85, 0x5c, 0x83, 0x4c, 0x18, 0x84, 0x56, 0x7f, 0x56, 0x7a, 0x57, 0x7a,
0x57, 0x76, 0x5a, 0x71, 0x5d, 0x73, 0x64, 0x70, 0x67, 0x6e, 0x68, 0x6e, 0x68, 0x6a, 0x6d, 0x67,
0x72, 0x62, 0x6f, 0x5d, 0x75, 0x5a, 0x7c, 0x5a, 0x7b, 0x55, 0x84, 0x51, 0x8c, 0x49, 0x8d, 0x50,
0x99, 0x56, 0xa5, 0x08, 0x56, 0xa4, 0x5e, 0xae, 0x67, 0xb6, 0x67, 0xb6, 0x71, 0xbe, 0x7a, 0xc4,
0x7a, 0xc4, 0x86, 0xc8, 0x91, 0xcc, 0x92, 0xd3, 0x9d, 0xcf, 0xa9, 0xcb, 0xa8, 0xca, 0xb2, 0xc3,
0xbb, 0xba, 0xbb, 0xba, 0xc3, 0xb0, 0xcb, 0xa6, 0xca, 0xa6, 0xd0, 0x97, 0xd6, 0x89, 0x08, 0xa6,
0x8a, 0xa5, 0x88, 0xa4, 0x86, 0xa4, 0x85, 0xa3, 0x83, 0xa2, 0x80, 0xa2, 0x80, 0xa2, 0x7f, 0xa0,
0x7c, 0xa0, 0x7c, 0x9e, 0x79, 0x9d, 0x78, 0x8c, 0xc8, 0x84, 0xc6, 0x7c, 0xc4, 0x7c, 0xc4, 0x72,
0xc2, 0x6a, 0xbe, 0xfb, 0xb3, 0xfb, 0x2c, 0x18, 0x51, 0xf6, 0xf7, 0x91, 0xf7, 0x19, 0x74, 0x9e,
0x72, 0x9a, 0x72, 0x98, 0x19, 0x72, 0x98, 0x70, 0x96, 0x6f, 0x96, 0xd2, 0xf7, 0x31, 0x18, 0xbb,
0x7c, 0xb8, 0x77, 0xb5, 0x74, 0xb5, 0x73, 0xb2, 0x6e, 0xaf, 0x69, 0xf7, 0x8e, 0xf7, 0x19, 0x18,
0xc5, 0xfb, 0x01, 0xfb, 0x74, 0xfb, 0x07, 0xaa, 0x4f, 0xa4, 0x4e, 0x9d, 0x4d, 0x19, 0x9c, 0x4c,
0x97, 0x4c, 0x90, 0x4c, 0x08, 0xfb, 0xc8, 0xfd, 0x13, 0x15, 0x98, 0x9e, 0x98, 0xa0, 0x96, 0xa0,
0x96, 0xa0, 0x95, 0xa1, 0x94, 0xa1, 0x96, 0xa8, 0x95, 0xa8, 0x92, 0xa8, 0x92, 0xa8, 0x91, 0xa7,
0x90, 0xa7, 0x95, 0xcb, 0x18, 0x92, 0xbf, 0x7e, 0xa5, 0x7b, 0xa1, 0x76, 0x9d, 0x19, 0x76, 0x9c,
0x74, 0x9a, 0x72, 0x96, 0x72, 0x96, 0x70, 0x93, 0x6f, 0x90, 0x08, 0x90, 0x6f, 0x70, 0x8d, 0x70,
0x1b, 0x58, 0x8c, 0x5d, 0x81, 0x62, 0x76, 0x62, 0x76, 0x67, 0x6f, 0x6c, 0x68, 0x6c, 0x68, 0x73,
0x64, 0x78, 0x5f, 0x78, 0x5e, 0x7f, 0x5e, 0x86, 0x5d, 0x86, 0x63, 0x8c, 0x64, 0x93, 0x64, 0x92,
0x64, 0x99, 0x69, 0x9f, 0x6c, 0x9f, 0x6c, 0xa5, 0x72, 0xac, 0x78, 0x08, 0xab, 0x77, 0xb1, 0x80,
0xb7, 0x8a, 0xc6, 0x89, 0xbf, 0x98, 0xb8, 0xa6, 0xb7, 0xa6, 0xb1, 0xae, 0xaa, 0xb6, 0x08, 0x0e,
0xf8, 0x80, 0x1c, 0x05, 0xb0, 0x15, 0x58, 0xfb, 0xb9, 0xf7, 0x94, 0x8a, 0xc9, 0x89, 0xc4, 0x81,
0xc0, 0x78, 0x19, 0xbf, 0x78, 0xb8, 0x6f, 0xb0, 0x68, 0xb0, 0x68, 0xa8, 0x60, 0x9e, 0x58, 0x9e,
0x58, 0x91, 0x50, 0x86, 0x4a, 0x85, 0x44, 0x78, 0x4c, 0x6c, 0x55, 0x6c, 0x55, 0x63, 0x5e, 0x5b,
0x67, 0x5a, 0x66, 0x54, 0x70, 0x4d, 0x79, 0x08, 0x78, 0x4d, 0x4a, 0x82, 0x48, 0x1b, 0xfb, 0xab,
0x8c, 0x54, 0xfb, 0xcd, 0x36, 0x1d, 0xf3, 0xfc, 0x51, 0x15, 0x2c, 0xfc, 0xb6, 0xf7, 0x95, 0x89,
0x05, 0xb6, 0xb5, 0x91, 0x98, 0xb3, 0x1f, 0xb3, 0x97, 0xaf, 0x9d, 0xaa, 0xa3, 0xaa, 0xa3, 0xa6,
0xa8, 0xa0, 0xae, 0xa0, 0xae, 0x98, 0xb3, 0x91, 0xb8, 0x90, 0xb2, 0x89, 0xaf, 0x82, 0xab, 0x82,
0xab, 0x7c, 0xa7, 0x76, 0xa2, 0x76, 0xa2, 0x71, 0x9d, 0x6c, 0x98, 0x6c, 0x98, 0x68, 0x93, 0x64,
0x8c, 0x08, 0x0e, 0xf9, 0x67, 0x94, 0x15, 0x72, 0x81, 0x71, 0x83, 0x6f, 0x86, 0x6f, 0x86, 0x6e,
0x88, 0x6c, 0x8c, 0x6c, 0x8c, 0x6c, 0x8e, 0x6e, 0x92, 0x6d, 0x91, 0x6f, 0x95, 0x71, 0x98, 0x76,
0x95, 0x78, 0x98, 0x78, 0x9a, 0x78, 0x9a, 0x79, 0x9c, 0x7b, 0x9e, 0x2a, 0xfc, 0xa0, 0x2a, 0x1d,
0xf7, 0xeb, 0x1c, 0x07, 0xb6, 0x05, 0xf7, 0x48, 0x06, 0xfb, 0x02, 0xfc, 0xe1, 0x9f, 0xa0, 0xa0,
0x9d, 0xa1, 0x9c, 0x19, 0xa1, 0x9b, 0xa2, 0x98, 0xa3, 0x96, 0xa6, 0x98, 0xa7, 0x94, 0xaa, 0x92,
0xa9, 0x91, 0xab, 0x8e, 0xac, 0x8a, 0xbc, 0x8a, 0xb5, 0x82, 0xb0, 0x7b, 0xb0, 0x7a, 0xaa, 0x76,
0xa5, 0x70, 0xa4, 0x70, 0xa0, 0x6b, 0x9c, 0x68, 0x9b, 0x67, 0x97, 0x65, 0x93, 0x63, 0x08, 0x93,
0x63, 0x8f, 0x62, 0x8c, 0x61, 0x8c, 0x60, 0x89, 0x62, 0x87, 0x63, 0x88, 0x76, 0x18, 0x86, 0x5f,
0x82, 0x5f, 0x7f, 0x5e, 0x7f, 0x5e, 0x7b, 0x5f, 0x78, 0x62, 0x80, 0x72, 0x7e, 0x74, 0x7d, 0x74,
0x7c, 0x74, 0x7c, 0x75, 0x7a, 0x76, 0x76, 0x70, 0x72, 0x73, 0x6f, 0x76, 0x6f, 0x76, 0x6e, 0x79,
0x6c, 0x7c, 0x08, 0xfb, 0x68, 0xf7, 0x0d, 0x15, 0xa9, 0x8a, 0xa7, 0x8f, 0xa5, 0x92, 0xa4, 0x92,
0xa3, 0x94, 0xa0, 0x98, 0x9e, 0x96, 0x9c, 0x99, 0x9b, 0x9a, 0x9b, 0x9a, 0x9a, 0x9c, 0x98, 0x9e,
0xa7, 0xb2, 0xa1, 0xb7, 0x9c, 0xbc, 0x9b, 0xbc, 0x96, 0xbb, 0x92, 0xba, 0x8d, 0xa0, 0x18, 0x8e,
0xa6, 0x8d, 0xa7, 0x8c, 0xa8, 0x08, 0xa8, 0x89, 0xa8, 0x87, 0xa8, 0x1e, 0x87, 0xa7, 0x84, 0xa6,
0x82, 0xa5, 0x81, 0xa5, 0x7e, 0xa2, 0x7a, 0x9f, 0x7a, 0x9e, 0x77, 0x9b, 0x72, 0x97, 0x72, 0x97,
0x6e, 0x92, 0x69, 0x8c, 0x73, 0x8c, 0x74, 0x89, 0x75, 0x86, 0x74, 0x86, 0x76, 0x83, 0x77, 0x82,
0x70, 0x7e, 0x73, 0x7a, 0x74, 0x76, 0x08, 0x74, 0x76, 0x75, 0x74, 0x78, 0x72, 0x30, 0xfc, 0x9c,
0x18, 0x96, 0x74, 0x97, 0x76, 0x9a, 0x79, 0x99, 0x79, 0x9b, 0x7c, 0x9d, 0x7e, 0x9d, 0x7f, 0x9f,
0x82, 0xa2, 0x84, 0xa1, 0x84, 0xa3, 0x88, 0xa5, 0x8a, 0x08, 0x0e, 0xf7, 0x83, 0x16, 0xfb, 0x48,
0x06, 0xf7, 0x4e, 0xfa, 0xd3, 0x94, 0xc7, 0x9a, 0xc6, 0xa2, 0xc4, 0x19, 0xa1, 0xc4, 0xa9, 0xbe,
0xb0, 0xb8, 0xb0, 0xb7, 0xb7, 0xae, 0xbf, 0xa6, 0xbe, 0xa5, 0xc7, 0x97, 0xcf, 0x89, 0xbc, 0x8a,
0xb7, 0x82, 0xb2, 0x7b, 0xb2, 0x7b, 0xab, 0x75, 0xa6, 0x6e, 0xa6, 0x6e, 0x9f, 0x69, 0x98, 0x63,
0x98, 0x63, 0x8f, 0x5f, 0x87, 0x5a, 0x08, 0x88, 0x62, 0x80, 0x65, 0x7a, 0x69, 0x7a, 0x69, 0x78,
0x6a, 0x77, 0x6b, 0x76, 0x6b, 0x78, 0x6b, 0x78, 0x6a, 0x78, 0x6a, 0x7f, 0x68, 0x85, 0x64, 0x86,
0x6d, 0x8c, 0x6f, 0x94, 0x70, 0x94, 0x70, 0x97, 0x72, 0x9b, 0x72, 0x9b, 0x72, 0x9d, 0x72, 0x9f,
0x72, 0x08, 0x9e, 0x72, 0x9e, 0x72, 0x9c, 0x71, 0x9c, 0x71, 0x98, 0x70, 0x96, 0x6e, 0x96, 0x6e,
0x8f, 0x6c, 0x89, 0x6a, 0x88, 0x56, 0x7f, 0x5b, 0x78, 0x60, 0x77, 0x60, 0x71, 0x66, 0x6a, 0x6c,
0x6a, 0x6c, 0x64, 0x74, 0x5e, 0x7b, 0x5e, 0x7b, 0x5a, 0x83, 0x56, 0x8c, 0x08, 0x5b, 0x59, 0x90,
0x96, 0x57, 0x1f, 0x57, 0x96, 0x5d, 0x9e, 0x63, 0xa6, 0xc1, 0xf7, 0x30, 0x18, 0xab, 0x75, 0xae,
0x79, 0xb1, 0x7c, 0x08, 0x7c, 0xb1, 0xb2, 0x84, 0xb2, 0x1b, 0xa8, 0xa5, 0x8f, 0x94, 0xa3, 0x1f,
0xa3, 0x94, 0xa0, 0x97, 0x9e, 0x9c, 0x9d, 0x9b, 0x9a, 0x9f, 0x97, 0xa2, 0x96, 0xa2, 0x93, 0xa4,
0x8f, 0xa7, 0x90, 0xab, 0x88, 0xa9, 0x82, 0xa6, 0x81, 0xa6, 0x7e, 0xa6, 0x7b, 0xa4, 0x7a, 0xa4,
0x79, 0xa5, 0x77, 0xa4, 0x77, 0xa4, 0x79, 0xa4, 0x7a, 0xa6, 0x08, 0x7a, 0xa5, 0x7d, 0xa7, 0x81,
0xa9, 0x80, 0xa8, 0x88, 0xab, 0x8e, 0xae, 0x8f, 0xb8, 0x9b, 0xb6, 0xa6, 0xb6, 0xa6, 0xb6, 0xa5,
0xb1, 0xa2, 0xac, 0xa1, 0xaa, 0x9b, 0xa6, 0x95, 0xa2, 0x94, 0xa2, 0x92, 0xa3, 0x8e, 0xa4, 0x8e,
0xa2, 0x8a, 0xa1, 0x88, 0xa2, 0x08, 0x87, 0xa2, 0x84, 0x9f, 0x81, 0x9e, 0x80, 0x9d, 0x7d, 0x9a,
0x79, 0x97, 0x79, 0x96, 0x75, 0x92, 0x71, 0x8c, 0x60, 0x8d, 0x66, 0x82, 0x6c, 0x77, 0x6c, 0x77,
0x70, 0x71, 0x76, 0x6c, 0x76, 0x6b, 0x7a, 0x68, 0x7f, 0x64, 0x7f, 0x64, 0x82, 0x67, 0x86, 0x68,
0x08, 0x0e, 0xf9, 0xe0, 0xf8, 0x12, 0x15, 0x8f, 0xaf, 0x88, 0xab, 0x80, 0xa6, 0x80, 0xa6, 0x7a,
0xa4, 0x76, 0xa0, 0x76, 0xa0, 0x72, 0x9d, 0x6f, 0x9a, 0x6f, 0x9a, 0x6e, 0x99, 0x6d, 0x96, 0x5a,
0x9e, 0x5d, 0xa2, 0x60, 0xa4, 0x60, 0xa4, 0x67, 0xa9, 0x6c, 0xae, 0x6c, 0xad, 0x73, 0xb2, 0x7b,
0xb8, 0x08, 0x7b, 0xb7, 0x85, 0xbe, 0x8f, 0xc5, 0x93, 0xf7, 0x07, 0xb4, 0xe8, 0xd5, 0xd0, 0xd5,
0xcf, 0xe8, 0xb5, 0xf7, 0x05, 0x98, 0xb2, 0xf7, 0x70, 0x18, 0xf7, 0x26, 0x06, 0x63, 0xfb, 0x72,
0xf7, 0x07, 0x74, 0xd8, 0x53, 0xb2, 0x31, 0x19, 0xb2, 0x31, 0x9b, 0x29, 0x84, 0x22, 0x08, 0xfb,
0x48, 0x06, 0x8f, 0xcf, 0x81, 0xcf, 0x72, 0xce, 0x73, 0xce, 0x55, 0xad, 0x37, 0x8e, 0x3f, 0x8c,
0x4d, 0x76, 0x59, 0x5e, 0x5a, 0x5f, 0x6e, 0x50, 0x83, 0x43, 0x87, 0x65, 0x8f, 0x6a, 0x96, 0x70,
0x96, 0x6f, 0x9c, 0x73, 0xa1, 0x76, 0xa0, 0x76, 0xa4, 0x79, 0xa8, 0x7c, 0x08, 0xa8, 0x7c, 0xa9,
0x7d, 0xaa, 0x7f, 0xbc, 0x77, 0xb8, 0x75, 0xb6, 0x72, 0xb5, 0x72, 0xaf, 0x6d, 0xaa, 0x6a, 0xa9,
0x69, 0xa2, 0x64, 0x9b, 0x5f, 0x9a, 0x5f, 0x91, 0x58, 0x87, 0x51, 0x83, 0xfb, 0x10, 0x5e, 0x2d,
0x39, 0x49, 0x38, 0x4a, 0x2a, 0x64, 0xfb, 0x06, 0x7f, 0x68, 0xfb, 0x54, 0x18, 0xfb, 0x26, 0x06,
0xae, 0xf7, 0x55, 0xfb, 0x09, 0x9c, 0x37, 0xbd, 0x57, 0xdd, 0x19, 0x57, 0xde, 0x74, 0xed, 0x92,
0xf7, 0x06, 0x08, 0x21, 0x1d, 0x86, 0x3c, 0x99, 0x48, 0xad, 0x53, 0xad, 0x52, 0xc7, 0x6e, 0xe2,
0x8a, 0xd8, 0x88, 0xcf, 0x9f, 0xc8, 0xb5, 0xc7, 0xb4, 0xae, 0xc9, 0x94, 0xdb, 0x08, 0x0e, 0xf8,
0xad, 0x75, 0x1d, 0x59, 0x7c, 0x5d, 0x72, 0x61, 0x72, 0x61, 0x6b, 0x67, 0x66, 0x6c, 0x65, 0x6c,
0x61, 0x72, 0x5c, 0x78, 0x5c, 0x78, 0x5c, 0x7e, 0x5b, 0x86, 0x64, 0xfb, 0x77, 0x2a, 0x1d, 0xb5,
0xf7, 0x86, 0x6b, 0x94, 0x6e, 0x98, 0x71, 0x9b, 0x19, 0x70, 0x9a, 0x73, 0x9e, 0x76, 0xa0, 0x6f,
0xa8, 0x74, 0xad, 0x78, 0xb1, 0x78, 0xb1, 0x7c, 0xb4, 0x82, 0xb6, 0x84, 0xab, 0x87, 0xac, 0x8a,
0xae, 0x8a, 0xad, 0x8c, 0xae, 0x8e, 0xae, 0x90, 0xb6, 0x18, 0x93, 0xcd, 0x9c, 0xca, 0xa4, 0xc8,
0xa4, 0xc7, 0xab, 0xc1, 0xb3, 0xbc, 0xb2, 0xbb, 0xba, 0xb3, 0xc1, 0xac, 0xc0, 0xac, 0xc7, 0xa0,
0xcd, 0x94, 0xb2, 0xf7, 0x71, 0x31, 0x0a, 0x63, 0xfb, 0x78, 0xb7, 0x81, 0xb3, 0x7b, 0xaf, 0x74,
0x19, 0xaf, 0x74, 0xaa, 0x70, 0xa4, 0x6a, 0xa4, 0x6a, 0x9f, 0x65, 0x98, 0x61, 0x98, 0x61, 0x90,
0x5e, 0x89, 0x5a, 0xfb, 0x3e, 0x8c, 0x18, 0x8c, 0xac, 0x87, 0xaa, 0x82, 0xa8, 0x82, 0xa8, 0x7d,
0xa4, 0x78, 0xa1, 0x78, 0xa0, 0x73, 0x9c, 0x70, 0x98, 0x70, 0x98, 0x6c, 0x92, 0x68, 0x8c, 0x66,
0x8c, 0x6a, 0x87, 0x6c, 0x82, 0x6c, 0x81, 0x6e, 0x7d, 0x72, 0x79, 0x71, 0x78, 0x74, 0x74, 0x76,
0x72, 0x08, 0x76, 0x71, 0x79, 0x6e, 0x7c, 0x6c, 0x7d, 0x6f, 0x7f, 0x6d, 0x82, 0x6c, 0x82, 0x6b,
0x84, 0x6b, 0x87, 0x6c, 0x86, 0x61, 0x18, 0x88, 0x6e, 0x89, 0x6e, 0x6d, 0x1a, 0x6d, 0x8e, 0x6e,
0x90, 0x6f, 0x1e, 0x90, 0x6e, 0x92, 0x70, 0x96, 0x72, 0x96, 0x71, 0x99, 0x75, 0x9d, 0x78, 0x9d,
0x78, 0xa1, 0x7b, 0xa5, 0x7f, 0xa4, 0x7f, 0xaa, 0x85, 0xae, 0x8a, 0x08, 0x0e, 0xf8, 0x5a, 0xf9,
0x06, 0x15, 0x6d, 0xfb, 0x75, 0x84, 0x5c, 0x80, 0x5e, 0x7a, 0x61, 0x19, 0x7a, 0x61, 0x73, 0x64,
0x6c, 0x72, 0x1d, 0xa5, 0x91, 0xa4, 0x90, 0xa4, 0x8e, 0xa2, 0xa9, 0xf7, 0x76, 0x18, 0xfb, 0x34,
0x06, 0xa5, 0xf7, 0x2c, 0x05, 0xf7, 0x30, 0x06, 0xac, 0xf7, 0x98, 0x93, 0xcc, 0x9d, 0xc6, 0xa7,
0xc1, 0x19, 0xa6, 0xc1, 0xaf, 0xba, 0xb6, 0xb2, 0xb6, 0xb2, 0xbd, 0xa9, 0xc4, 0xa0, 0xc4, 0xa0,
0xc8, 0x95, 0xcd, 0x8a, 0xc5, 0x8a, 0xbe, 0x80, 0xb8, 0x78, 0xb7, 0x77, 0xb0, 0x70, 0xa9, 0x69,
0xa9, 0x69, 0xa1, 0x63, 0x99, 0x5c, 0x99, 0x5c, 0x91, 0x58, 0x88, 0x52, 0xfb, 0x4a, 0x8c, 0x18,
0x8d, 0xac, 0x89, 0xaa, 0x85, 0xa8, 0x84, 0xa8, 0x80, 0xa4, 0x7b, 0xa0, 0x7b, 0xa0, 0x76, 0x9b,
0x72, 0x97, 0x71, 0x97, 0x6c, 0x92, 0x68, 0x8c, 0x62, 0x8c, 0x67, 0x84, 0x6a, 0x7c, 0x6a, 0x7b,
0x6e, 0x76, 0x73, 0x70, 0x73, 0x70, 0x78, 0x6c, 0x7c, 0x68, 0x08, 0x7c, 0x68, 0x80, 0x67, 0x86,
0x66, 0x69, 0xfb, 0x9a, 0x18, 0xf7, 0xcb, 0x29, 0x1d, 0x0e, 0xfa, 0xdc, 0x29, 0x0a, 0xf7, 0x6e,
0x06, 0xfc, 0xa9, 0xfd, 0x64, 0x05, 0xf7, 0xc3, 0x06, 0x75, 0xfb, 0x0d, 0xfc, 0x03, 0x8e, 0x85,
0x84, 0x69, 0xfb, 0x39, 0x05, 0xf8, 0x0f, 0x06, 0x75, 0xfb, 0x0c, 0x05, 0xfc, 0x0c, 0x06, 0x52,
0xfb, 0xda, 0x24, 0x1d, 0xc4, 0xf7, 0xda, 0x05, 0xfc, 0x05, 0x06, 0xa0, 0xf7, 0x0c, 0x05, 0xf8,
0x04, 0x06, 0xa9, 0xf7, 0x3d, 0x05, 0xfc, 0x05, 0x06, 0xa0, 0xf7, 0x0d, 0x05, 0xf7, 0xcd, 0x06,
0xfb, 0xb0, 0xf9, 0x64, 0x05, 0xf7, 0x57, 0x06, 0xf7, 0x69, 0xfc, 0xed, 0xa6, 0x40, 0xbe, 0xd4,
0x05, 0x0e, 0xfa, 0x2e, 0xfa, 0x3f, 0x15, 0xfb, 0x62, 0x06, 0xfb, 0x2b, 0xfe, 0x73, 0x84, 0x53,
0x7d, 0x57, 0x77, 0x5c, 0x19, 0x76, 0x5b, 0x70, 0x62, 0x69, 0x68, 0x69, 0x68, 0x63, 0x71, 0x5c,
0x78, 0x5c, 0x78, 0x56, 0x82, 0x4f, 0x8c, 0x6f, 0x8c, 0x70, 0x8e, 0x71, 0x92, 0x70, 0x91, 0x71,
0x94, 0x72, 0x97, 0xa7, 0xf7, 0x27, 0x18, 0xa0, 0x80, 0xa2, 0x82, 0xa4, 0x85, 0xa3, 0x85, 0xa3,
0x88, 0xa3, 0x8a, 0xac, 0x8a, 0xa8, 0x92, 0xa4, 0x99, 0xa4, 0x98, 0xa0, 0x9d, 0x9c, 0xa2, 0x9c,
0xa2, 0x99, 0xa4, 0x96, 0xa8, 0x95, 0xa7, 0x92, 0xa8, 0x8f, 0xa8, 0xf7, 0x2c, 0xfa, 0x73, 0x18,
0xfb, 0x40, 0x06, 0xa1, 0xf7, 0x23, 0x05, 0xf7, 0x40, 0x06, 0x97, 0xee, 0x93, 0xc9, 0x9b, 0xc3,
0xa4, 0xbd, 0x19, 0xa4, 0xbc, 0xab, 0xb5, 0xb3, 0xae, 0xb2, 0xae, 0xb9, 0xa5, 0xc0, 0x9e, 0xbf,
0x9d, 0xc5, 0x93, 0xca, 0x8a, 0xaa, 0x8a, 0xaa, 0x87, 0xa8, 0x84, 0xa8, 0x83, 0xa9, 0x82, 0xa8,
0x81, 0x6a, 0xfb, 0x28, 0x18, 0x77, 0x95, 0x76, 0x93, 0x75, 0x90, 0x08, 0x90, 0x75, 0x75, 0x8e,
0x74, 0x1b, 0x64, 0x8c, 0x66, 0x86, 0x6a, 0x81, 0x6a, 0x80, 0x6e, 0x7c, 0x72, 0x76, 0x72, 0x76,
0x76, 0x71, 0x7b, 0x6d, 0x7b, 0x6c, 0x80, 0x68, 0x85, 0x64, 0x7d, 0x28, 0x18, 0xf7, 0x62, 0x06,
0x0e, 0xf9, 0xcd, 0xdd, 0x15, 0x5d, 0x6b, 0x5b, 0x72, 0x59, 0x78, 0x59, 0x78, 0x56, 0x83, 0x52,
0x8c, 0x58, 0x8c, 0x5b, 0x94, 0x5d, 0x9c, 0x5c, 0x9c, 0x60, 0xa5, 0x64, 0xac, 0xfb, 0x0c, 0xfb,
0x01, 0x18, 0xfb, 0x03, 0xf7, 0x24, 0xf7, 0x14, 0xf7, 0x00, 0x7d, 0xb9, 0x82, 0xba, 0x87, 0xba,
0x19, 0x86, 0xba, 0x8c, 0xba, 0x91, 0xbb, 0x93, 0xc6, 0x9a, 0xc2, 0xa2, 0xc0, 0xa2, 0xbf, 0xa9,
0xbd, 0xb1, 0xb9, 0x2b, 0xf7, 0x15, 0x18, 0xf7, 0x22, 0xf7, 0x14, 0xe5, 0xfb, 0x0d, 0xb7, 0xa7,
0xb9, 0xa1, 0xbb, 0x9c, 0x19, 0xba, 0x9b, 0xbd, 0x93, 0xc0, 0x8a, 0xbb, 0x8a, 0xb9, 0x83, 0xb8,
0x7b, 0xb7, 0x7b, 0xb4, 0x74, 0xb0, 0x6d, 0xf7, 0x21, 0xf7, 0x12, 0x18, 0xf7, 0x04, 0xfb, 0x26,
0xfb, 0x22, 0xfb, 0x0d, 0x9a, 0x5c, 0x96, 0x5b, 0x90, 0x5a, 0x19, 0x90, 0x5a, 0x8b, 0x5a, 0x84,
0x59, 0x84, 0x54, 0x7d, 0x56, 0x76, 0x5a, 0x76, 0x5a, 0x70, 0x5c, 0x6a, 0x5e, 0xe7, 0xfb, 0x10,
0x18, 0xfb, 0x23, 0xfb, 0x13, 0x05, 0xfd, 0x00, 0xf8, 0xa9, 0x15, 0x88, 0x73, 0x8a, 0x73, 0x8d,
0x72, 0x8c, 0x72, 0x8f, 0x74, 0x90, 0x74, 0x94, 0x6c, 0x97, 0x6e, 0x9a, 0x70, 0x9b, 0x70, 0x9e,
0x73, 0xa2, 0x77, 0x9e, 0x7b, 0xa1, 0x7e, 0xa4, 0x82, 0xa3, 0x81, 0xa6, 0x86, 0xa8, 0x8a, 0xae,
0x8a, 0xad, 0x90, 0xab, 0x96, 0x08, 0xaa, 0x95, 0xa9, 0x99, 0xa6, 0x9d, 0xa8, 0xa0, 0xa6, 0xa3,
0xa2, 0xa7, 0xa2, 0xa6, 0xa0, 0xa9, 0x9c, 0xac, 0x97, 0xa3, 0x95, 0xa4, 0x94, 0xa6, 0x93, 0xa5,
0x91, 0xa5, 0x8e, 0xa5, 0x8e, 0xa1, 0x8b, 0xa2, 0x8a, 0xa2, 0x8a, 0xa2, 0x88, 0xa1, 0x86, 0xa1,
0x08, 0x84, 0xac, 0x7f, 0xab, 0x7b, 0xa8, 0x7b, 0xa8, 0x77, 0xa3, 0x72, 0xa0, 0x78, 0x9a, 0x76,
0x98, 0x73, 0x94, 0x73, 0x94, 0x71, 0x90, 0x6e, 0x8c, 0x6b, 0x8c, 0x6c, 0x87, 0x6d, 0x83, 0x6d,
0x82, 0x6f, 0x7f, 0x72, 0x7b, 0x6c, 0x79, 0x6f, 0x74, 0x72, 0x6f, 0x08, 0x71, 0x6f, 0x76, 0x6d,
0x7a, 0x6b, 0x7c, 0x71, 0x7f, 0x70, 0x82, 0x6f, 0x82, 0x6f, 0x84, 0x6f, 0x88, 0x6e, 0x08, 0x0e,
0x61, 0x1d, 0x0e, 0xf8, 0x90, 0xf8, 0xf7, 0x15, 0x21, 0x1d, 0xfb, 0x3f, 0xfe, 0x6b, 0x24, 0x1d,
0xf8, 0x4a, 0x1c, 0x05, 0x55, 0x15, 0x8a, 0x6a, 0x80, 0x71, 0x76, 0x76, 0x76, 0x76, 0x70, 0x80,
0x6b, 0x73, 0x0a, 0x8c, 0xac, 0x95, 0xa7, 0xa0, 0xa1, 0x9f, 0xa0, 0x57, 0x1d, 0x08, 0xa0, 0x75,
0x95, 0x70, 0x6b, 0x1a, 0x0e, 0xf8, 0x6a, 0xf8, 0x2d, 0x15, 0x93, 0xde, 0x9d, 0xcc, 0xa7, 0xbb,
0xa7, 0xbc, 0xba, 0xbf, 0xcc, 0xc2, 0xa5, 0xa1, 0xa6, 0xa2, 0xa7, 0xa4, 0xa7, 0xa4, 0xa5, 0xa5,
0xa4, 0xa7, 0xa3, 0xa7, 0xa0, 0xa9, 0x9c, 0xab, 0x9c, 0xaa, 0x97, 0xad, 0x90, 0xaf, 0x90, 0xac,
0x8a, 0xa9, 0x84, 0xa6, 0x08, 0x84, 0xa5, 0x7f, 0xa1, 0x7a, 0x9e, 0x7a, 0x9d, 0x76, 0x99, 0x72,
0x96, 0x71, 0x95, 0x6e, 0x90, 0x6a, 0x8c, 0x6a, 0x8c, 0x6b, 0x87, 0x6d, 0x83, 0x6d, 0x82, 0x70,
0x7f, 0x73, 0x7a, 0x73, 0x7a, 0x77, 0x76, 0x7a, 0x72, 0x7a, 0x72, 0x80, 0x6d, 0x84, 0x6a, 0xfb,
0x47, 0x8a, 0x18, 0x92, 0xc6, 0x9c, 0xc0, 0xa6, 0xb8, 0xa6, 0xb8, 0xae, 0xb1, 0xb5, 0xaa, 0xb4,
0xa9, 0xba, 0xa2, 0xc0, 0x9a, 0xc0, 0x9a, 0xc2, 0x92, 0xc4, 0x8a, 0xc3, 0x8a, 0xbf, 0x82, 0xba,
0x7a, 0xba, 0x7a, 0xb2, 0x73, 0xac, 0x6c, 0xac, 0x6c, 0xa3, 0x64, 0x9c, 0x5e, 0x08, 0x9b, 0x5e,
0x91, 0x57, 0x86, 0x50, 0x86, 0x57, 0x7e, 0x5b, 0x76, 0x60, 0x76, 0x60, 0x70, 0x63, 0x6c, 0x66,
0x6b, 0x66, 0x68, 0x68, 0x66, 0x6b, 0x65, 0x6a, 0x65, 0x6c, 0x66, 0x6d, 0x64, 0x6a, 0x6e, 0x68,
0x7a, 0x66, 0x79, 0x66, 0x7e, 0x5f, 0x84, 0x5a, 0x08, 0xfb, 0x97, 0xfb, 0xd0, 0x15, 0x8c, 0xac,
0x95, 0xa6, 0xa0, 0xa1, 0x9f, 0x74, 0x0a, 0x96, 0x70, 0x6b, 0x1a, 0x8a, 0x6a, 0x80, 0x71, 0x76,
0x77, 0x76, 0x76, 0x70, 0x80, 0x6b, 0x8a, 0x6b, 0x8a, 0x70, 0x94, 0x77, 0x9f, 0x08, 0x76, 0x9f,
0x80, 0xa5, 0xab, 0x1a, 0x0e, 0xf9, 0x58, 0xf9, 0x36, 0x15, 0x87, 0x61, 0x85, 0x67, 0x82, 0x6c,
0x82, 0x6c, 0x80, 0x6e, 0x7c, 0x71, 0x7c, 0x70, 0x79, 0x72, 0x75, 0x73, 0x75, 0x73, 0x71, 0x71,
0x6c, 0x70, 0x72, 0x75, 0x71, 0x73, 0x70, 0x72, 0x70, 0x72, 0x73, 0x70, 0x74, 0x6e, 0x74, 0x6e,
0x78, 0x6d, 0x7b, 0x6c, 0x08, 0x7a, 0x6b, 0x81, 0x69, 0x86, 0x68, 0x87, 0x6c, 0x8c, 0x6e, 0x90,
0x71, 0x90, 0x71, 0x95, 0x75, 0x9a, 0x78, 0x9a, 0x78, 0x9e, 0x7c, 0xa3, 0x80, 0xa2, 0x80, 0xa7,
0x85, 0xac, 0x8a, 0xae, 0x8a, 0xac, 0x90, 0xa8, 0x96, 0xa8, 0x96, 0xa5, 0x9a, 0xa1, 0x9f, 0x08,
0x9e, 0x9c, 0x9a, 0x9f, 0x98, 0xa3, 0x98, 0xa2, 0x94, 0xa5, 0x91, 0xa8, 0xf7, 0x48, 0x8c, 0x18,
0x84, 0x52, 0x7b, 0x57, 0x72, 0x5e, 0x71, 0x5e, 0x6b, 0x65, 0x64, 0x6c, 0x64, 0x6c, 0x5e, 0x73,
0x59, 0x7b, 0x58, 0x7b, 0x56, 0x84, 0x52, 0x8c, 0x54, 0x8c, 0x59, 0x95, 0x5e, 0x9c, 0x5e, 0x9c,
0x65, 0xa4, 0x6c, 0xab, 0x6c, 0xab, 0x74, 0xb2, 0x7c, 0xb8, 0x08, 0x7c, 0xb8, 0x87, 0xbe, 0x90,
0xc4, 0x90, 0xbe, 0x97, 0xba, 0x9f, 0xb6, 0x9f, 0xb6, 0xa4, 0xb4, 0xa9, 0xb0, 0xa8, 0xb0, 0xac,
0xaf, 0xaf, 0xac, 0xaf, 0xac, 0xaf, 0xab, 0xaf, 0xaa, 0x9e, 0x9c, 0x9c, 0x9c, 0x99, 0x9c, 0x98,
0x9c, 0x97, 0x9c, 0x94, 0x9e, 0x08, 0x94, 0x9d, 0x92, 0x9f, 0x91, 0xa0, 0x90, 0xa0, 0x90, 0xa1,
0x8e, 0xa4, 0x08, 0xa9, 0xf7, 0xcc, 0x75, 0x0a, 0xa1, 0x3c, 0x0a, 0x70, 0x79, 0x0a, 0x70, 0x80,
0x6a, 0x73, 0x0a, 0x0e, 0xf8, 0xa6, 0xb7, 0x15, 0x84, 0x63, 0x81, 0x64, 0x7c, 0x65, 0x7c, 0x65,
0x79, 0x67, 0x76, 0x6a, 0x78, 0x6e, 0x76, 0x6f, 0x74, 0x71, 0x73, 0x70, 0x71, 0x73, 0x70, 0x75,
0x3b, 0x0a, 0xf8, 0x22, 0x3a, 0x0a, 0x0e, 0xf8, 0x53, 0x3a, 0x0a, 0xf7, 0x2b, 0xfa, 0x00, 0x49,
0x1d, 0x0e, 0xf8, 0xe1, 0xfa, 0x73, 0x49, 0x1d, 0xd0, 0xfe, 0x47, 0x2c, 0x0a, 0xf7, 0x42, 0x3a,
0x0a, 0xf8, 0x0b, 0x16, 0x41, 0x1d, 0xf7, 0xff, 0x16, 0x41, 0x1d, 0x0e, 0xf8, 0x93, 0xf9, 0x6a,
0x78, 0x1d, 0x6a, 0x80, 0x70, 0x74, 0x76, 0x1e, 0x75, 0x74, 0x71, 0x80, 0x6e, 0x1b, 0x69, 0x70,
0x95, 0x9f, 0x77, 0x1f, 0x76, 0x9f, 0x81, 0xa5, 0xab, 0x1a, 0x0e, 0xf8, 0x3f, 0xf9, 0xa4, 0x15,
0x8d, 0xa8, 0x91, 0xa7, 0x96, 0xa4, 0x96, 0xa4, 0x99, 0xa0, 0x9e, 0x9e, 0x9d, 0x9d, 0xa1, 0x99,
0xa4, 0x95, 0x08, 0x95, 0xa4, 0xa7, 0x90, 0xa9, 0x1b, 0xa8, 0xa5, 0x86, 0x81, 0xa2, 0x1f, 0xa2,
0x80, 0x9f, 0x7d, 0x9b, 0x7a, 0x9b, 0x79, 0x97, 0x76, 0x94, 0x73, 0x93, 0x73, 0x8f, 0x71, 0x8a,
0x6e, 0x88, 0x51, 0x18, 0x89, 0x6e, 0x85, 0x70, 0x80, 0x73, 0x80, 0x72, 0x7c, 0x76, 0x79, 0x7a,
0x78, 0x79, 0x76, 0x7d, 0x72, 0x82, 0x72, 0x81, 0x6f, 0x86, 0x6d, 0x8c, 0x08, 0x6f, 0x72, 0x90,
0x95, 0x74, 0x1f, 0x74, 0x94, 0x78, 0x99, 0x7b, 0x9c, 0x7b, 0x9c, 0x7f, 0x9f, 0x82, 0xa2, 0x08,
0x82, 0xa2, 0x87, 0xa5, 0xa7, 0x1a, 0x0e, 0xfa, 0x22, 0xfb, 0x2b, 0x15, 0xfe, 0x0e, 0x06, 0xa5,
0xf7, 0x2b, 0x05, 0xfa, 0x0f, 0x06, 0x0e, 0x84, 0x1d, 0x1c, 0x04, 0x70, 0x88, 0x1d, 0x70, 0x0a,
0x7b, 0x1d, 0x62, 0x0a, 0xf8, 0xd4, 0x5f, 0x0a, 0x0e, 0x67, 0x1d, 0xf8, 0xfa, 0xd8, 0x15, 0x7e,
0x40, 0x67, 0x0a, 0x0e, 0xf8, 0x36, 0x5f, 0x0a, 0xf7, 0xe6, 0xf7, 0x25, 0x60, 0x0a, 0x0e, 0xf9,
0x52, 0x4e, 0x1d, 0xf7, 0xbe, 0x44, 0x0a, 0xf8, 0x71, 0xd7, 0x15, 0x7e, 0x3f, 0x67, 0x0a, 0xf7,
0x96, 0xfb, 0x27, 0x15, 0x86, 0x67, 0x82, 0x68, 0x7f, 0x6a, 0x7e, 0x69, 0x7c, 0x6b, 0x7a, 0x6c,
0x77, 0x69, 0x74, 0x6b, 0x71, 0x6d, 0x70, 0x6c, 0x6e, 0x6f, 0x6c, 0x72, 0x28, 0xd6, 0x18, 0xae,
0xb9, 0xa9, 0xbb, 0xa4, 0xbc, 0xa4, 0xbc, 0x9c, 0xc0, 0x96, 0xc4, 0xa5, 0xf7, 0x2b, 0x18, 0x21,
0x1d, 0x0e, 0xf7, 0xed, 0xf8, 0xdf, 0x15, 0x94, 0xcc, 0x99, 0xcf, 0x9d, 0xd0, 0x9c, 0xd0, 0xa1,
0xcf, 0xa5, 0xcf, 0xa4, 0xcf, 0xa9, 0xcd, 0xae, 0xcb, 0xae, 0xcb, 0xb2, 0xc7, 0xb6, 0xc4, 0xb6,
0xc4, 0xbc, 0xbe, 0xc0, 0xb9, 0xc0, 0xb9, 0xc5, 0xb2, 0xca, 0xab, 0xa6, 0xfb, 0x10, 0x18, 0x42,
0x55, 0x4b, 0x4d, 0x56, 0x44, 0x55, 0x44, 0x5d, 0x3f, 0x65, 0x3b, 0x65, 0x3a, 0x6c, 0x37, 0x73,
0x34, 0x73, 0x34, 0x78, 0x33, 0x7e, 0x34, 0x89, 0x7c, 0x18, 0x84, 0x5b, 0x85, 0x58, 0x86, 0x54,
0x86, 0x54, 0x89, 0x53, 0x8c, 0x52, 0x8c, 0x52, 0x8e, 0x51, 0x92, 0x52, 0x92, 0x52, 0x96, 0x53,
0x9b, 0x56, 0x9b, 0x56, 0xa0, 0x59, 0xa6, 0x5c, 0xa6, 0x5c, 0xac, 0x61, 0xb3, 0x67, 0x5c, 0xfb,
0x04, 0x18, 0x57, 0xb0, 0x5e, 0xb6, 0x65, 0xbd, 0x64, 0xbd, 0x6b, 0xc1, 0x71, 0xc6, 0x70, 0xc5,
0x76, 0xc8, 0x7c, 0xcb, 0x7c, 0xcb, 0x80, 0xcc, 0x85, 0xcc, 0x84, 0xcc, 0x89, 0xcb, 0x8d, 0xcb,
0x8c, 0xcb, 0x90, 0xc8, 0x93, 0xc5, 0x08, 0x0e, 0xf9, 0xc9, 0xf8, 0xdd, 0x15, 0x7d, 0x29, 0x74,
0x26, 0x6a, 0x23, 0x6b, 0x22, 0x61, 0x28, 0x59, 0x2c, 0x57, 0x2b, 0x4d, 0x34, 0x42, 0x3b, 0x42,
0x3b, 0x37, 0x4b, 0x2c, 0x5c, 0x6f, 0xf7, 0x07, 0x18, 0xd5, 0xc1, 0xcb, 0xca, 0xc1, 0xd3, 0xc0,
0xd2, 0xb9, 0xd8, 0xb1, 0xdd, 0xb1, 0xdc, 0xaa, 0xe0, 0xa3, 0xe3, 0xa3, 0xe3, 0x9e, 0xe3, 0x98,
0xe2, 0x8d, 0x9a, 0x18, 0x92, 0xba, 0x90, 0xbe, 0x90, 0xc2, 0x90, 0xc2, 0x8d, 0xc3, 0x8a, 0xc4,
0x8a, 0xc4, 0x88, 0xc5, 0x84, 0xc5, 0x84, 0xc5, 0x7f, 0xc3, 0x7b, 0xc1, 0x7b, 0xc0, 0x76, 0xbd,
0x71, 0xba, 0x70, 0xba, 0x6a, 0xb4, 0x64, 0xaf, 0xb9, 0xf7, 0x04, 0x18, 0xc0, 0x66, 0xb8, 0x60,
0xb2, 0x59, 0xb2, 0x59, 0xab, 0x55, 0xa6, 0x51, 0xa5, 0x50, 0xa0, 0x4e, 0x9a, 0x4b, 0x9a, 0x4b,
0x96, 0x4a, 0x92, 0x4a, 0x91, 0x4a, 0x8d, 0x4a, 0x8a, 0x4b, 0x89, 0x4b, 0x86, 0x4e, 0x83, 0x51,
0x08, 0x0e, 0xfa, 0x40, 0x1c, 0x05, 0xe8, 0x15, 0xfb, 0x6a, 0x06, 0xfb, 0x99, 0x1c, 0xf9, 0x78,
0x05, 0xf7, 0x6b, 0x06, 0x73, 0xfb, 0x2c, 0x05, 0xfc, 0x16, 0x06, 0xf7, 0xc9, 0x1c, 0x07, 0xb8,
0x05, 0xf8, 0x16, 0x06, 0x0e, 0xf8, 0xc3, 0x1c, 0x06, 0x80, 0x15, 0xf8, 0x16, 0x06, 0xfb, 0xc9,
0x1c, 0xf8, 0x48, 0x05, 0xfc, 0x16, 0x06, 0xa3, 0xf7, 0x2c, 0x05, 0xf7, 0x6b, 0x06, 0xf7, 0x99,
0x1c, 0x06, 0x88, 0x05, 0xfb, 0x6b, 0x06, 0x0e, 0xf9, 0xc0, 0xfc, 0x01, 0x15, 0x50, 0x8f, 0x58,
0x9c, 0x62, 0xa8, 0x62, 0xa8, 0x6a, 0xaf, 0x72, 0xb7, 0x72, 0xb7, 0x7b, 0xbc, 0x82, 0xc0, 0x82,
0xc0, 0x89, 0xc0, 0x90, 0xc0, 0xa1, 0xf7, 0x3e, 0x18, 0x90, 0xb6, 0x8a, 0xb1, 0x85, 0xac, 0x85,
0xac, 0x7f, 0xa7, 0x7a, 0xa2, 0x79, 0xa2, 0x73, 0x9c, 0x6d, 0x98, 0x6d, 0x98, 0x66, 0x92, 0x5f,
0x8d, 0x9a, 0xf7, 0x24, 0x18, 0xe7, 0x8c, 0xd4, 0xa3, 0xc1, 0xb8, 0xc0, 0xb8, 0xad, 0xcf, 0x98,
0xe8, 0xa1, 0xf7, 0x3e, 0x18, 0x93, 0xc8, 0x9a, 0xc6, 0xa1, 0xc2, 0xa0, 0xc2, 0xa8, 0xbb, 0xaf,
0xb5, 0xaf, 0xb5, 0xb6, 0xad, 0xbe, 0xa6, 0xbe, 0xa5, 0xc5, 0x9a, 0xcd, 0x8f, 0x95, 0xfb, 0x09,
0x18, 0x5a, 0x88, 0x63, 0x7e, 0x6c, 0x76, 0x6c, 0x76, 0x71, 0x70, 0x78, 0x6a, 0x77, 0x6a, 0x7c,
0x66, 0x81, 0x62, 0x81, 0x62, 0x83, 0x63, 0x86, 0x62, 0x75, 0xfb, 0x3e, 0x18, 0x80, 0x34, 0x6d,
0x43, 0x5c, 0x52, 0x5c, 0x52, 0x4b, 0x5d, 0x3b, 0x69, 0xab, 0x7a, 0xa6, 0x76, 0xa2, 0x73, 0xa2,
0x72, 0x9d, 0x70, 0x98, 0x6e, 0x98, 0x6e, 0x94, 0x6b, 0x90, 0x6a, 0x8f, 0x69, 0x8b, 0x68, 0x88,
0x68, 0x76, 0xfb, 0x3e, 0x18, 0x87, 0x6a, 0x89, 0x67, 0x8a, 0x64, 0x8a, 0x64, 0x90, 0x67, 0x94,
0x6a, 0x94, 0x69, 0x9a, 0x6e, 0xa2, 0x73, 0xa1, 0x72, 0xab, 0x7c, 0xb5, 0x86, 0x08, 0x0e, 0xf7,
0x46, 0xfb, 0x90, 0x15, 0xb8, 0x8e, 0xb1, 0x97, 0xaa, 0xa2, 0xaa, 0xa2, 0xa4, 0xa7, 0xa0, 0xad,
0xa0, 0xac, 0x9b, 0xb0, 0x96, 0xb4, 0x96, 0xb3, 0x94, 0xb2, 0x91, 0xb1, 0xa1, 0xf7, 0x3d, 0x18,
0x96, 0xe2, 0xa8, 0xd3, 0xba, 0xc4, 0xba, 0xc4, 0xca, 0xb8, 0xdb, 0xac, 0x6b, 0x9c, 0x70, 0xa0,
0x75, 0xa4, 0x74, 0xa4, 0x79, 0xa6, 0x7e, 0xa9, 0x7e, 0xa8, 0x82, 0xab, 0x87, 0xad, 0x86, 0xac,
0x8b, 0xae, 0x8e, 0xae, 0xa1, 0xf7, 0x3f, 0x18, 0x8f, 0xb0, 0x8e, 0xb1, 0x8e, 0xb3, 0x8d, 0xb2,
0x87, 0xb0, 0x82, 0xad, 0x83, 0xaa, 0x7b, 0xa6, 0x75, 0xa2, 0x74, 0xa2, 0x69, 0x99, 0x5f, 0x90,
0xa8, 0xf7, 0x06, 0x18, 0xc7, 0x87, 0xbe, 0x7b, 0xb4, 0x6e, 0xb4, 0x6e, 0xab, 0x67, 0xa3, 0x60,
0xa3, 0x5f, 0x9b, 0x5a, 0x93, 0x56, 0x92, 0x56, 0x8c, 0x55, 0x85, 0x56, 0x76, 0xfb, 0x3f, 0x18,
0x82, 0x35, 0x97, 0x49, 0xae, 0x5e, 0xad, 0x5d, 0xc8, 0x72, 0xe2, 0x87, 0x7c, 0xfb, 0x24, 0x18,
0x2f, 0x88, 0x42, 0x74, 0x55, 0x5e, 0x55, 0x5e, 0x6a, 0x47, 0x7e, 0x2e, 0x75, 0xfb, 0x3d, 0x18,
0x83, 0x4e, 0x7c, 0x52, 0x75, 0x54, 0x74, 0x54, 0x6e, 0x5b, 0x67, 0x61, 0x66, 0x60, 0x60, 0x69,
0x59, 0x70, 0x58, 0x70, 0x52, 0x7c, 0x4a, 0x87, 0x08, 0x0e, 0xf8, 0xb7, 0xf8, 0xb0, 0x15, 0xf7,
0x45, 0xfc, 0x17, 0x05, 0xfb, 0x10, 0x06, 0xfb, 0x76, 0xf8, 0x17, 0x8d, 0x9f, 0xf7, 0xf0, 0xf8,
0x19, 0x05, 0xf7, 0x2b, 0x06, 0x0e, 0xf8, 0xd4, 0x69, 0x0a, 0x0e, 0xf9, 0x65, 0xf9, 0xa1, 0x15,
0xf8, 0x1f, 0x06, 0x6b, 0xfb, 0x4c, 0x05, 0xfc, 0x1f, 0x06, 0x3d, 0xfc, 0x57, 0x24, 0x1d, 0xda,
0xf8, 0x57, 0x05, 0xfc, 0x1f, 0x06, 0xac, 0xf7, 0x4c, 0x05, 0xf8, 0x1d, 0x06, 0xd5, 0xf8, 0x3d,
0x25, 0x0a, 0x0e, 0xfa, 0x6b, 0xf9, 0x1f, 0x3d, 0x0a, 0xf9, 0x6c, 0xf9, 0xeb, 0x15, 0xf7, 0xf5,
0x06, 0x73, 0xfb, 0x2c, 0x05, 0xfb, 0xf4, 0x06, 0x4a, 0xfc, 0x32, 0x05, 0xfb, 0x39, 0x06, 0xcd,
0xf8, 0x32, 0x05, 0xfc, 0x0a, 0x06, 0xa3, 0xf7, 0x2c, 0x05, 0xf8, 0x09, 0x06, 0xcc, 0xf8, 0x30,
0x05, 0xf7, 0x38, 0x06, 0xf7, 0x06, 0x1c, 0xfb, 0x0e, 0x3d, 0x0a, 0xf7, 0x15, 0xf7, 0xe6, 0x15,
0xf8, 0x10, 0xf7, 0xe4, 0xfb, 0x99, 0xf7, 0xe2, 0xf7, 0x15, 0xf7, 0x07, 0xf7, 0x98, 0xfb, 0xe2,
0xf8, 0x0d, 0xf7, 0xe2, 0xf1, 0xfb, 0x18, 0xfc, 0x0d, 0xfb, 0xe1, 0xf7, 0x9b, 0xfb, 0xe6, 0xfb,
0x14, 0xfb, 0x06, 0xfb, 0x9c, 0xf7, 0xe4, 0xfc, 0x0f, 0xfb, 0xe4, 0x05, 0x0e, 0xfa, 0xcc, 0xf8,
0xec, 0x15, 0xfe, 0x5d, 0x06, 0xab, 0xf7, 0x4c, 0x05, 0xfa, 0x5e, 0x06, 0xfc, 0xab, 0xf7, 0xca,
0x15, 0x8c, 0xaa, 0x95, 0xa5, 0x9e, 0xa0, 0x65, 0x0a, 0x77, 0x9e, 0x77, 0x9e, 0x81, 0xa5, 0x8c,
0xaa, 0x08, 0xfb, 0x23, 0xfd, 0xc3, 0x15, 0xaa, 0x95, 0xa5, 0x9f, 0xa0, 0x1e, 0x65, 0x0a, 0x78,
0x9f, 0x08, 0x77, 0x9f, 0x81, 0xa4, 0xa9, 0x1a, 0x0e, 0xfa, 0xbe, 0xf9, 0xa0, 0x15, 0xfd, 0xf8,
0x06, 0xa8, 0xf7, 0x35, 0x05, 0xf9, 0xf7, 0x06, 0x27, 0xfc, 0xd4, 0x15, 0xfd, 0xf8, 0x06, 0xa8,
0xf7, 0x34, 0x05, 0xf9, 0xf7, 0x06, 0x0e, 0xfa, 0x72, 0xf8, 0x01, 0x15, 0xfc, 0x83, 0x06, 0xfb,
0x0a, 0xfb, 0x4b, 0x3d, 0xc5, 0xde, 0xf7, 0x11, 0x05, 0xfb, 0x98, 0x06, 0xa8, 0xf7, 0x34, 0x05,
0xf7, 0xe5, 0x06, 0xf7, 0x3e, 0xf7, 0x93, 0x05, 0xfc, 0x64, 0x06, 0xa8, 0xf7, 0x35, 0x05, 0xf8,
0xb2, 0x06, 0xec, 0xf7, 0x26, 0xd1, 0x59, 0x4c, 0x2b, 0x05, 0xf7, 0x71, 0x06, 0x6f, 0xfb, 0x35,
0x05, 0xfb, 0xbd, 0x06, 0xfb, 0x3a, 0xfb, 0x93, 0x05, 0xf8, 0x37, 0x06, 0x0e, 0xf7, 0x35, 0xf8,
0xd8, 0x15, 0xa5, 0xf7, 0x26, 0xfa, 0x0d, 0xf8, 0x0e, 0x6d, 0xfb, 0x5d, 0xfd, 0x0a, 0xfb, 0x84,
0x4a, 0x77, 0xb1, 0x7c, 0xf8, 0xc7, 0xfb, 0x84, 0x6a, 0xfb, 0x4f, 0x05, 0x0e, 0xf0, 0xf7, 0x54,
0x15, 0xaf, 0xf7, 0x5d, 0xf9, 0x27, 0xf7, 0x84, 0xd2, 0x9f, 0x5e, 0x9b, 0xfc, 0xe8, 0xf7, 0x88,
0xab, 0xf7, 0x4b, 0xf9, 0xad, 0xfc, 0x0f, 0x71, 0xfb, 0x25, 0x05, 0x0e, 0xf8, 0x26, 0xf9, 0x93,
0x15, 0xb1, 0x7d, 0xf8, 0xc7, 0xfb, 0x6c, 0x6a, 0xfb, 0x3c, 0xfd, 0x8a, 0xf7, 0xe9, 0xa5, 0xf7,
0x17, 0xfa, 0x0d, 0xf7, 0xe9, 0x6d, 0xfb, 0x49, 0xfd, 0x0a, 0xfb, 0x6c, 0x05, 0xf8, 0x3b, 0xfd,
0x9c, 0x3d, 0x0a, 0xfa, 0x2a, 0xf9, 0xaf, 0x15, 0x5e, 0x99, 0xfc, 0xe8, 0xf7, 0x70, 0xab, 0xf7,
0x38, 0xf9, 0xad, 0xfb, 0xe9, 0x71, 0xfb, 0x16, 0xfe, 0x30, 0xfb, 0xea, 0xaf, 0xf7, 0x49, 0xf9,
0x27, 0xf7, 0x6c, 0x05, 0xbe, 0xfd, 0x96, 0x3d, 0x0a, 0xfa, 0x4a, 0xf8, 0x0b, 0x15, 0x2a, 0x0a,
0xba, 0xf7, 0x9c, 0x05, 0xfd, 0x07, 0x06, 0xa8, 0xf7, 0x35, 0x05, 0xf9, 0xba, 0x06, 0x0e, 0xf7,
0xb1, 0xfb, 0x11, 0x15, 0xfb, 0x3f, 0x06, 0xf9, 0xf4, 0x1c, 0x06, 0x2d, 0x05, 0xf7, 0x3e, 0x06,
0x0e, 0xf8, 0x0c, 0x1c, 0x05, 0xb0, 0x15, 0xf7, 0x2f, 0x06, 0xf7, 0xd0, 0x1c, 0xf9, 0xd3, 0x05,
0xfb, 0x2f, 0x06, 0x0e, 0xf7, 0x21, 0x1c, 0x04, 0xa9, 0x82, 0x1d, 0xad, 0x9a, 0xad, 0x9a, 0xb1,
0x92, 0xb5, 0x8a, 0xb3, 0x8a, 0xae, 0x82, 0xa9, 0x7c, 0xa8, 0x7c, 0xa4, 0x76, 0x9e, 0x71, 0x9e,
0x71, 0x99, 0x6d, 0x94, 0x69, 0x08, 0x93, 0x69, 0x8e, 0x67, 0x88, 0x66, 0x84, 0x3e, 0x18, 0x86,
0x64, 0x81, 0x66, 0x7c, 0x69, 0x7b, 0x68, 0x77, 0x6d, 0x72, 0x71, 0x72, 0x71, 0x6d, 0x77, 0x69,
0x7c, 0x68, 0x7c, 0x65, 0x85, 0x62, 0x8c, 0x63, 0x8c, 0x68, 0x93, 0x6e, 0x9b, 0x6d, 0x9a, 0x72,
0xa0, 0x78, 0xa5, 0x78, 0xa5, 0x7d, 0xa9, 0x82, 0xac, 0x08, 0x82, 0xac, 0x88, 0xaf, 0x8e, 0xb0,
0x08, 0xf7, 0x1e, 0x89, 0x15, 0x8a, 0x78, 0x8b, 0x79, 0x8e, 0x78, 0x8d, 0x78, 0x90, 0x7a, 0x93,
0x7c, 0x93, 0x7c, 0x96, 0x7e, 0x99, 0x81, 0x08, 0x81, 0x99, 0x9d, 0x86, 0xa2, 0x1b, 0xa2, 0x9f,
0x90, 0x94, 0x9c, 0x1f, 0x9c, 0x94, 0x99, 0x98, 0x96, 0x9a, 0x96, 0x9a, 0x94, 0x9c, 0x92, 0x9e,
0x92, 0x9e, 0x8f, 0x9f, 0x8e, 0x9f, 0x92, 0xda, 0x78, 0x0a, 0x83, 0x9b, 0x6d, 0x0a, 0x7d, 0x7e,
0x80, 0x7c, 0x7f, 0x7b, 0x82, 0x79, 0x84, 0x78, 0x84, 0x78, 0x87, 0x77, 0x89, 0x77, 0x08, 0xf7,
0xbc, 0xfd, 0xee, 0x82, 0x1d, 0xae, 0x9a, 0xad, 0x99, 0xb1, 0x92, 0xb5, 0x8a, 0xb3, 0x8a, 0xae,
0x82, 0xa9, 0x7c, 0xa8, 0x7c, 0xa4, 0x76, 0x9e, 0x71, 0x9e, 0x71, 0x99, 0x6d, 0x94, 0x6a, 0x08,
0x94, 0x69, 0x8e, 0x67, 0x88, 0x66, 0x83, 0x3d, 0x18, 0x86, 0x64, 0x81, 0x66, 0x7c, 0x68, 0x7b,
0x68, 0x77, 0x6d, 0x72, 0x72, 0x72, 0x72, 0x6d, 0x77, 0x69, 0x7c, 0x68, 0x7c, 0x65, 0x84, 0x62,
0x8c, 0x63, 0x8c, 0x68, 0x93, 0x6d, 0x9b, 0x6d, 0x9a, 0x72, 0xa0, 0x78, 0xa5, 0x78, 0xa4, 0x7d,
0xa9, 0x82, 0xad, 0x08, 0x82, 0xac, 0x88, 0xaf, 0x8e, 0xb0, 0x08, 0xf7, 0x1e, 0x89, 0x15, 0x8a,
0x78, 0x8b, 0x79, 0x8e, 0x78, 0x8e, 0x78, 0x90, 0x7a, 0x93, 0x7c, 0x93, 0x7b, 0x96, 0x7e, 0x99,
0x82, 0x99, 0x81, 0x9d, 0x86, 0xa2, 0x8a, 0x08, 0xa2, 0x9f, 0x90, 0x94, 0x9c, 0x1f, 0x9c, 0x94,
0x99, 0x98, 0x96, 0x9a, 0x96, 0x9a, 0x94, 0x9d, 0x92, 0x9e, 0x92, 0x9e, 0x8f, 0x9f, 0x8e, 0x9f,
0x92, 0xdb, 0x78, 0x0a, 0x84, 0x9a, 0x6d, 0x0a, 0x7c, 0x7e, 0x80, 0x7c, 0x7f, 0x7c, 0x82, 0x79,
0x84, 0x78, 0x84, 0x78, 0x87, 0x77, 0x88, 0x77, 0x08, 0xfc, 0x1e, 0xfb, 0x2a, 0x15, 0x24, 0xcc,
0xf9, 0x6b, 0xfa, 0x9c, 0xf3, 0x4a, 0x05, 0x0e, 0xf7, 0xaa, 0xf7, 0xbc, 0x15, 0x8e, 0xb0, 0x94,
0xb0, 0x98, 0xae, 0x98, 0xae, 0x9e, 0xaa, 0xa2, 0xa6, 0xa2, 0xa6, 0xa6, 0xa0, 0xac, 0x9b, 0x08,
0x9b, 0xab, 0xb0, 0x93, 0xb4, 0x1b, 0xa4, 0x8a, 0xa2, 0x88, 0xa1, 0x84, 0xa1, 0x84, 0x9f, 0x80,
0x9d, 0x7e, 0x91, 0x86, 0x91, 0x85, 0x91, 0x85, 0x91, 0x85, 0x91, 0x85, 0x90, 0x84, 0x93, 0x92,
0x93, 0x92, 0x93, 0x92, 0x93, 0x91, 0x93, 0x91, 0x94, 0x90, 0x9e, 0x97, 0x9f, 0x94, 0xa0, 0x92,
0x08, 0xa0, 0x91, 0xa1, 0x8e, 0xa4, 0x8a, 0xb1, 0x8a, 0xab, 0x83, 0xa6, 0x7b, 0xa6, 0x7a, 0xa0,
0x76, 0x9b, 0x71, 0x9b, 0x71, 0x96, 0x6e, 0x92, 0x6a, 0x91, 0x6a, 0x8d, 0x6a, 0x89, 0x6a, 0x88,
0x5e, 0x18, 0x88, 0x66, 0x82, 0x67, 0x7e, 0x68, 0x7e, 0x68, 0x79, 0x6d, 0x74, 0x71, 0x74, 0x70,
0x6f, 0x76, 0x6b, 0x7c, 0x6b, 0x7b, 0x67, 0x83, 0x62, 0x8c, 0x75, 0x8c, 0x76, 0x8e, 0x77, 0x90,
0x76, 0x90, 0x78, 0x94, 0x7a, 0x96, 0x83, 0x91, 0x83, 0x92, 0x83, 0x92, 0x08, 0x83, 0x92, 0x84,
0x92, 0x84, 0x94, 0x83, 0x84, 0x83, 0x84, 0x83, 0x85, 0x82, 0x84, 0x83, 0x85, 0x82, 0x86, 0x78,
0x80, 0x78, 0x82, 0x76, 0x85, 0x76, 0x84, 0x75, 0x88, 0x73, 0x8c, 0x08, 0x65, 0x6b, 0x93, 0x9b,
0x70, 0x1f, 0x70, 0x9a, 0x76, 0xa0, 0x7b, 0xa5, 0x7a, 0xa4, 0x80, 0xa8, 0x84, 0xac, 0x84, 0xab,
0x89, 0xac, 0x8d, 0xac, 0x08, 0xf8, 0x76, 0xb9, 0x15, 0x81, 0x1d, 0x78, 0x4d, 0x0a, 0x81, 0x6d,
0x1d, 0x86, 0x9b, 0x85, 0x9b, 0x82, 0x99, 0x7f, 0x4e, 0x0a, 0x76, 0x79, 0x86, 0x80, 0x7c, 0x1f,
0x7c, 0x80, 0x80, 0x7e, 0x82, 0x7a, 0x51, 0x1d, 0xfb, 0xea, 0x16, 0x88, 0x5e, 0x8a, 0x7c, 0x8c,
0x7a, 0x8c, 0x79, 0x19, 0x8c, 0x79, 0x4d, 0x0a, 0x80, 0x6d, 0x1d, 0x85, 0x9b, 0x85, 0x9b, 0x82,
0x99, 0x80, 0x4e, 0x0a, 0x75, 0x79, 0x86, 0x80, 0x7d, 0x1f, 0x7c, 0x80, 0x80, 0x7d, 0x82, 0x7b,
0x51, 0x1d, 0xfb, 0x10, 0xfa, 0x11, 0x15, 0x81, 0x1d, 0x79, 0x4d, 0x0a, 0x81, 0x08, 0x80, 0x96,
0x9b, 0x86, 0x9f, 0x1b, 0xa0, 0x9c, 0x86, 0x1d, 0x90, 0x9e, 0x8e, 0x9c, 0x8c, 0x9c, 0x8e, 0xb7,
0x18, 0x8c, 0x9a, 0x8a, 0x9c, 0x8a, 0x9e, 0x8a, 0x9d, 0x87, 0x9c, 0x86, 0x9b, 0x85, 0x9b, 0x82,
0x99, 0x7f, 0x4e, 0x0a, 0x76, 0x79, 0x86, 0x80, 0x7d, 0x1f, 0x7c, 0x80, 0x80, 0x7d, 0x82, 0x7b,
0x51, 0x1d, 0xfb, 0x1d, 0x8a, 0x15, 0x8e, 0xb0, 0x93, 0xaf, 0x98, 0xae, 0x98, 0xae, 0x9c, 0xab,
0xa2, 0xa6, 0xa1, 0xa6, 0xa6, 0xa0, 0xab, 0x9b, 0xaa, 0x9b, 0xb0, 0x93, 0xb4, 0x8a, 0xb2, 0x8a,
0xac, 0x83, 0xa6, 0x7b, 0xa6, 0x7a, 0xa0, 0x76, 0x9c, 0x71, 0x9b, 0x71, 0x97, 0x6d, 0x92, 0x6a,
0x08, 0x92, 0x6a, 0x8d, 0x69, 0x89, 0x69, 0x88, 0x5e, 0x18, 0x88, 0x66, 0x83, 0x68, 0x7e, 0x69,
0x7e, 0x69, 0x79, 0x6d, 0x75, 0x71, 0x74, 0x70, 0x70, 0x76, 0x6c, 0x7c, 0x6c, 0x7b, 0x67, 0x83,
0x63, 0x8c, 0x65, 0x8c, 0x6b, 0x93, 0x70, 0x9b, 0x70, 0x9a, 0x75, 0xa0, 0x7a, 0xa4, 0x7a, 0xa4,
0x7e, 0xa8, 0x84, 0xac, 0x08, 0x84, 0xab, 0x88, 0xac, 0x8c, 0xad, 0x08, 0x88, 0xfd, 0x4e, 0x15,
0x54, 0xe5, 0xf9, 0xf8, 0xf9, 0x11, 0xc2, 0x31, 0x05, 0x0e, 0xf8, 0x95, 0xfc, 0x22, 0x15, 0xfb,
0x26, 0x06, 0xf7, 0xb6, 0x1c, 0x07, 0x3e, 0x05, 0xf7, 0x26, 0x06, 0x0e, 0xf7, 0xec, 0xfb, 0xa2,
0x15, 0xf7, 0x1e, 0xf9, 0xab, 0x25, 0x0a, 0xfb, 0x1e, 0xfd, 0xab, 0x05, 0xf7, 0x3c, 0xfa, 0x5c,
0x15, 0x2a, 0x0a, 0xf7, 0x18, 0xf9, 0x8a, 0x25, 0x0a, 0x0e, 0xfa, 0xfc, 0xfa, 0x35, 0x15, 0xfc,
0x1d, 0x06, 0xfb, 0x25, 0xfe, 0x35, 0x24, 0x1d, 0xf7, 0x26, 0xfa, 0x35, 0x05, 0xfc, 0x19, 0x06,
0xa4, 0xf7, 0x2d, 0x05, 0xf8, 0x17, 0x06, 0xc6, 0xf8, 0x0a, 0x25, 0x0a, 0x50, 0xfc, 0x0a, 0x05,
0xf8, 0x1d, 0x06, 0x0e, 0xfa, 0x6c, 0x16, 0xfc, 0x1f, 0x06, 0x4a, 0xfc, 0x34, 0x24, 0x1d, 0xcd,
0xf8, 0x34, 0x05, 0xfc, 0x16, 0x06, 0xa3, 0xf7, 0x2b, 0x05, 0xf8, 0x15, 0x06, 0xf7, 0x0e, 0xf9,
0x9e, 0x05, 0xfc, 0x16, 0x06, 0xa3, 0xf7, 0x2d, 0x05, 0xf8, 0x15, 0x06, 0xc6, 0xf8, 0x0a, 0x25,
0x0a, 0x50, 0xfc, 0x0a, 0x05, 0xf8, 0x1f, 0x06, 0x73, 0xfb, 0x2d, 0x05, 0xfc, 0x1f, 0x06, 0xfb,
0x0d, 0xfd, 0x9e, 0x05, 0xf8, 0x1f, 0x06, 0x0e, 0xf9, 0xc1, 0xf8, 0x4f, 0x15, 0x87, 0x6a, 0x84,
0x6e, 0x80, 0x70, 0x80, 0x70, 0x7c, 0x74, 0x7a, 0x77, 0x75, 0x72, 0x6f, 0x77, 0x6a, 0x7e, 0x6a,
0x7e, 0x64, 0x85, 0x60, 0x8c, 0x62, 0x8c, 0x69, 0x93, 0x6e, 0x9c, 0x6e, 0x9c, 0x73, 0xa0, 0x79,
0xa6, 0x79, 0xa6, 0x7e, 0xa9, 0x84, 0xae, 0x08, 0x83, 0xae, 0x88, 0xae, 0x8d, 0xb0, 0x93, 0xe2,
0x18, 0x8f, 0xb2, 0x94, 0xb0, 0x9a, 0xaf, 0x99, 0xae, 0x9e, 0xab, 0xa3, 0xa6, 0xa3, 0xa6, 0xa8,
0xa0, 0xad, 0x9b, 0xac, 0x9a, 0xb1, 0x93, 0xb5, 0x8a, 0xb2, 0x8a, 0xad, 0x85, 0xa8, 0x7f, 0xa8,
0x7e, 0xa3, 0x7a, 0x9e, 0x75, 0x9c, 0x77, 0x97, 0x73, 0x93, 0x6f, 0x08, 0x92, 0x6f, 0x8e, 0x6c,
0x8a, 0x68, 0xfb, 0x01, 0x8c, 0x18, 0x8c, 0xa0, 0x8b, 0x9d, 0x88, 0x9c, 0x88, 0x9c, 0x85, 0x99,
0x82, 0x97, 0x82, 0x98, 0x7e, 0x95, 0x7c, 0x92, 0x08, 0x92, 0x7b, 0x77, 0x8e, 0x73, 0x1b, 0x70,
0x73, 0x85, 0x80, 0x77, 0x1f, 0x77, 0x80, 0x7a, 0x7c, 0x7e, 0x79, 0x7d, 0x79, 0x80, 0x77, 0x83,
0x74, 0x83, 0x74, 0x86, 0x73, 0x88, 0x73, 0x83, 0x31, 0x18, 0x8a, 0x76, 0x8b, 0x75, 0x8e, 0x75,
0x8d, 0x74, 0x90, 0x77, 0x94, 0x78, 0x94, 0x78, 0x97, 0x7c, 0x9b, 0x7f, 0x9b, 0x7f, 0xa0, 0x85,
0xa5, 0x8a, 0xa2, 0x8a, 0x9f, 0x8e, 0x9c, 0x92, 0x9c, 0x92, 0x99, 0x94, 0x97, 0x97, 0x97, 0x97,
0x95, 0x9a, 0x93, 0x9c, 0x08, 0x92, 0x9c, 0x91, 0x9d, 0x90, 0xa0, 0x08, 0xfc, 0xb1, 0xe7, 0x15,
0x84, 0x52, 0x8f, 0x52, 0x98, 0x54, 0x98, 0x54, 0xa0, 0x59, 0xaa, 0x60, 0xa9, 0x60, 0xb2, 0x67,
0xba, 0x70, 0xba, 0x70, 0xc2, 0x7c, 0xc9, 0x8a, 0xce, 0x89, 0xc9, 0x97, 0xc6, 0xa6, 0xc5, 0xa5,
0xbe, 0xaf, 0xb8, 0xb8, 0xb8, 0xb8, 0xaf, 0xbe, 0xa8, 0xc6, 0x08, 0xa7, 0xc6, 0x9d, 0xc8, 0x92,
0xca, 0x92, 0xc4, 0x87, 0xc3, 0x7e, 0xc2, 0x7e, 0xc2, 0x75, 0xbc, 0x6c, 0xb6, 0x6c, 0xb6, 0x65,
0xad, 0x5c, 0xa6, 0x5c, 0xa6, 0x54, 0x99, 0x4d, 0x8c, 0x4b, 0x8d, 0x4e, 0x80, 0x51, 0x73, 0x52,
0x72, 0x58, 0x69, 0x5f, 0x5f, 0x08, 0x5c, 0x5e, 0x65, 0x57, 0x6e, 0x50, 0x6d, 0x50, 0x79, 0x4d,
0x84, 0x4b, 0x08, 0x34, 0x8c, 0x15, 0x90, 0xbd, 0x96, 0xbc, 0x9c, 0xbb, 0x9c, 0xbb, 0xa0, 0xb8,
0xa6, 0xb6, 0xa6, 0xb5, 0xaa, 0xb2, 0xaf, 0xae, 0xae, 0xae, 0xb2, 0xaa, 0xb6, 0xa4, 0xb5, 0xa4,
0xb8, 0x9f, 0xbb, 0x99, 0xbb, 0x98, 0xbd, 0x91, 0xc0, 0x8a, 0xbc, 0x8a, 0xb9, 0x84, 0xb6, 0x7c,
0x08, 0xb5, 0x7c, 0xb1, 0x76, 0xad, 0x72, 0xad, 0x72, 0xa9, 0x6d, 0xa5, 0x68, 0xa4, 0x68, 0xa0,
0x66, 0x9b, 0x62, 0x9b, 0x62, 0x96, 0x61, 0x91, 0x5e, 0x91, 0x5e, 0x8c, 0x5d, 0x86, 0x5d, 0x86,
0x58, 0x80, 0x5a, 0x7a, 0x5b, 0x7a, 0x5b, 0x76, 0x5e, 0x70, 0x60, 0x08, 0x90, 0x1d, 0x60, 0x72,
0x5e, 0x77, 0x5b, 0x7d, 0x5a, 0x7d, 0x59, 0x85, 0x56, 0x8c, 0x40, 0x8c, 0x49, 0x9c, 0x52, 0xab,
0x51, 0xab, 0x5b, 0xb5, 0x65, 0xbf, 0x65, 0xbe, 0x70, 0xc6, 0x7a, 0xcd, 0x08, 0x7a, 0xcd, 0x86,
0xcf, 0x92, 0xd1, 0x08, 0x0e, 0xd6, 0xf8, 0xa9, 0x15, 0x90, 0xbd, 0x96, 0xbc, 0x9c, 0xbb, 0x9c,
0xbb, 0xa0, 0xb8, 0xa6, 0xb6, 0xa5, 0xb6, 0xaa, 0xb2, 0xaf, 0xae, 0xae, 0xae, 0xb2, 0xaa, 0xb6,
0xa4, 0xb5, 0xa4, 0xb8, 0x9f, 0xbc, 0x99, 0xbb, 0x98, 0xbd, 0x91, 0xc0, 0x8a, 0xd6, 0x89, 0xcd,
0x7a, 0xc5, 0x6c, 0x08, 0xc4, 0x6b, 0xbb, 0x61, 0xb1, 0x58, 0xb1, 0x58, 0xa6, 0x50, 0x9c, 0x4a,
0x9c, 0x49, 0x90, 0x47, 0x84, 0x45, 0x86, 0x59, 0x80, 0x5a, 0x7a, 0x5b, 0x7a, 0x5b, 0x76, 0x5e,
0x70, 0x61, 0x90, 0x1d, 0x08, 0x60, 0x72, 0x5e, 0x77, 0x5b, 0x7e, 0x5a, 0x7d, 0x59, 0x85, 0x56,
0x8c, 0x56, 0x8c, 0x5b, 0x95, 0x5e, 0x9c, 0x5e, 0x9c, 0x63, 0xa1, 0x68, 0xa8, 0x6f, 0xa2, 0x72,
0xa5, 0x75, 0xa9, 0x75, 0xa8, 0x79, 0xab, 0x7c, 0xae, 0x78, 0xb5, 0x7e, 0xb8, 0x84, 0xbc, 0x08,
0x83, 0xbb, 0x8a, 0xbc, 0x90, 0xbd, 0x08, 0xe2, 0x8a, 0x15, 0x84, 0x52, 0x8f, 0x53, 0x98, 0x54,
0x98, 0x54, 0xa1, 0x5a, 0xaa, 0x60, 0xaa, 0x60, 0xb2, 0x68, 0xba, 0x70, 0xba, 0x70, 0xc1, 0x7c,
0xc9, 0x8a, 0xcd, 0x89, 0xc9, 0x97, 0xc6, 0xa5, 0xc6, 0xa6, 0xbe, 0xae, 0xb7, 0xb7, 0xb7, 0xb7,
0xaf, 0xbe, 0xa8, 0xc6, 0x08, 0xa8, 0xc6, 0x9d, 0xc8, 0x92, 0xca, 0x92, 0xc4, 0x88, 0xc3, 0x7e,
0xc2, 0x7e, 0xc2, 0x75, 0xbc, 0x6c, 0xb6, 0x6c, 0xb6, 0x64, 0xae, 0x5c, 0xa6, 0x5c, 0xa6, 0x54,
0x99, 0x4d, 0x8c, 0x48, 0x8d, 0x4d, 0x7f, 0x51, 0x71, 0x51, 0x71, 0x58, 0x68, 0x5e, 0x5f, 0x08,
0x5e, 0x5e, 0x67, 0x58, 0x6e, 0x51, 0x6e, 0x50, 0x7a, 0x4e, 0x84, 0x4c, 0x08, 0xf7, 0xcf, 0x5c,
0x15, 0x62, 0xfb, 0x91, 0x05, 0x21, 0x06, 0xef, 0xf9, 0x0f, 0xf7, 0x5b, 0x8a, 0xa8, 0x8a, 0xa6,
0x87, 0xa5, 0x84, 0x19, 0xa5, 0x84, 0xa2, 0x80, 0x9f, 0x7c, 0x9e, 0x7c, 0x9a, 0x79, 0x96, 0x74,
0x96, 0x74, 0x8f, 0x6f, 0x89, 0x6a, 0x89, 0x75, 0x86, 0x77, 0x82, 0x7a, 0x82, 0x7a, 0x7f, 0x7c,
0x7d, 0x7e, 0x7c, 0x7e, 0x7b, 0x7f, 0x79, 0x82, 0x79, 0x82, 0x79, 0x82, 0x78, 0x84, 0xea, 0xfb,
0xb2, 0x18, 0x24, 0x06, 0x3e, 0xf7, 0x91, 0x05, 0x20, 0xec, 0x15, 0xf7, 0x03, 0x06, 0x9a, 0x8c,
0x99, 0x8d, 0x9a, 0x8f, 0x9a, 0x8f, 0x98, 0x91, 0x97, 0x92, 0x97, 0x92, 0x95, 0x95, 0x94, 0x97,
0x94, 0x96, 0x90, 0x99, 0x8e, 0x9b, 0x8e, 0x9e, 0x8b, 0x9a, 0x86, 0x97, 0x86, 0x97, 0x83, 0x94,
0x81, 0x92, 0x81, 0x92, 0x7f, 0x8f, 0x7d, 0x8e, 0x08, 0x7c, 0x8e, 0x7c, 0x8c, 0x7b, 0x8c, 0x21,
0x8c, 0x18, 0x0e, 0xfa, 0xcc, 0x1c, 0x05, 0x13, 0x15, 0xfb, 0x59, 0xfc, 0x0f, 0x57, 0x8a, 0x48,
0xf8, 0x1c, 0x46, 0xfc, 0x1c, 0x05, 0x31, 0x06, 0xe9, 0xf8, 0xad, 0x05, 0xf7, 0x00, 0x06, 0xd0,
0xfc, 0x1f, 0xf7, 0x64, 0xf8, 0x1f, 0x05, 0xf7, 0x05, 0x06, 0x2d, 0xfc, 0xad, 0x05, 0x31, 0x06,
0xfc, 0x27, 0xf8, 0x5c, 0x15, 0xfb, 0x23, 0x06, 0x3b, 0xfc, 0x5c, 0x05, 0x30, 0x06, 0xdb, 0xf8,
0x5c, 0x05, 0xfb, 0x23, 0x06, 0x99, 0xdc, 0x05, 0xf8, 0x0d, 0x06, 0x0e, 0xf8, 0x5d, 0x1c, 0x04,
0xb7, 0x15, 0x8d, 0xae, 0x94, 0xae, 0x9a, 0xac, 0x9a, 0xac, 0x9e, 0xa8, 0xa4, 0xa4, 0xa4, 0xa4,
0xa7, 0x9e, 0xac, 0x9a, 0xac, 0x9a, 0xad, 0x92, 0xb0, 0x8a, 0xac, 0x8a, 0xaa, 0x84, 0xa6, 0x7d,
0xa6, 0x7c, 0xa2, 0x78, 0x9e, 0x74, 0x9e, 0x74, 0x99, 0x70, 0x95, 0x6d, 0x08, 0x95, 0x6d, 0x8f,
0x6c, 0x89, 0x6b, 0x89, 0x68, 0x83, 0x69, 0x7c, 0x6b, 0x7c, 0x6a, 0x78, 0x6f, 0x73, 0x73, 0x73,
0x72, 0x6f, 0x78, 0x6b, 0x7c, 0x6b, 0x7c, 0x69, 0x84, 0x67, 0x8c, 0x6a, 0x8c, 0x6c, 0x92, 0x6f,
0x99, 0x6f, 0x98, 0x73, 0x9d, 0x78, 0xa2, 0x08, 0x77, 0xa2, 0x7c, 0xa5, 0x81, 0xa9, 0x80, 0xa8,
0x87, 0xaa, 0x8d, 0xac, 0x08, 0xf7, 0x0e, 0x8e, 0x15, 0x8a, 0x7a, 0x8c, 0x7c, 0x90, 0x7c, 0x90,
0x7c, 0x92, 0x7e, 0x95, 0x80, 0x94, 0x80, 0x97, 0x82, 0x99, 0x84, 0x08, 0x84, 0x99, 0x9b, 0x88,
0x9c, 0x1b, 0x9d, 0x9c, 0x8f, 0x93, 0x9c, 0x1f, 0x9b, 0x92, 0x99, 0x95, 0x98, 0x98, 0x97, 0x97,
0x95, 0x99, 0x93, 0x9b, 0x92, 0x9b, 0x90, 0x9c, 0x8c, 0x9d, 0x8c, 0x9b, 0x8a, 0x9b, 0x87, 0x9a,
0x87, 0x9a, 0x85, 0x99, 0x82, 0x97, 0x82, 0x97, 0x7f, 0x95, 0x7e, 0x92, 0x08, 0x92, 0x7d, 0x7b,
0x8f, 0x7a, 0x1b, 0x78, 0x7a, 0x87, 0x83, 0x7a, 0x1f, 0x7a, 0x83, 0x7d, 0x81, 0x7e, 0x7e, 0x7e,
0x7e, 0x80, 0x7c, 0x83, 0x7a, 0x83, 0x7a, 0x86, 0x7a, 0x8a, 0x79, 0x08, 0x0e, 0xf8, 0xcb, 0xfa,
0x2a, 0x15, 0xfb, 0xf2, 0xeb, 0xd8, 0xf7, 0x3e, 0xf7, 0xe3, 0xfb, 0x2d, 0xb5, 0xf8, 0x3d, 0x05,
0xf7, 0x42, 0x06, 0x2d, 0xfc, 0x3a, 0xf8, 0x07, 0xf7, 0x28, 0xa4, 0xfb, 0x4c, 0xfc, 0x17, 0x2d,
0xf7, 0x5c, 0xfb, 0xdc, 0xfb, 0x2c, 0x22, 0xfb, 0x2b, 0xf8, 0x00, 0xfb, 0x97, 0xfb, 0xf3, 0xfb,
0x19, 0xf7, 0x03, 0x05, 0x0e, 0xf9, 0x1f, 0xf8, 0x2e, 0x15, 0xfb, 0x8f, 0x06, 0xfb, 0x29, 0xfc,
0x2e, 0x05, 0xfb, 0x25, 0x06, 0xf7, 0x2a, 0xf8, 0x2e, 0x05, 0xfb, 0x7a, 0x06, 0xa3, 0xf7, 0x1d,
0x05, 0xf7, 0x92, 0x06, 0xf7, 0x15, 0xf7, 0xf6, 0x05, 0xfb, 0x8d, 0x06, 0xa4, 0xf7, 0x1f, 0x05,
0xf7, 0xa6, 0x06, 0xf7, 0x2c, 0xf8, 0x34, 0x05, 0xf7, 0x25, 0x06, 0xfb, 0x2d, 0xfc, 0x34, 0x05,
0xf7, 0x8e, 0x06, 0xf7, 0x2d, 0xf8, 0x34, 0x05, 0xf7, 0x24, 0x06, 0xfb, 0x2c, 0xfc, 0x34, 0x05,
0xf7, 0x59, 0x06, 0x73, 0xfb, 0x1f, 0x05, 0xfb, 0x73, 0x06, 0xfb, 0x14, 0xfb, 0xf6, 0x05, 0xf7,
0x6d, 0x06, 0x73, 0xfb, 0x1d, 0x05, 0xfb, 0x86, 0x06, 0xfb, 0x29, 0xfc, 0x2e, 0x05, 0xfb, 0x25,
0x06, 0x57, 0xf8, 0xb7, 0x15, 0xf7, 0x8e, 0x06, 0xf7, 0x15, 0xf7, 0xf6, 0x05, 0xfb, 0x8f, 0x06,
0x0e, 0xd0, 0xf8, 0x02, 0x15, 0x8f, 0xbd, 0x97, 0xb8, 0x9f, 0xb4, 0x9e, 0xb4, 0xa4, 0xb0, 0xaa,
0xae, 0xa4, 0xa8, 0xa8, 0xa5, 0xaa, 0xa4, 0xaa, 0xa3, 0xaa, 0xa2, 0xac, 0xa0, 0xb1, 0xa4, 0x18,
0x7e, 0xa5, 0x7f, 0xa5, 0x7f, 0xa6, 0x7f, 0xa6, 0x81, 0xa6, 0x83, 0xa6, 0x82, 0xa6, 0x85, 0xa7,
0x87, 0xa8, 0x86, 0xa7, 0x8a, 0xa8, 0x8d, 0xa9, 0x93, 0xf5, 0xb2, 0xe1, 0xd1, 0xcf, 0xd0, 0xcf,
0xe6, 0xac, 0xf7, 0x02, 0x88, 0xde, 0x88, 0xce, 0x6d, 0xbf, 0x51, 0x08, 0xbe, 0x52, 0xa2, 0x45,
0x86, 0x38, 0x87, 0x3f, 0x70, 0x4b, 0x5a, 0x59, 0x59, 0x5a, 0x56, 0x5d, 0x52, 0x62, 0xfb, 0x06,
0x34, 0x18, 0xf7, 0x7a, 0xfc, 0x20, 0xac, 0xba, 0xa6, 0xbb, 0x9f, 0xbd, 0x19, 0x9f, 0xbd, 0x9a,
0xc0, 0x94, 0xc4, 0x08, 0xf7, 0x34, 0x06, 0x82, 0x36, 0x77, 0x3d, 0x6a, 0x42, 0x6a, 0x42, 0x5c,
0x48, 0x50, 0x4e, 0xf7, 0x19, 0xfb, 0x7f, 0x18, 0xfb, 0x5e, 0x06, 0x4e, 0xf7, 0x00, 0x57, 0x64,
0x54, 0x6b, 0x50, 0x74, 0x19, 0x50, 0x74, 0x4c, 0x80, 0x48, 0x8c, 0xfb, 0x03, 0x8c, 0x2f, 0xaf,
0x43, 0xd1, 0x43, 0xd1, 0x6b, 0xe8, 0x93, 0xf7, 0x07, 0x08, 0xf8, 0x0d, 0xfb, 0x7f, 0x15, 0xbe,
0x8a, 0xbb, 0x94, 0xb8, 0x9f, 0xb8, 0x9f, 0xb5, 0xa3, 0xb4, 0xa7, 0xfb, 0x84, 0xf8, 0x42, 0x18,
0x6c, 0x72, 0x76, 0x7a, 0x75, 0x79, 0x76, 0x78, 0x19, 0x75, 0x77, 0x77, 0x76, 0x79, 0x74, 0x78,
0x74, 0x7c, 0x73, 0x7e, 0x72, 0x7e, 0x71, 0x83, 0x70, 0x87, 0x6f, 0x83, 0x49, 0x98, 0x54, 0xae,
0x5e, 0xae, 0x5f, 0xbe, 0x74, 0xd0, 0x8a, 0x08, 0xb2, 0xfa, 0x72, 0x15, 0x88, 0x77, 0x8b, 0x77,
0x8d, 0x77, 0x8d, 0x77, 0x8f, 0x78, 0x90, 0x78, 0x90, 0x78, 0x91, 0x78, 0x93, 0x78, 0x92, 0x78,
0x93, 0x79, 0x93, 0x79, 0xf7, 0x14, 0xe7, 0x18, 0xac, 0xa4, 0xa8, 0xa6, 0xa3, 0xaa, 0xa3, 0xaa,
0x99, 0xb0, 0x8f, 0xb6, 0x8f, 0xaf, 0x84, 0xad, 0x79, 0xab, 0x08, 0xaa, 0x78, 0x6e, 0x9b, 0x62,
0x1b, 0x51, 0x8c, 0x5d, 0x76, 0x69, 0x60, 0x68, 0x60, 0x77, 0x5c, 0x86, 0x57, 0x08, 0x0e, 0x1c,
0x04, 0x88, 0xf9, 0xaf, 0x15, 0x86, 0x6e, 0x85, 0x6c, 0x84, 0x68, 0x84, 0x68, 0x81, 0x67, 0x7f,
0x68, 0x7f, 0x67, 0x7d, 0x68, 0x7a, 0x6a, 0x7a, 0x6a, 0x77, 0x6d, 0x74, 0x72, 0x74, 0x71, 0x70,
0x76, 0x6e, 0x7c, 0x6d, 0x7c, 0x69, 0x83, 0x66, 0x8c, 0x63, 0x8c, 0x6b, 0x97, 0x74, 0xa0, 0x08,
0x73, 0xa0, 0x7b, 0xa8, 0x84, 0xb1, 0x7e, 0x7b, 0x7d, 0x7c, 0x7c, 0x7c, 0x7c, 0x7c, 0x7c, 0x7f,
0x7a, 0x80, 0x7a, 0x80, 0x7a, 0x82, 0x78, 0x84, 0x08, 0x84, 0x78, 0x76, 0x88, 0x75, 0x1b, 0x70,
0x74, 0x91, 0x98, 0x79, 0x1f, 0x79, 0x97, 0x7d, 0x9b, 0x80, 0x9f, 0x80, 0x9e, 0x84, 0xa2, 0x86,
0xa4, 0x86, 0xa4, 0x89, 0xa4, 0x8a, 0xa5, 0x8a, 0xa4, 0x8b, 0xa4, 0x8e, 0xa3, 0x8d, 0xa3, 0x8d,
0xa0, 0x8e, 0x9d, 0x90, 0xad, 0x93, 0xaf, 0x95, 0xb1, 0x95, 0xb1, 0x98, 0xb0, 0x9a, 0xb0, 0x08,
0x9a, 0xb0, 0x9e, 0xae, 0xa0, 0xac, 0xa0, 0xac, 0xa4, 0xa9, 0xa7, 0xa4, 0xa6, 0xa4, 0xaa, 0x9e,
0xae, 0x9a, 0xad, 0x99, 0xb1, 0x91, 0xb5, 0x8a, 0xaf, 0x8a, 0xac, 0x83, 0xa8, 0x7c, 0xa8, 0x7c,
0xa4, 0x74, 0xa1, 0x6e, 0xfb, 0x0a, 0xfc, 0x8d, 0x18, 0x89, 0x7f, 0x89, 0x7e, 0x8a, 0x7c, 0x89,
0x7c, 0x8b, 0x7d, 0x8d, 0x7e, 0x8d, 0x7e, 0x90, 0x7f, 0x93, 0x82, 0x92, 0x82, 0x98, 0x86, 0x9c,
0x8a, 0xa4, 0x8a, 0xa2, 0x91, 0x9e, 0x98, 0x9e, 0x98, 0x9b, 0x9c, 0x9a, 0xa0, 0x99, 0xa0, 0x97,
0xa4, 0x95, 0xa6, 0x08, 0x95, 0xa6, 0x93, 0xa7, 0x92, 0xa6, 0x92, 0xa6, 0x90, 0xa6, 0x8f, 0xa4,
0x8e, 0xa4, 0x8e, 0x9f, 0x8e, 0x9c, 0x94, 0xd7, 0x8c, 0xdb, 0x84, 0xde, 0x84, 0xde, 0x70, 0xd0,
0x5e, 0xc1, 0x74, 0xa6, 0x6f, 0xa0, 0x69, 0x9c, 0x68, 0x9c, 0x62, 0x94, 0x5a, 0x8c, 0x08, 0x53,
0x8c, 0x57, 0x83, 0x5c, 0x79, 0x5b, 0x79, 0x60, 0x72, 0x64, 0x6b, 0x64, 0x6a, 0x68, 0x65, 0x6c,
0x60, 0x6c, 0x5f, 0x70, 0x5d, 0x74, 0x5b, 0x74, 0x5a, 0x77, 0x5a, 0x7c, 0x58, 0x7c, 0x58, 0x7f,
0x5a, 0x83, 0x5c, 0x84, 0x61, 0x86, 0x60, 0x88, 0x5f, 0x08, 0x88, 0x5f, 0x8c, 0x60, 0x90, 0x62,
0x90, 0x61, 0x94, 0x64, 0x98, 0x66, 0x98, 0x66, 0x9f, 0x6b, 0xa4, 0x6f, 0xa4, 0x6f, 0xaa, 0x75,
0xb1, 0x7b, 0xb0, 0x7a, 0xb9, 0x83, 0xc0, 0x8a, 0x08, 0xb5, 0xb4, 0x91, 0x97, 0xb2, 0x1f, 0xb2,
0x96, 0xb1, 0x9b, 0xaf, 0x9e, 0xa1, 0xfb, 0x0b, 0x18, 0x65, 0x72, 0x62, 0x78, 0x5e, 0x80, 0x5e,
0x7f, 0x5e, 0x85, 0x5e, 0x8c, 0x4a, 0x8c, 0x52, 0x95, 0x5a, 0x9e, 0x5a, 0x9e, 0x61, 0xa6, 0x69,
0xac, 0x68, 0xac, 0x70, 0xb1, 0x76, 0xb8, 0x76, 0xb8, 0x7c, 0xbb, 0x82, 0xbe, 0x82, 0xbe, 0x86,
0xc0, 0x8c, 0xc2, 0x08, 0x8c, 0xc2, 0x8f, 0xc1, 0x94, 0xc2, 0x94, 0xc4, 0x9a, 0xc5, 0x9e, 0xc8,
0x9e, 0xc8, 0xa3, 0xc6, 0xa8, 0xc5, 0xa8, 0xc4, 0xac, 0xc2, 0xb2, 0xbf, 0xb2, 0xbe, 0xb6, 0xb8,
0xbc, 0xb2, 0xbb, 0xb1, 0xc0, 0xa9, 0xc4, 0xa1, 0xc4, 0xa0, 0xc8, 0x95, 0xce, 0x8a, 0x08, 0xc6,
0x8a, 0xbf, 0x80, 0xb8, 0x78, 0xb8, 0x77, 0xb1, 0x71, 0xaa, 0x6a, 0xc9, 0x49, 0xb1, 0x36, 0x9b,
0x25, 0x9b, 0x24, 0x8c, 0x27, 0x7c, 0x2a, 0x08, 0xfd, 0x40, 0xfb, 0x15, 0x15, 0x8a, 0x83, 0x89,
0x81, 0x89, 0x7e, 0x89, 0x7e, 0x8a, 0x7c, 0x8a, 0x7c, 0x8a, 0x7b, 0x8a, 0x7b, 0x8c, 0x7c, 0x8c,
0x7b, 0x8d, 0x7d, 0x8f, 0x7e, 0x8f, 0x7e, 0x91, 0x80, 0x93, 0x82, 0x93, 0x82, 0x96, 0x87, 0x98,
0x8a, 0x9e, 0x8a, 0x9d, 0x8d, 0x9c, 0x92, 0x08, 0x9b, 0x92, 0x9a, 0x94, 0x99, 0x97, 0x98, 0x96,
0x98, 0x98, 0x97, 0x9a, 0x96, 0x99, 0x96, 0x99, 0x94, 0x9a, 0xf7, 0x06, 0xf8, 0x56, 0x18, 0x82,
0x8e, 0x83, 0x8e, 0x83, 0x8e, 0x83, 0x8d, 0x82, 0x8c, 0x82, 0x8c, 0x6c, 0x8d, 0x6f, 0x86, 0x72,
0x80, 0x72, 0x80, 0x75, 0x7b, 0x78, 0x78, 0x78, 0x78, 0x7a, 0x74, 0x7d, 0x72, 0x7c, 0x71, 0x7f,
0x70, 0x81, 0x6f, 0x81, 0x6f, 0x83, 0x6f, 0x84, 0x6f, 0x08, 0x84, 0x6f, 0x86, 0x71, 0x87, 0x73,
0x08, 0x0e, 0xfa, 0xc9, 0xf8, 0x4b, 0x15, 0x88, 0x67, 0x83, 0x6b, 0x7f, 0x6e, 0x7e, 0x6e, 0x7b,
0x70, 0x77, 0x74, 0x76, 0x74, 0x74, 0x76, 0x70, 0x79, 0x70, 0x78, 0x6f, 0x7b, 0x6c, 0x7c, 0x95,
0x81, 0x94, 0x81, 0x93, 0x81, 0x93, 0x80, 0x92, 0x81, 0x92, 0x80, 0x9d, 0x6c, 0x97, 0x6b, 0x92,
0x68, 0x08, 0x91, 0x68, 0x8d, 0x66, 0x88, 0x64, 0x86, 0x48, 0x78, 0x51, 0x6a, 0x5b, 0x6a, 0x5b,
0x63, 0x64, 0x5a, 0x6d, 0x5a, 0x6c, 0x54, 0x75, 0x4f, 0x7d, 0x4e, 0x7d, 0x4f, 0x85, 0x4f, 0x8c,
0x48, 0x8c, 0x4e, 0x95, 0x52, 0x9e, 0x52, 0x9e, 0x5b, 0xa6, 0x62, 0xaf, 0x08, 0x62, 0xaf, 0x6c,
0xb8, 0x76, 0xc0, 0x76, 0xc0, 0x82, 0xc9, 0x8e, 0xd2, 0xf7, 0x4d, 0x8d, 0x18, 0x88, 0x5f, 0x8f,
0x64, 0x97, 0x68, 0x97, 0x68, 0x9d, 0x6e, 0xa3, 0x73, 0xa3, 0x73, 0xa9, 0x79, 0xae, 0x7e, 0xae,
0x7e, 0xb3, 0x85, 0xb6, 0x8a, 0xae, 0x8a, 0xb0, 0x8f, 0xb0, 0x93, 0xb0, 0x93, 0xad, 0x98, 0xab,
0x9d, 0xaa, 0x9c, 0xa6, 0xa2, 0xa1, 0xa8, 0x08, 0xa1, 0xa7, 0x99, 0xad, 0x90, 0xb2, 0x8e, 0xa6,
0x8a, 0xa2, 0x84, 0xa0, 0x84, 0xa0, 0x80, 0x9d, 0x7d, 0x9c, 0x7c, 0x9b, 0x7a, 0x99, 0x77, 0x98,
0x77, 0x97, 0x76, 0x96, 0x75, 0x95, 0x74, 0x94, 0x75, 0x94, 0x74, 0x92, 0x74, 0x92, 0x76, 0x92,
0x77, 0x92, 0x08, 0x6e, 0x95, 0x6d, 0x96, 0x6e, 0x96, 0x6e, 0x96, 0x6f, 0x97, 0x71, 0x99, 0x77,
0x95, 0x78, 0x96, 0x79, 0x97, 0x78, 0x96, 0x7a, 0x98, 0x7b, 0x99, 0x66, 0xaa, 0x6e, 0xb2, 0x76,
0xb8, 0x76, 0xb8, 0x84, 0xc1, 0x90, 0xca, 0x8e, 0xae, 0x92, 0xab, 0x98, 0xa8, 0x08, 0x98, 0xa8,
0x9b, 0xa5, 0x9f, 0xa2, 0x9e, 0xa2, 0xa2, 0xa0, 0xa5, 0x9e, 0xa5, 0x9e, 0xa7, 0x9b, 0xaa, 0x9a,
0x7e, 0x99, 0x7f, 0x9a, 0x81, 0x9b, 0x80, 0x9a, 0x83, 0x9b, 0x84, 0x9c, 0x7f, 0xa6, 0x83, 0xa7,
0x88, 0xaa, 0x87, 0xa9, 0x8a, 0xaa, 0x8e, 0xab, 0x08, 0x8e, 0xb7, 0x95, 0xb3, 0x9c, 0xaf, 0x9b,
0xaf, 0xa0, 0xab, 0xa5, 0xa7, 0xa4, 0xa7, 0xa9, 0xa3, 0xac, 0xa0, 0xac, 0x9f, 0xae, 0x9c, 0xb1,
0x98, 0xb0, 0x98, 0xb2, 0x94, 0xb4, 0x91, 0xb3, 0x90, 0xb3, 0x8e, 0xb2, 0x8a, 0xce, 0x8a, 0xc7,
0x80, 0xc1, 0x78, 0x08, 0xc0, 0x77, 0xb8, 0x6f, 0xb0, 0x67, 0xb0, 0x66, 0xa6, 0x5f, 0x9e, 0x56,
0x9d, 0x56, 0x92, 0x4e, 0x87, 0x47, 0x08, 0xfb, 0x48, 0x06, 0x8e, 0xb4, 0x87, 0xb0, 0x82, 0xad,
0x81, 0xac, 0x7b, 0xa8, 0x76, 0xa4, 0x76, 0xa4, 0x70, 0x9e, 0x6b, 0x99, 0x6b, 0x99, 0x66, 0x93,
0x61, 0x8c, 0x67, 0x8c, 0x67, 0x87, 0x66, 0x84, 0x66, 0x83, 0x68, 0x7e, 0x6c, 0x7a, 0x6c, 0x79,
0x70, 0x74, 0x76, 0x6f, 0x08, 0x75, 0x6e, 0x7d, 0x69, 0x85, 0x63, 0x87, 0x6f, 0x8c, 0x72, 0x92,
0x76, 0x92, 0x76, 0x95, 0x78, 0x99, 0x7b, 0x98, 0x7a, 0x9c, 0x7d, 0x9e, 0x7f, 0x9e, 0x7f, 0xa0,
0x80, 0xa2, 0x82, 0xa1, 0x82, 0xa2, 0x82, 0xa2, 0x84, 0xa2, 0x84, 0xa2, 0x84, 0xa0, 0x84, 0x08,
0xa7, 0x82, 0xa7, 0x81, 0xa7, 0x80, 0xa7, 0x80, 0xa6, 0x80, 0xa5, 0x7e, 0xb0, 0x79, 0xae, 0x76,
0xab, 0x72, 0xab, 0x72, 0xa6, 0x6e, 0xa0, 0x6a, 0x9b, 0x70, 0x97, 0x6e, 0x93, 0x6a, 0x93, 0x6a,
0x8d, 0x67, 0x88, 0x62, 0x08, 0xfc, 0x6a, 0xf7, 0x90, 0x15, 0x72, 0x93, 0x71, 0x93, 0x72, 0x94,
0x72, 0x94, 0x72, 0x94, 0x72, 0x94, 0x74, 0x85, 0x76, 0x83, 0x78, 0x82, 0x77, 0x81, 0x79, 0x7f,
0x7b, 0x7e, 0x78, 0x7a, 0x7b, 0x77, 0x7e, 0x74, 0x7e, 0x74, 0x82, 0x70, 0x86, 0x6d, 0x85, 0x60,
0x90, 0x68, 0x9c, 0x6f, 0x08, 0x9b, 0x6f, 0xa2, 0x74, 0xa8, 0x78, 0xa8, 0x78, 0xab, 0x7c, 0xb0,
0x7f, 0xaf, 0x7f, 0xad, 0x80, 0xac, 0x80, 0x9e, 0x85, 0x9f, 0x85, 0x9e, 0x84, 0x9e, 0x84, 0x9d,
0x85, 0x9e, 0x84, 0x91, 0x89, 0x91, 0x89, 0x91, 0x89, 0x90, 0x88, 0x91, 0x89, 0x91, 0x89, 0x08,
0xa4, 0x92, 0xa2, 0x95, 0xa1, 0x97, 0xa1, 0x96, 0x9f, 0x99, 0x9d, 0x9c, 0x9c, 0x9b, 0x9a, 0x9e,
0x97, 0xa0, 0x96, 0xa0, 0x93, 0xa3, 0x8f, 0xa6, 0x8f, 0xa6, 0x8a, 0xa3, 0x84, 0xa0, 0x84, 0xa0,
0x80, 0x9e, 0x7c, 0x9c, 0x7c, 0x9c, 0x7a, 0x99, 0x76, 0x98, 0x08, 0x76, 0x98, 0x76, 0x96, 0x74,
0x95, 0x74, 0x95, 0x75, 0x94, 0x74, 0x93, 0x74, 0x92, 0x75, 0x92, 0x77, 0x92, 0x08, 0x0e, 0xf9,
0x2a, 0x16, 0xe5, 0xf8, 0x9c, 0x43, 0x8c, 0x48, 0x8d, 0x4e, 0x98, 0x56, 0xa2, 0x19, 0x56, 0xa2,
0x5e, 0xaa, 0x68, 0xb4, 0x67, 0xb3, 0x71, 0xbb, 0x7b, 0xc3, 0x7a, 0xc2, 0x86, 0xc9, 0x91, 0xce,
0x92, 0xd4, 0x9e, 0xcd, 0xaa, 0xc6, 0xaa, 0xc5, 0xb2, 0xbd, 0xbc, 0xb4, 0xbc, 0xb4, 0xc3, 0xaa,
0xca, 0xa2, 0x08, 0xa1, 0xca, 0xcf, 0x96, 0xd3, 0x1b, 0xf7, 0xa9, 0x8a, 0xfb, 0x91, 0x2b, 0x1d,
0x0e, 0xf7, 0x7c, 0xf9, 0x39, 0x15, 0xf8, 0x52, 0xf9, 0x9f, 0x05, 0xf7, 0x11, 0x06, 0xf7, 0x42,
0xfd, 0x9f, 0x05, 0xfb, 0x32, 0x06, 0xfb, 0x00, 0xf8, 0x7a, 0x8a, 0xd0, 0x6f, 0x45, 0xfb, 0xa5,
0xfc, 0x79, 0x05, 0x0e, 0x1c, 0x04, 0x86, 0xf9, 0x7a, 0x15, 0x87, 0x60, 0x81, 0x61, 0x7b, 0x62,
0x7b, 0x62, 0x75, 0x66, 0x70, 0x6b, 0x70, 0x6b, 0x6a, 0x71, 0x65, 0x78, 0x65, 0x78, 0x60, 0x81,
0x5c, 0x8c, 0x08, 0x6d, 0x6f, 0x8f, 0x93, 0x70, 0x1f, 0x70, 0x92, 0x72, 0x95, 0x73, 0x98, 0x72,
0x98, 0x74, 0x9a, 0x75, 0x9c, 0x74, 0x9c, 0x75, 0x9d, 0x76, 0x9e, 0x7e, 0x97, 0x7d, 0x97, 0x7c,
0x97, 0x7c, 0x96, 0x7c, 0x96, 0x7b, 0x95, 0x7b, 0x94, 0x7a, 0x93, 0x7a, 0x91, 0x08, 0x90, 0x79,
0x79, 0x8e, 0x78, 0x1b, 0x70, 0x73, 0x86, 0x80, 0x76, 0x1f, 0x76, 0x80, 0x78, 0x7e, 0x7c, 0x7a,
0x7c, 0x7a, 0x7e, 0x77, 0x81, 0x75, 0x80, 0x75, 0x84, 0x74, 0x86, 0x73, 0xfb, 0x17, 0x9c, 0x18,
0x90, 0xb6, 0x96, 0xb5, 0x9c, 0xb3, 0x9c, 0xb3, 0xa1, 0xae, 0xa7, 0xaa, 0xa6, 0xaa, 0xac, 0xa3,
0xb1, 0x9d, 0xb0, 0x9d, 0xb6, 0x94, 0xba, 0x8a, 0xae, 0x8a, 0xad, 0x86, 0xab, 0x81, 0xaa, 0x80,
0xa9, 0x7d, 0xa8, 0x7a, 0x9e, 0x80, 0x9d, 0x7e, 0x9d, 0x7d, 0x08, 0x9d, 0x7d, 0x9c, 0x7c, 0x9c,
0x7c, 0x99, 0x7e, 0x99, 0x7f, 0x9a, 0x7f, 0x99, 0x7f, 0x9a, 0x80, 0x9b, 0x82, 0x9b, 0x82, 0x9c,
0x83, 0x9d, 0x86, 0x08, 0x85, 0x9c, 0x9e, 0x88, 0x9e, 0x1b, 0xa6, 0xa3, 0x91, 0x96, 0xa1, 0x1f,
0xa0, 0x96, 0x9e, 0x9a, 0x9b, 0x9e, 0x9b, 0x9d, 0x98, 0xa0, 0x96, 0xa2, 0x95, 0xa2, 0x93, 0xa2,
0x90, 0xa3, 0x08, 0x0e, 0x21, 0x0a, 0xf7, 0x58, 0xf9, 0x24, 0x20, 0x1d, 0x21, 0x0a, 0xf8, 0x08,
0xf8, 0x5d, 0x22, 0x1d, 0x21, 0x0a, 0xfb, 0x77, 0xf8, 0xb8, 0x20, 0x0a, 0x21, 0x0a, 0xf7, 0x1f,
0xf8, 0x1d, 0x15, 0xfb, 0x1a, 0x06, 0xfb, 0x5b, 0xf7, 0x9e, 0x05, 0xf7, 0x60, 0x06, 0x0e, 0x21,
0x0a, 0x22, 0xf8, 0xc0, 0x33, 0x0a, 0x21, 0x0a, 0xf8, 0x4e, 0xf9, 0x38, 0x23, 0x0a, 0x2d, 0x0a,
0xfb, 0xd1, 0xfc, 0x49, 0x2e, 0x0a, 0x24, 0x0a, 0x32, 0xfa, 0x76, 0x20, 0x1d, 0x24, 0x0a, 0xe2,
0xf9, 0xaf, 0x22, 0x1d, 0x24, 0x0a, 0xfc, 0x94, 0xfa, 0x0a, 0x20, 0x0a, 0x24, 0x0a, 0xfb, 0x26,
0xf9, 0x6f, 0x22, 0x0a, 0x56, 0x0a, 0x27, 0x1d, 0xf8, 0xc4, 0xf8, 0xa5, 0x20, 0x1d, 0x27, 0x1d,
0xf9, 0x74, 0xf7, 0xde, 0x22, 0x1d, 0x27, 0x1d, 0xf7, 0x1d, 0xf8, 0x39, 0x20, 0x0a, 0x27, 0x1d,
0xf8, 0x8b, 0xf7, 0x9e, 0x15, 0xfb, 0x1a, 0x06, 0xfb, 0x5b, 0xf7, 0x9e, 0x05, 0xf7, 0x60, 0x06,
0x0e, 0x34, 0x1d, 0x34, 0xf8, 0x18, 0x23, 0x0a, 0x26, 0x0a, 0x89, 0x1c, 0x04, 0xb1, 0x20, 0x1d,
0x26, 0x0a, 0xf7, 0x42, 0xfa, 0x7e, 0x22, 0x1d, 0x26, 0x0a, 0xfc, 0x3d, 0xfa, 0xd9, 0x20, 0x0a,
0x26, 0x0a, 0x50, 0xfa, 0x3e, 0x22, 0x0a, 0x59, 0x1d, 0x0e, 0x26, 0x0a, 0xf7, 0x88, 0x1c, 0x04,
0xc5, 0x23, 0x0a, 0x2e, 0x1d, 0x2c, 0xf7, 0xf8, 0x20, 0x1d, 0x2e, 0x1d, 0xdc, 0xf7, 0x31, 0x22,
0x1d, 0x2e, 0x1d, 0xfc, 0x9a, 0xf7, 0x8c, 0x20, 0x0a, 0x2e, 0x1d, 0xfb, 0x2c, 0xe8, 0x22, 0x0a,
0x31, 0x1d, 0xf8, 0x74, 0xf8, 0x03, 0x20, 0x1d, 0x31, 0x1d, 0xc4, 0xf7, 0x97, 0x20, 0x0a, 0x23,
0x1d, 0xf8, 0x19, 0x1c, 0x05, 0x52, 0x20, 0x1d, 0x51, 0x0a, 0x0e, 0x23, 0x1d, 0x69, 0x1c, 0x04,
0xe6, 0x20, 0x0a, 0x23, 0x1d, 0xf7, 0xe0, 0xfa, 0xdf, 0x22, 0x0a, 0x23, 0x1d, 0xe3, 0x1c, 0x04,
0xee, 0x33, 0x0a, 0x23, 0x1d, 0xf9, 0x0f, 0x1c, 0x05, 0x66, 0x23, 0x0a, 0x32, 0x0a, 0xb5, 0xfb,
0x15, 0x2e, 0x0a, 0x25, 0x1d, 0xf7, 0x40, 0xf8, 0xbd, 0x20, 0x1d, 0x25, 0x1d, 0xf7, 0xf0, 0xf7,
0xf6, 0x22, 0x1d, 0x25, 0x1d, 0xfb, 0x8f, 0xf8, 0x51, 0x20, 0x0a, 0x25, 0x1d, 0xf7, 0x07, 0xf7,
0xb6, 0x22, 0x0a, 0x30, 0x1d, 0xf9, 0x0d, 0xf8, 0xc4, 0x20, 0x1d, 0x30, 0x1d, 0xf9, 0xbd, 0xf7,
0xfd, 0x22, 0x1d, 0x30, 0x1d, 0xf7, 0x66, 0xf8, 0x58, 0x20, 0x0a, 0x30, 0x1d, 0xf8, 0xd4, 0xf7,
0xbd, 0x22, 0x0a, 0x36, 0x0a, 0xf9, 0xd2, 0x1c, 0x05, 0xf2, 0x23, 0x0a, 0x26, 0x1d, 0xf8, 0xb7,
0xfa, 0x52, 0x20, 0x1d, 0x26, 0x1d, 0xf9, 0x67, 0xf9, 0x8b, 0x22, 0x1d, 0x26, 0x1d, 0xf7, 0x10,
0xf9, 0xe6, 0x20, 0x0a, 0x26, 0x1d, 0xf8, 0x7e, 0xf9, 0x4b, 0x15, 0xfb, 0x1a, 0x06, 0xfb, 0x5b,
0xf7, 0x9e, 0x05, 0xf7, 0x60, 0x06, 0x0e, 0x53, 0x0a, 0x0e, 0x26, 0x1d, 0xf9, 0xad, 0xfa, 0x66,
0x23, 0x0a, 0x2f, 0x1d, 0xf8, 0x18, 0x1c, 0x05, 0xde, 0x20, 0x1d, 0x2f, 0x1d, 0xf8, 0xc8, 0x1c,
0x05, 0x17, 0x22, 0x1d, 0x2f, 0x1d, 0x68, 0x1c, 0x05, 0x72, 0x20, 0x0a, 0x2f, 0x1d, 0xf7, 0xdf,
0x1c, 0x04, 0xd7, 0x22, 0x0a, 0x2c, 0x1d, 0xf8, 0x8e, 0xf8, 0x24, 0x20, 0x1d, 0x2c, 0x1d, 0xde,
0xf7, 0xb8, 0x20, 0x0a, 0xfa, 0x04, 0x1c, 0x04, 0xbf, 0x15, 0xfb, 0x1a, 0x06, 0xfb, 0x5b, 0xf7,
0x9e, 0x05, 0xf7, 0x60, 0x06, 0x0e, 0xf9, 0x58, 0x1c, 0x05, 0xc9, 0x20, 0x1d, 0xfa, 0x11, 0x1c,
0x04, 0xfe, 0x22, 0x1d, 0xfa, 0x3f, 0x1c, 0x05, 0xd3, 0x23, 0x0a, 0xfa, 0xb2, 0x1c, 0x05, 0x21,
0x28, 0x0a, 0xf8, 0x23, 0x1c, 0x05, 0x59, 0x20, 0x0a, 0xf8, 0x8b, 0x16, 0x76, 0x54, 0x9c, 0x87,
0x9b, 0x85, 0x99, 0x84, 0x19, 0x99, 0x83, 0x97, 0x82, 0x95, 0x81, 0x99, 0x7c, 0x96, 0x7a, 0x92,
0x77, 0x92, 0x77, 0x8e, 0x75, 0x8a, 0x72, 0x8a, 0x6f, 0x86, 0x72, 0x82, 0x76, 0x82, 0x76, 0x7e,
0x78, 0x7c, 0x7c, 0x7a, 0x7a, 0x78, 0x7d, 0x74, 0x80, 0x74, 0x7f, 0x73, 0x82, 0x72, 0x84, 0x08,
0x74, 0x84, 0x73, 0x87, 0x72, 0x88, 0x72, 0x88, 0x73, 0x89, 0x74, 0x8a, 0x8f, 0xf7, 0x00, 0x18,
0x9d, 0x8c, 0x9e, 0x8d, 0x9f, 0x8e, 0x9e, 0x8e, 0x9e, 0x91, 0x9c, 0x93, 0x9c, 0x92, 0x9a, 0x96,
0x98, 0x99, 0x98, 0x98, 0x93, 0x9d, 0x8e, 0xa0, 0x8e, 0x9f, 0x89, 0x9b, 0x82, 0x96, 0x82, 0x96,
0x80, 0x93, 0x7d, 0x91, 0x7c, 0x90, 0x7b, 0x8f, 0x7a, 0x8d, 0x08, 0x7a, 0x8d, 0x7b, 0x8d, 0x7d,
0x8d, 0xb8, 0xf7, 0x19, 0x18, 0x0e, 0xf7, 0xfe, 0xf8, 0x8d, 0x7a, 0x1d, 0x88, 0xfc, 0x2d, 0x7a,
0x1d, 0x0e, 0x58, 0x0a, 0xf8, 0x3e, 0x69, 0x0a, 0xf8, 0x60, 0x16, 0xf7, 0x74, 0xfc, 0x17, 0x8a,
0x77, 0xfb, 0xef, 0xfc, 0x1a, 0x05, 0xfb, 0x2c, 0x06, 0xf7, 0xdc, 0xf8, 0x2c, 0xfb, 0x46, 0xf8,
0x19, 0x05, 0x0e, 0x30, 0x1d, 0x0e, 0xf9, 0xde, 0xf8, 0xb3, 0x15, 0xfc, 0x07, 0x06, 0x89, 0x7c,
0x8a, 0x7c, 0x8a, 0x7c, 0x08, 0x8a, 0x7c, 0x8a, 0x7c, 0x7c, 0x1a, 0x69, 0x8e, 0x6a, 0x91, 0x6b,
0x1e, 0x91, 0x6b, 0x95, 0x6e, 0x98, 0x70, 0x9e, 0x64, 0xa7, 0x6c, 0xb0, 0x72, 0xaf, 0x72, 0xba,
0x7e, 0xc5, 0x8a, 0xb1, 0x8a, 0xb0, 0x8e, 0xb0, 0x92, 0xb0, 0x91, 0xaf, 0x93, 0xb0, 0x94, 0x8f,
0xfb, 0x2f, 0x18, 0x64, 0x81, 0x65, 0x84, 0x65, 0x86, 0x08, 0x86, 0x64, 0x65, 0x89, 0x64, 0x1b,
0x3a, 0x8c, 0x46, 0x9b, 0x50, 0xaa, 0x50, 0xaa, 0x5c, 0xb4, 0x67, 0xbe, 0x6e, 0xb3, 0x76, 0xb8,
0x7d, 0xbe, 0x08, 0x7c, 0xbd, 0x84, 0xc0, 0xc3, 0x1a, 0x9b, 0x8c, 0x9b, 0x8c, 0x9c, 0x1e, 0x8c,
0x9b, 0x8d, 0x9b, 0x8d, 0x9c, 0xfb, 0x48, 0x8a, 0x18, 0xa0, 0xf7, 0x0e, 0x05, 0xf7, 0x41, 0x06,
0xa4, 0xf7, 0x1e, 0x05, 0xfb, 0x42, 0x06, 0xa1, 0xf7, 0x0f, 0x05, 0xf7, 0x3a, 0x06, 0x8d, 0x94,
0x8d, 0x93, 0x8d, 0x94, 0x8d, 0x93, 0x8d, 0x93, 0x8e, 0x94, 0x9e, 0xcf, 0xa4, 0xca, 0xaa, 0xc6,
0xaa, 0xc5, 0xb1, 0xbe, 0xb8, 0xb8, 0xbd, 0xbc, 0xc6, 0xb2, 0xce, 0xa7, 0xce, 0xa6, 0xd8, 0x99,
0xe1, 0x8a, 0xb4, 0x8a, 0xb3, 0x88, 0xb2, 0x85, 0x08, 0xb2, 0x85, 0xb3, 0x84, 0xb2, 0x82, 0x69,
0xfb, 0x2f, 0x18, 0x69, 0x96, 0x69, 0x94, 0x68, 0x92, 0x68, 0x91, 0x67, 0x8e, 0x67, 0x8c, 0x4e,
0x8c, 0x55, 0x81, 0x5c, 0x76, 0x5c, 0x76, 0x63, 0x6e, 0x69, 0x66, 0x6e, 0x6c, 0x73, 0x67, 0x76,
0x63, 0x76, 0x62, 0x7a, 0x60, 0x7e, 0x5e, 0x89, 0x83, 0x89, 0x83, 0x89, 0x83, 0x08, 0x89, 0x83,
0x89, 0x83, 0x89, 0x83, 0x08, 0xf8, 0x11, 0x06, 0x75, 0xfb, 0x0f, 0x05, 0xfc, 0x09, 0x06, 0x72,
0xfb, 0x1e, 0x05, 0xf8, 0x0b, 0x06, 0x0e, 0x1c, 0x04, 0x76, 0xf8, 0xe5, 0x15, 0x89, 0x78, 0x88,
0x79, 0x88, 0x78, 0x87, 0x78, 0x86, 0x78, 0x86, 0x78, 0x83, 0x72, 0x81, 0x73, 0x80, 0x74, 0x80,
0x73, 0x7e, 0x75, 0x7c, 0x77, 0x71, 0x67, 0x6b, 0x6e, 0x65, 0x75, 0x65, 0x75, 0x5f, 0x81, 0x59,
0x8c, 0x6a, 0x8c, 0x6d, 0x92, 0x71, 0x9a, 0x08, 0x71, 0x9a, 0x74, 0x9e, 0x78, 0xa2, 0x80, 0x97,
0x82, 0x98, 0x82, 0x9a, 0x82, 0x99, 0x82, 0x99, 0x84, 0x9a, 0x85, 0x98, 0x86, 0x98, 0x86, 0x98,
0x86, 0x98, 0x86, 0x99, 0x88, 0x98, 0x84, 0x7e, 0x83, 0x7f, 0x83, 0x7e, 0x82, 0x7e, 0x83, 0x7f,
0x82, 0x7e, 0x08, 0x80, 0x7c, 0x80, 0x7c, 0x80, 0x7c, 0x7f, 0x7c, 0x7e, 0x7d, 0x7e, 0x7e, 0x72,
0x73, 0x70, 0x78, 0x6e, 0x7c, 0x6d, 0x7c, 0x6a, 0x83, 0x67, 0x8c, 0x5b, 0x8c, 0x64, 0x96, 0x6c,
0xa2, 0x6c, 0xa2, 0x72, 0xa8, 0x7a, 0xae, 0x80, 0x9f, 0x83, 0xa1, 0x85, 0xa2, 0x08, 0x84, 0xa2,
0x87, 0xa2, 0x88, 0xa3, 0x08, 0x89, 0x9c, 0x8a, 0x9d, 0x9c, 0x1a, 0x8a, 0x9c, 0x8c, 0x9c, 0x8c,
0x9c, 0x8f, 0xb6, 0x18, 0x8d, 0xa3, 0x8f, 0xa3, 0x91, 0xa4, 0x90, 0xa3, 0x92, 0xa3, 0x94, 0xa3,
0x92, 0x9d, 0x94, 0x9d, 0x94, 0x9d, 0x94, 0x9d, 0x96, 0x9c, 0x96, 0x9a, 0xa5, 0xae, 0xab, 0xa7,
0xb1, 0xa1, 0xb0, 0xa0, 0xb7, 0x95, 0xbd, 0x89, 0xac, 0x8a, 0xa8, 0x83, 0xa6, 0x7d, 0x08, 0xa5,
0x7c, 0xa2, 0x79, 0x9f, 0x74, 0x92, 0x82, 0x92, 0x81, 0x92, 0x81, 0x92, 0x81, 0x91, 0x81, 0x91,
0x81, 0x94, 0x7a, 0x94, 0x1d, 0x79, 0x90, 0x7a, 0x96, 0x9c, 0x96, 0x9d, 0x97, 0x9e, 0x96, 0x9d,
0x98, 0x9d, 0x98, 0x9c, 0x08, 0x93, 0x95, 0x93, 0x95, 0x94, 0x95, 0x93, 0x94, 0x94, 0x94, 0x94,
0x94, 0xa4, 0xa3, 0xa6, 0x9f, 0xa9, 0x9a, 0xa8, 0x9a, 0xac, 0x92, 0xb0, 0x8a, 0xba, 0x8a, 0xb2,
0x80, 0xaa, 0x74, 0xaa, 0x74, 0xa3, 0x6f, 0x9d, 0x69, 0x95, 0x78, 0x93, 0x76, 0x92, 0x76, 0x08,
0x91, 0x75, 0x90, 0x75, 0x8e, 0x75, 0x8d, 0x79, 0x8c, 0x79, 0x8c, 0x79, 0x8c, 0x78, 0x8a, 0x79,
0x8a, 0x7a, 0x08, 0xfb, 0x0e, 0x16, 0x8c, 0x98, 0x8c, 0x98, 0x8c, 0x9a, 0x08, 0x9a, 0x8a, 0x99,
0x8a, 0x9a, 0x1e, 0x8a, 0x96, 0x8a, 0x97, 0x8a, 0x96, 0x89, 0x96, 0x89, 0x96, 0x88, 0x95, 0x84,
0xa3, 0x7f, 0x9f, 0x7a, 0x9c, 0x08, 0x9c, 0x7a, 0x74, 0x93, 0x6d, 0x1b, 0x6e, 0x70, 0x82, 0x7a,
0x70, 0x1f, 0x70, 0x7a, 0x73, 0x75, 0x76, 0x72, 0x87, 0x86, 0x87, 0x87, 0x88, 0x86, 0x87, 0x86,
0x87, 0x87, 0x88, 0x86, 0x7a, 0x74, 0x7d, 0x74, 0x80, 0x73, 0x7f, 0x73, 0x82, 0x75, 0x86, 0x76,
0x87, 0x6f, 0x18, 0x8a, 0x78, 0x8e, 0x77, 0x90, 0x74, 0x90, 0x74, 0x93, 0x75, 0x96, 0x75, 0x8e,
0x87, 0x8d, 0x87, 0x8e, 0x86, 0x8d, 0x86, 0x8d, 0x87, 0x8e, 0x87, 0x9a, 0x72, 0x9d, 0x75, 0xa0,
0x7a, 0xa0, 0x79, 0xa2, 0x82, 0xa4, 0x8a, 0xad, 0x8a, 0xa8, 0x92, 0xa2, 0x9b, 0x08, 0xa2, 0x9a,
0x9d, 0xa0, 0x9a, 0xa4, 0x93, 0x99, 0x92, 0x9a, 0x91, 0x9a, 0x91, 0x9a, 0x90, 0x9b, 0x8f, 0x9b,
0x8e, 0x98, 0x8e, 0x98, 0x8d, 0x98, 0x8d, 0x98, 0x8d, 0x97, 0x8c, 0x97, 0x08, 0xfd, 0xe3, 0x7c,
0x15, 0x8a, 0x80, 0x8a, 0x7e, 0x7e, 0x1a, 0x8a, 0x7e, 0x8b, 0x7d, 0x8c, 0x7d, 0x08, 0x7e, 0x8c,
0x7f, 0x8d, 0x7e, 0x1e, 0x8d, 0x7e, 0x8e, 0x7f, 0x8e, 0x80, 0x92, 0x73, 0x97, 0x77, 0x9c, 0x7a,
0x08, 0x7a, 0x9c, 0xa2, 0x83, 0xaa, 0x1b, 0xa7, 0xa6, 0x94, 0x9c, 0xa6, 0x1f, 0xa6, 0x9c, 0xa3,
0xa1, 0xa1, 0xa5, 0x8f, 0x90, 0x8f, 0x91, 0x90, 0x90, 0x8f, 0x90, 0x8f, 0x91, 0x8f, 0x90, 0x9a,
0xa1, 0x99, 0xa2, 0x96, 0xa2, 0x96, 0xa2, 0x92, 0xa1, 0x90, 0x9e, 0x8f, 0xa7, 0x18, 0x8c, 0x9e,
0x88, 0x9f, 0x86, 0xa2, 0x85, 0xa2, 0x83, 0xa1, 0x81, 0xa1, 0x89, 0x90, 0x89, 0x8f, 0x89, 0x90,
0x88, 0x8f, 0x89, 0x8f, 0x88, 0x90, 0x7c, 0xa4, 0x79, 0xa0, 0x76, 0x9c, 0x76, 0x9c, 0x73, 0x95,
0x72, 0x8c, 0x6a, 0x8c, 0x6f, 0x84, 0x74, 0x7c, 0x08, 0x74, 0x7b, 0x78, 0x77, 0x7c, 0x72, 0x85,
0x80, 0x86, 0x80, 0x86, 0x80, 0x86, 0x7f, 0x86, 0x7f, 0x87, 0x7f, 0x86, 0x7a, 0x87, 0x7b, 0x88,
0x7a, 0x88, 0x7a, 0x88, 0x7b, 0x8a, 0x7c, 0x08, 0x0e, 0xf8, 0xe8, 0x1c, 0x06, 0x52, 0x15, 0xf8,
0xe1, 0xfe, 0x63, 0xfc, 0xe1, 0xfe, 0x63, 0xfc, 0xe7, 0xfa, 0x63, 0x05, 0xf9, 0x4e, 0xfb, 0x8f,
0x15, 0x9c, 0x8c, 0x9a, 0x8d, 0x98, 0x1e, 0x8d, 0x98, 0x8e, 0x96, 0x8f, 0x96, 0x8f, 0x95, 0x90,
0x95, 0x91, 0x95, 0x90, 0x94, 0x92, 0x95, 0x92, 0x96, 0x9a, 0xa0, 0x9a, 0x9e, 0x9a, 0x9e, 0x9a,
0x9d, 0x98, 0x9e, 0x97, 0x9e, 0x97, 0x9e, 0x95, 0x9f, 0x93, 0xa0, 0x08, 0x92, 0xa0, 0x8f, 0xa4,
0xa6, 0x1a, 0xb6, 0x85, 0xb1, 0x7f, 0xae, 0x1e, 0x7e, 0xad, 0x7a, 0xa8, 0x74, 0xa4, 0x74, 0xa3,
0x6e, 0x9e, 0x69, 0x98, 0x08, 0x98, 0x69, 0x65, 0x91, 0x60, 0x1b, 0x66, 0x68, 0x86, 0x81, 0x6b,
0x1f, 0x6a, 0x81, 0x6f, 0x7b, 0x73, 0x76, 0x72, 0x75, 0x78, 0x6f, 0x7d, 0x6a, 0x7c, 0x69, 0x84,
0x63, 0x8a, 0x5c, 0x08, 0xf7, 0x5f, 0x06, 0x8c, 0xb0, 0x93, 0xa5, 0x99, 0x9b, 0x08, 0x9b, 0x98,
0x9a, 0x93, 0x9b, 0x1b, 0xa4, 0x9c, 0x80, 0x76, 0x96, 0x1f, 0x96, 0x76, 0x90, 0x6f, 0x68, 0x1a,
0x7a, 0x88, 0x7a, 0x86, 0x7a, 0x1e, 0x85, 0x7a, 0x84, 0x7a, 0x83, 0x7c, 0x83, 0x7b, 0x83, 0x7d,
0x82, 0x7e, 0x82, 0x7e, 0x83, 0x80, 0x84, 0x82, 0x78, 0x73, 0x7b, 0x78, 0x80, 0x7e, 0x7f, 0x7e,
0x82, 0x7e, 0x84, 0x7e, 0x84, 0x7e, 0x86, 0x7d, 0x88, 0x7a, 0x08, 0x88, 0x7a, 0x8a, 0x73, 0x6b,
0x1a, 0xf7, 0x5e, 0x30, 0x15, 0xfb, 0x5e, 0xfb, 0x3e, 0xf7, 0x5e, 0x06, 0xfb, 0x00, 0xfd, 0x3e,
0x15, 0x8f, 0x87, 0x87, 0x06, 0x89, 0x1c, 0x0a, 0x8d, 0x15, 0x8f, 0x87, 0x87, 0x06, 0x0e, 0x0e,
0x84, 0x1d, 0x58, 0x0a, 0x1c, 0x04, 0xb2, 0x14, 0x91, 0x13, 0x00, 0x5c, 0x02, 0x00, 0x01, 0x00,
0x5b, 0x00, 0x86, 0x00, 0x93, 0x01, 0x2b, 0x01, 0x30, 0x01, 0x34, 0x01, 0x39, 0x01, 0x3f, 0x01,
0x4b, 0x01, 0x50, 0x01, 0x54, 0x01, 0x58, 0x01, 0x73, 0x02, 0x7a, 0x02, 0x7d, 0x02, 0x88, 0x02,
0x8e, 0x02, 0x92, 0x02, 0xfb, 0x03, 0xc6, 0x03, 0xe1, 0x04, 0xc6, 0x05, 0x40, 0x05, 0x5b, 0x06,
0x89, 0x07, 0x1a, 0x07, 0x1f, 0x07, 0x37, 0x07, 0x3d, 0x07, 0x46, 0x07, 0x4f, 0x08, 0x37, 0x08,
0x3d, 0x08, 0x42, 0x08, 0x45, 0x08, 0x61, 0x08, 0x65, 0x08, 0x68, 0x08, 0x8c, 0x08, 0x8f, 0x08,
0x94, 0x08, 0xac, 0x08, 0xc0, 0x08, 0xd3, 0x08, 0xe1, 0x08, 0xeb, 0x08, 0xf4, 0x09, 0x00, 0x09,
0x03, 0x09, 0x0d, 0x09, 0x30, 0x0a, 0x19, 0x0b, 0x04, 0x0b, 0x09, 0x0b, 0xba, 0x0c, 0x04, 0x0c,
0x89, 0x0c, 0x92, 0x0d, 0x0c, 0x0d, 0x0f, 0x0d, 0x82, 0x0d, 0xd8, 0x0d, 0xdb, 0x0d, 0xe1, 0x0e,
0x11, 0x0e, 0x3b, 0x0e, 0x67, 0x0e, 0x6e, 0x0e, 0x8d, 0x0e, 0xa8, 0x0e, 0xca, 0x0e, 0xeb, 0x0f,
0x0a, 0x0f, 0x25, 0x0f, 0x3f, 0x0f, 0x53, 0x0f, 0x6a, 0x0f, 0x80, 0x0f, 0x93, 0x0f, 0xa6, 0x0f,
0xab, 0x0f, 0xbd, 0x0f, 0xc7, 0x0f, 0xd6, 0x0f, 0xe5, 0x0f, 0xee, 0x0f, 0xf7, 0x10, 0x03, 0x10,
0x0f, 0x10, 0x1a, 0x10, 0x25, 0x10, 0x30, 0x15, 0xaa, 0x95, 0xa4, 0x9f, 0xa0, 0x1e, 0x9e, 0x9f,
0xa5, 0x96, 0xaa, 0x8c, 0xaa, 0x8c, 0xa4, 0x81, 0xa0, 0x78, 0xa0, 0x77, 0x95, 0x71, 0x8a, 0x6c,
0x8a, 0x6c, 0x81, 0x72, 0x52, 0x1d, 0x95, 0x77, 0x9e, 0x77, 0x9e, 0x81, 0xa5, 0x8c, 0xaa, 0x08,
0xf8, 0x34, 0x89, 0x15, 0x8c, 0xaa, 0x95, 0xa4, 0x9f, 0xa0, 0x9e, 0xa0, 0xa5, 0x96, 0xaa, 0x8c,
0xaa, 0x8c, 0xa5, 0x81, 0x9f, 0x78, 0x3e, 0x0a, 0x6c, 0x81, 0x72, 0x77, 0x77, 0x77, 0x77, 0x71,
0x80, 0x6c, 0x8a, 0x6c, 0x8a, 0x72, 0x95, 0x77, 0x9e, 0x08, 0x77, 0x9e, 0x81, 0xa5, 0xaa, 0x1a,
0x0e, 0xf9, 0xbb, 0xf8, 0x0d, 0x15, 0xfc, 0x69, 0x06, 0xfb, 0x48, 0xfc, 0x0d, 0x05, 0xfb, 0x50,
0x06, 0xf9, 0x59, 0x2d, 0x1d, 0xf7, 0x2c, 0x06, 0xf7, 0x57, 0x2b, 0x1d, 0xfb, 0x41, 0x06, 0xfc,
0x4c, 0xf8, 0xae, 0x15, 0xf8, 0x0b, 0x06, 0x3f, 0xf9, 0x0a, 0x05, 0x0b, 0x15, 0xfb, 0x1a, 0x06,
0xfb, 0x5b, 0xf7, 0x9e, 0x05, 0xf7, 0x60, 0x06, 0x0e, 0x15, 0x88, 0x6e, 0x84, 0x6f, 0x80, 0x70,
0x80, 0x70, 0x7c, 0x73, 0x79, 0x76, 0x78, 0x76, 0x75, 0x7a, 0x72, 0x7e, 0x08, 0x7e, 0x71, 0x6e,
0x85, 0x6b, 0x1b, 0x72, 0x73, 0x90, 0x96, 0x76, 0x1f, 0x76, 0x95, 0x76, 0x96, 0x77, 0x98, 0x76,
0x98, 0x77, 0x96, 0x76, 0x96, 0x76, 0x95, 0x74, 0x90, 0x72, 0x8a, 0x7b, 0x8a, 0x7d, 0x88, 0x7e,
0x85, 0x7e, 0x84, 0x7f, 0x83, 0x82, 0x81, 0x81, 0x80, 0x83, 0x7f, 0x84, 0x7e, 0x84, 0x7e, 0x86,
0x7d, 0x87, 0x7d, 0x27, 0xa2, 0x18, 0x8e, 0xa8, 0x93, 0xa7, 0x96, 0xa7, 0x96, 0xa7, 0x9a, 0xa4,
0x9e, 0xa1, 0x9d, 0xa0, 0xa1, 0x9d, 0xa5, 0x98, 0x08, 0x98, 0xa4, 0xa8, 0x91, 0xab, 0x1b, 0xa4,
0xa2, 0x86, 0x80, 0xa0, 0x1f, 0xa0, 0x80, 0xa0, 0x80, 0xa0, 0x7f, 0xa0, 0x7e, 0xa0, 0x80, 0xa0,
0x81, 0xa0, 0x80, 0xa1, 0x86, 0xa4, 0x8c, 0x9a, 0x8c, 0x99, 0x8e, 0x98, 0x90, 0x97, 0x90, 0x96,
0x92, 0x95, 0x96, 0x98, 0x9a, 0x95, 0x99, 0x92, 0x98, 0x91, 0x98, 0x90, 0x98, 0x8f, 0x98, 0x08,
0x0e, 0xfa, 0x53, 0x63, 0x0a, 0x0b, 0x05, 0x21, 0x1d, 0x0b, 0xfa, 0xdd, 0x52, 0x0a, 0x0b, 0x06,
0xa6, 0xf7, 0x2b, 0x05, 0x0b, 0x15, 0xfd, 0x4a, 0x06, 0xa2, 0xf7, 0x23, 0x05, 0xf9, 0x4a, 0x06,
0x0e, 0x1c, 0x05, 0xb0, 0x15, 0x0b, 0xfb, 0x49, 0x06, 0x0b, 0xfa, 0xce, 0x15, 0x0b, 0x15, 0x84,
0x63, 0x81, 0x64, 0x7c, 0x65, 0x7c, 0x65, 0x79, 0x67, 0x76, 0x6a, 0x78, 0x6e, 0x76, 0x6f, 0x74,
0x71, 0x73, 0x70, 0x71, 0x73, 0x70, 0x75, 0x3b, 0x0a, 0xfa, 0xaa, 0xf8, 0x4c, 0x15, 0x7e, 0x49,
0x75, 0x4e, 0x6c, 0x52, 0x6c, 0x52, 0x65, 0x59, 0x5e, 0x62, 0x5d, 0x62, 0x57, 0x6b, 0x50, 0x74,
0x50, 0x74, 0x4a, 0x80, 0x45, 0x8d, 0x52, 0x8c, 0x58, 0x96, 0x5f, 0x9e, 0x5e, 0x9e, 0x65, 0xa4,
0x6b, 0xab, 0x6a, 0xaa, 0x71, 0xb0, 0x76, 0xb5, 0x08, 0x76, 0xb5, 0x7c, 0xb8, 0x80, 0xba, 0x80,
0xba, 0x84, 0xbc, 0x8a, 0xbe, 0x8a, 0xbd, 0x8d, 0xbc, 0x92, 0xbc, 0xab, 0xf7, 0x5f, 0x18, 0x94,
0xc0, 0x97, 0xbf, 0x9c, 0xc0, 0x9b, 0xc0, 0x9f, 0xbd, 0xa4, 0xbc, 0xa3, 0xbb, 0xa7, 0xb8, 0xac,
0xb5, 0xac, 0xb4, 0xb0, 0xaf, 0xb5, 0xaa, 0xb4, 0xa9, 0xb9, 0xa3, 0xbe, 0x9c, 0xbe, 0x9c, 0xc2,
0x92, 0xc8, 0x8a, 0xd0, 0x8a, 0xc6, 0x7e, 0xbe, 0x72, 0x08, 0xbe, 0x72, 0xb5, 0x69, 0xad, 0x61,
0xad, 0x61, 0xa5, 0x5a, 0x9d, 0x53, 0x9c, 0x53, 0x95, 0x4f, 0x8e, 0x4b, 0x08, 0xfb, 0x47, 0x06,
0x89, 0xb3, 0x86, 0xb2, 0x82, 0xb0, 0x82, 0xb0, 0x7e, 0xad, 0x78, 0xa8, 0x78, 0xa8, 0x72, 0xa3,
0x6d, 0x9e, 0x6c, 0x9d, 0x65, 0x95, 0x5e, 0x8c, 0x5f, 0x8c, 0x63, 0x85, 0x68, 0x7d, 0x67, 0x7d,
0x6b, 0x78, 0x6f, 0x73, 0x6e, 0x72, 0x73, 0x6e, 0x76, 0x6a, 0x08, 0x76, 0x6a, 0x78, 0x68, 0x7c,
0x66, 0x7b, 0x66, 0x7e, 0x65, 0x81, 0x64, 0x80, 0x64, 0x83, 0x65, 0x85, 0x67, 0x69, 0xfb, 0x62,
0x18, 0x86, 0x6c, 0x88, 0x69, 0x89, 0x67, 0x89, 0x66, 0x8c, 0x67, 0x8e, 0x67, 0x8e, 0x67, 0x92,
0x68, 0x95, 0x6a, 0x94, 0x69, 0x99, 0x6d, 0x9e, 0x71, 0x9e, 0x70, 0xa3, 0x76, 0xa8, 0x7b, 0xa8,
0x7a, 0xaf, 0x82, 0xb5, 0x8a, 0xbb, 0x89, 0xb6, 0x92, 0xb1, 0x9b, 0x08, 0xb0, 0x9b, 0xac, 0xa1,
0xa8, 0xa7, 0xa8, 0xa7, 0xa3, 0xac, 0x9f, 0xb1, 0x9e, 0xb1, 0x9b, 0xb3, 0x97, 0xb6, 0x08, 0x0b,
0x15, 0x5a, 0x0a, 0x15, 0x20, 0xd2, 0xf9, 0x26, 0xfa, 0x45, 0xf6, 0x44, 0x05, 0x0e, 0x06, 0xa6,
0xf7, 0x2c, 0x05, 0x0b, 0x18, 0x21, 0x1d, 0x0b, 0x43, 0x0a, 0x54, 0x8c, 0x59, 0x95, 0x60, 0x9c,
0x60, 0x9c, 0x65, 0xa1, 0x6b, 0xa8, 0x6d, 0xa8, 0x71, 0xad, 0x76, 0xb2, 0x08, 0x75, 0xb2, 0x7b,
0xb4, 0x80, 0xb8, 0x84, 0xac, 0x86, 0xae, 0x8a, 0xb0, 0x89, 0xaf, 0x8c, 0xb0, 0x8e, 0xb0, 0x90,
0xb6, 0x18, 0x94, 0xd4, 0x9f, 0xd1, 0xa9, 0xce, 0xa9, 0xcd, 0xb2, 0xc6, 0xbb, 0xbf, 0xba, 0xbc,
0xc2, 0xb1, 0xcc, 0xa8, 0xcb, 0xa7, 0xd2, 0x66, 0x1d, 0x65, 0x8c, 0x68, 0x87, 0x6c, 0x81, 0x6b,
0x80, 0x6e, 0x7c, 0x71, 0x78, 0x72, 0x79, 0x75, 0x76, 0x78, 0x72, 0x08, 0x78, 0x72, 0x7a, 0x71,
0x7d, 0x6e, 0x7c, 0x6e, 0x7f, 0x6d, 0x82, 0x6b, 0x81, 0x6a, 0x84, 0x6b, 0x86, 0x6a, 0x6f, 0x1d,
0x0b, 0x15, 0x8c, 0xa8, 0x91, 0xa6, 0x97, 0xa4, 0x97, 0xa4, 0x9b, 0xa2, 0x9e, 0x9e, 0x9e, 0x9e,
0xa2, 0x99, 0xa5, 0x96, 0x08, 0x96, 0xa4, 0xa6, 0x90, 0xa8, 0x1b, 0xa6, 0xa3, 0x86, 0x81, 0xa2,
0x1f, 0xa2, 0x80, 0x9e, 0x7d, 0x9b, 0x7a, 0x9b, 0x7a, 0x97, 0x76, 0x94, 0x74, 0x94, 0x74, 0x8f,
0x72, 0x8a, 0x71, 0x8a, 0x6e, 0x84, 0x71, 0x80, 0x72, 0x80, 0x72, 0x7c, 0x76, 0x78, 0x79, 0x78,
0x78, 0x74, 0x7d, 0x72, 0x81, 0x08, 0x80, 0x72, 0x70, 0x86, 0x6e, 0x1b, 0x70, 0x73, 0x90, 0x95,
0x74, 0x1f, 0x74, 0x94, 0x78, 0x98, 0x7a, 0x9c, 0x7a, 0x9c, 0x7f, 0x9e, 0x82, 0xa2, 0x82, 0xa2,
0x86, 0xa3, 0x8c, 0xa6, 0x08, 0xed, 0x8e, 0x15, 0x8a, 0x7e, 0x8c, 0x7e, 0x8f, 0x7f, 0x8f, 0x7e,
0x91, 0x80, 0x92, 0x82, 0x93, 0x82, 0x95, 0x84, 0x96, 0x86, 0x08, 0x86, 0x96, 0x97, 0x88, 0x99,
0x1b, 0x9a, 0x99, 0x8e, 0x91, 0x98, 0x1f, 0x98, 0x91, 0x96, 0x93, 0x96, 0x96, 0x95, 0x95, 0x93,
0x97, 0x92, 0x98, 0x91, 0x98, 0x8f, 0x99, 0x8d, 0x99, 0x8c, 0x98, 0x8a, 0x98, 0x88, 0x98, 0x88,
0x97, 0x85, 0x96, 0x84, 0x95, 0x84, 0x94, 0x82, 0x93, 0x80, 0x91, 0x08, 0x91, 0x80, 0x7e, 0x8e,
0x7d, 0x1b, 0x7c, 0x7c, 0x88, 0x85, 0x7e, 0x1f, 0x7d, 0x84, 0x7f, 0x83, 0x81, 0x80, 0x80, 0x80,
0x83, 0x7f, 0x84, 0x7e, 0x84, 0x7d, 0x87, 0x7d, 0x8a, 0x7c, 0x08, 0x0e, 0x1c, 0x04, 0xdb, 0x1c,
0x05, 0x12, 0x15, 0xfc, 0x48, 0x06, 0xfb, 0x75, 0x1c, 0xfa, 0xee, 0x05, 0xfb, 0x44, 0x06, 0xf7,
0x75, 0x1c, 0x05, 0x12, 0x92, 0x1d, 0x0b, 0xf9, 0xfb, 0xf8, 0x0c, 0x15, 0x90, 0xb4, 0x86, 0xae,
0x7c, 0xa8, 0x7c, 0xa8, 0x77, 0xa4, 0x72, 0xa0, 0x6f, 0x0a, 0x8e, 0x1d, 0x08, 0x76, 0xb7, 0x82,
0xbe, 0x8e, 0xc5, 0x8f, 0xca, 0x9c, 0xc4, 0xaa, 0xbe, 0xaa, 0xbe, 0xb2, 0xb6, 0xbb, 0xae, 0xba,
0xae, 0xc0, 0xa6, 0xc6, 0x9d, 0xc6, 0x9d, 0xc6, 0x93, 0xc6, 0x8a, 0xca, 0x8a, 0xc4, 0x7f, 0xc0,
0x74, 0xc0, 0x74, 0xb8, 0x6d, 0xb1, 0x64, 0x08, 0xb0, 0x64, 0xa8, 0x5d, 0xa0, 0x56, 0xa0, 0x56,
0x94, 0x51, 0x89, 0x4c, 0x08, 0xfb, 0x4c, 0x06, 0x89, 0xb2, 0x85, 0xaf, 0x81, 0xad, 0x80, 0xac,
0x7c, 0xa9, 0x77, 0xa4, 0x76, 0xa4, 0x72, 0xa0, 0x76, 0x0a, 0x67, 0x8c, 0x67, 0x86, 0x68, 0x80,
0x68, 0x80, 0x6b, 0x7b, 0x6e, 0x76, 0x6e, 0x76, 0x74, 0x71, 0x78, 0x6d, 0x08, 0x78, 0x6c, 0x7f,
0x69, 0x87, 0x64, 0x87, 0x64, 0x91, 0x6a, 0x9a, 0x70, 0x9a, 0x70, 0x9f, 0x73, 0xa5, 0x78, 0x8c,
0x1d, 0x8d, 0x1d, 0x08, 0x68, 0x0a, 0x4f, 0x7a, 0x4f, 0x84, 0x4f, 0x8c, 0x4b, 0x8c, 0x4f, 0x96,
0x54, 0xa1, 0x08, 0x53, 0xa0, 0x5a, 0xa9, 0x62, 0xb2, 0x61, 0xb1, 0x6a, 0xb9, 0x74, 0xc1, 0x74,
0xc1, 0x80, 0xc7, 0x8c, 0xcc, 0x08, 0xf7, 0x4b, 0x06, 0x8d, 0x61, 0x93, 0x65, 0x99, 0x69, 0x98,
0x68, 0x9e, 0x6e, 0xa3, 0x72, 0xa2, 0x72, 0xa8, 0x78, 0xad, 0x7d, 0xac, 0x7c, 0xb1, 0x84, 0xb6,
0x8a, 0xb0, 0x8a, 0xb0, 0x90, 0xb0, 0x95, 0xb0, 0x94, 0xac, 0x9a, 0xa9, 0x9f, 0xa9, 0x9f, 0xa4,
0xa4, 0x9f, 0xaa, 0x08, 0x9f, 0xa9, 0x97, 0xae, 0x90, 0xb3, 0x08, 0x0b, 0xcb, 0x16, 0xf7, 0x50,
0xfa, 0xce, 0xf7, 0x35, 0x8c, 0x74, 0xfb, 0x35, 0x55, 0x1d, 0xa5, 0xa2, 0xa7, 0x9e, 0xa8, 0x9b,
0xa8, 0x9b, 0xaa, 0x97, 0xac, 0x94, 0xac, 0x93, 0xad, 0x8f, 0xaf, 0x8a, 0xc8, 0x8a, 0xbe, 0x7f,
0xb4, 0x74, 0xb4, 0x74, 0xac, 0x6d, 0xa4, 0x66, 0xa3, 0x65, 0x9b, 0x5d, 0x94, 0x56, 0x94, 0x55,
0x8b, 0x55, 0x83, 0x54, 0xfb, 0x05, 0xfd, 0x38, 0x18, 0x2a, 0x0a, 0xf7, 0x07, 0xf9, 0x40, 0x8f,
0xb0, 0x8b, 0xad, 0x88, 0xaa, 0x19, 0x87, 0xaa, 0x82, 0xa7, 0x7d, 0xa2, 0x7c, 0xa2, 0x77, 0x9e,
0x71, 0x99, 0x71, 0x98, 0x6a, 0x92, 0x63, 0x8c, 0x6c, 0x8c, 0x6d, 0x87, 0x6f, 0x83, 0x6e, 0x82,
0x71, 0x80, 0x72, 0x7c, 0x72, 0x7c, 0x74, 0x79, 0x76, 0x76, 0x75, 0x76, 0x77, 0x74, 0x79, 0x73,
0xfb, 0x1b, 0xfd, 0x9d, 0x18, 0x0b, 0x15, 0x89, 0x70, 0xfb, 0x26, 0x8c, 0xfb, 0x0a, 0xf7, 0x2a,
0xfb, 0x40, 0xfb, 0x29, 0xfb, 0x2d, 0x8a, 0x8d, 0xa6, 0xf7, 0xa4, 0xf7, 0x82, 0x05, 0xf5, 0x06,
0x0b, 0xf7, 0x13, 0xf8, 0xb3, 0x15, 0x91, 0xb8, 0x94, 0xb8, 0x98, 0xb9, 0x97, 0x8a, 0x1d, 0xaa,
0xaa, 0xae, 0xa6, 0xae, 0xa6, 0xb3, 0x9f, 0xb6, 0x9a, 0xb6, 0x9a, 0xba, 0x91, 0xbf, 0x8a, 0xae,
0x8a, 0xad, 0x87, 0xac, 0x82, 0x08, 0xab, 0x82, 0xa8, 0x7e, 0xa6, 0x79, 0x9c, 0x80, 0x9b, 0x7f,
0x9a, 0x7d, 0x9a, 0x7c, 0x98, 0x7b, 0x97, 0x79, 0xae, 0xf7, 0x0b, 0x18, 0xf7, 0x3a, 0x06, 0xfb,
0x48, 0xfe, 0xb7, 0x82, 0x48, 0x78, 0x4d, 0x6f, 0x53, 0x19, 0x6e, 0x53, 0x67, 0x5b, 0x5f, 0x64,
0x5e, 0x63, 0x58, 0x6c, 0x51, 0x76, 0x50, 0x75, 0x4b, 0x81, 0x45, 0x8d, 0x43, 0x8c, 0x46, 0x9c,
0x49, 0xac, 0x48, 0xab, 0x55, 0xb9, 0x62, 0xc7, 0xf2, 0xf7, 0x03, 0x18, 0xaa, 0x5e, 0xb1, 0x68,
0xb6, 0x70, 0xb6, 0x70, 0xbc, 0x7d, 0xc3, 0x8a, 0xb9, 0x8a, 0xb5, 0x91, 0xb1, 0x99, 0xb0, 0x98,
0xac, 0x9f, 0xa8, 0xa4, 0xa7, 0xa4, 0xa3, 0xaa, 0x9e, 0xaf, 0x9e, 0xaf, 0x98, 0xb3, 0x94, 0xb6,
0x9f, 0xea, 0x18, 0x7b, 0x7b, 0x7b, 0x7c, 0x7a, 0x7e, 0x7a, 0x7e, 0x79, 0x7f, 0x78, 0x81, 0x6e,
0x7a, 0x6b, 0x7f, 0x6a, 0x83, 0x69, 0x83, 0x67, 0x87, 0x66, 0x8c, 0x5c, 0x8c, 0x61, 0x94, 0x67,
0x9c, 0x66, 0x9b, 0x6c, 0xa1, 0x71, 0xa6, 0x70, 0xa6, 0x76, 0xaa, 0x7a, 0xaf, 0x08, 0x7a, 0xae,
0x7e, 0xb1, 0x82, 0xb3, 0x82, 0xb2, 0x85, 0xb4, 0x89, 0xb5, 0x89, 0xb4, 0x8c, 0xb4, 0x90, 0xb2,
0x08, 0xf7, 0x48, 0x16, 0x88, 0x70, 0x89, 0x6f, 0x6e, 0x1a, 0x6e, 0x8d, 0x6e, 0x8f, 0x6f, 0x1e,
0x8f, 0x6f, 0x92, 0x70, 0x95, 0x72, 0x94, 0x71, 0x96, 0x1d, 0xa3, 0x7f, 0xa8, 0x84, 0xae, 0x8a,
0xa8, 0x8a, 0xa6, 0x8f, 0xa4, 0x92, 0xa4, 0x92, 0xa3, 0x94, 0xa0, 0x98, 0xa2, 0x99, 0xa1, 0x9c,
0xa0, 0xa0, 0x08, 0x9f, 0x9f, 0x9e, 0xa1, 0x9c, 0xa4, 0xe0, 0xf8, 0x87, 0x18, 0x83, 0xa0, 0x81,
0x9e, 0x80, 0x9c, 0x7f, 0x9c, 0x7e, 0x9a, 0x7c, 0x98, 0x78, 0x9a, 0x76, 0x98, 0x73, 0x94, 0x73,
0x94, 0x70, 0x8f, 0x6e, 0x77, 0x0a, 0x6f, 0x7b, 0x0a, 0x80, 0x5b, 0x84, 0x5b, 0x08, 0x0b, 0xf9,
0x14, 0xf8, 0xe6, 0x15, 0xfb, 0xb2, 0x06, 0x24, 0xfc, 0xe6, 0x05, 0xfb, 0x48, 0x06, 0xf7, 0x91,
0x1c, 0x05, 0xb0, 0xf8, 0x27, 0x8a, 0xca, 0x89, 0xc6, 0x80, 0xc0, 0x77, 0x19, 0xc0, 0x77, 0xb9,
0x6f, 0xb0, 0x67, 0xb0, 0x66, 0xa8, 0x5f, 0x9e, 0x57, 0x9e, 0x56, 0x91, 0x50, 0x86, 0x49, 0x87,
0x59, 0x80, 0x5e, 0x78, 0x62, 0x78, 0x62, 0x73, 0x67, 0x6e, 0x6a, 0x6d, 0x6a, 0x69, 0x6f, 0x65,
0x72, 0x64, 0x72, 0x62, 0x76, 0x5f, 0x79, 0xf7, 0x57, 0xfc, 0xfe, 0x18, 0x89, 0x7e, 0x05, 0xfb,
0x53, 0x06, 0xfc, 0x45, 0xf9, 0x7e, 0x15, 0xf7, 0x7a, 0x89, 0x05, 0xb6, 0xb4, 0x92, 0x98, 0xb3,
0x1f, 0xb3, 0x98, 0xaf, 0x9d, 0xab, 0xa4, 0xaa, 0xa3, 0xa6, 0xa9, 0xa0, 0xae, 0xa0, 0xae, 0x99,
0xb3, 0x90, 0xb8, 0x90, 0xb4, 0x89, 0xb0, 0x82, 0xac, 0x82, 0xac, 0x7c, 0xa7, 0x76, 0xa3, 0x76,
0xa2, 0x70, 0x9e, 0x6c, 0x98, 0x6b, 0x98, 0x67, 0x93, 0x63, 0x8d, 0xfb, 0x8a, 0x8c, 0x18, 0x0b,
0xf7, 0x07, 0x49, 0x1d, 0x0b, 0xfb, 0x02, 0xcc, 0x18, 0xae, 0xba, 0xa9, 0xbc, 0xa2, 0xbe, 0xa2,
0xbe, 0x9b, 0xc2, 0x95, 0xc5, 0xab, 0xf7, 0x47, 0x18, 0xf7, 0x58, 0x06, 0x0e, 0x57, 0x1d, 0xa0,
0x76, 0x95, 0x0b, 0x15, 0xfd, 0xbf, 0x27, 0x0a, 0xf9, 0xbf, 0x06, 0x0e, 0x08, 0x9f, 0x77, 0x95,
0x71, 0x6b, 0x1a, 0x8a, 0x0b, 0xc9, 0x16, 0xf7, 0x91, 0x1c, 0x05, 0xb0, 0xf8, 0x2d, 0x8a, 0xc3,
0x89, 0xc1, 0x82, 0xbe, 0x7b, 0x19, 0xbe, 0x7a, 0xb7, 0x73, 0xb2, 0x6c, 0xb1, 0x6b, 0xa8, 0x64,
0xa0, 0x5d, 0xa0, 0x5c, 0x92, 0x55, 0x86, 0x4d, 0x88, 0x62, 0x81, 0x67, 0x7c, 0x6b, 0x7b, 0x6a,
0x77, 0x6e, 0x73, 0x72, 0x72, 0x72, 0x6f, 0x74, 0x6c, 0x78, 0x6b, 0x77, 0x6a, 0x7a, 0x68, 0x7c,
0x08, 0xae, 0x7e, 0xa9, 0x79, 0xa4, 0x74, 0xa4, 0x74, 0xa0, 0x71, 0x9c, 0x6e, 0x9c, 0x6e, 0x97,
0x6b, 0x92, 0x69, 0x92, 0x69, 0x8d, 0x68, 0x88, 0x67, 0x86, 0x46, 0x79, 0x4e, 0x6c, 0x56, 0x6c,
0x56, 0x63, 0x5e, 0x5b, 0x66, 0x5a, 0x66, 0x54, 0x70, 0x4e, 0x78, 0x08, 0x78, 0x4e, 0x4c, 0x82,
0x4b, 0x1b, 0xfb, 0x39, 0xf9, 0x3d, 0x15, 0x30, 0xfc, 0xa0, 0xf7, 0x9e, 0x89, 0xb4, 0x8c, 0xb2,
0x91, 0xb1, 0x98, 0x19, 0xb0, 0x98, 0xad, 0x9d, 0xaa, 0xa2, 0xaa, 0xa2, 0xa4, 0xa7, 0xa0, 0xac,
0x9f, 0xac, 0x98, 0xb1, 0x90, 0xb5, 0x90, 0xaf, 0x89, 0xac, 0x83, 0xaa, 0x82, 0xa9, 0x7e, 0xa5,
0x78, 0xa2, 0x78, 0xa1, 0x74, 0x9d, 0x6f, 0x98, 0x6e, 0x98, 0x6b, 0x92, 0x67, 0x8d, 0x08, 0xfb,
0xa2, 0xf7, 0x2f, 0x15, 0xf7, 0x84, 0x89, 0xb0, 0x8c, 0xaf, 0x90, 0xaf, 0x96, 0x19, 0xaf, 0x96,
0xac, 0x9a, 0xa8, 0xa0, 0xa8, 0xa0, 0xa4, 0xa4, 0x9f, 0xa9, 0x9f, 0xa9, 0x97, 0xae, 0x90, 0xb2,
0x90, 0xaf, 0x88, 0xab, 0x81, 0xa6, 0x80, 0xa6, 0x7c, 0xa1, 0x76, 0x9d, 0x76, 0x9d, 0x73, 0x99,
0x6e, 0x95, 0x6e, 0x94, 0x6c, 0x91, 0x6a, 0x8c, 0xfb, 0x94, 0x8c, 0x18, 0x0e, 0xf7, 0xff, 0xf8,
0xdc, 0x60, 0x1d, 0xf9, 0x68, 0x5d, 0x0a, 0x0b, 0x47, 0x1d, 0x0e, 0xf8, 0xa9, 0x75, 0x1d, 0x54,
0x79, 0x59, 0x6d, 0x5e, 0x6d, 0x5e, 0x66, 0x64, 0x5f, 0x6c, 0x5f, 0x6b, 0x5a, 0x73, 0x56, 0x7a,
0x56, 0x7a, 0x56, 0x83, 0x56, 0x8c, 0x0b, 0xfb, 0x26, 0x47, 0x0a, 0x46, 0x0a, 0x0e, 0xf8, 0xf5,
0xf9, 0x3e, 0x15, 0xf7, 0xeb, 0xf8, 0x24, 0x05, 0xf7, 0x74, 0x06, 0xfc, 0x77, 0xfc, 0xb3, 0xf7,
0xcc, 0xfc, 0xaf, 0x85, 0x1d, 0xf8, 0x83, 0xf8, 0xbf, 0xfb, 0xc3, 0xf8, 0xa3, 0x05, 0xf7, 0x59,
0x06, 0x0b, 0x6a, 0x1d, 0x0e, 0xf7, 0xfb, 0x49, 0x0a, 0x0b, 0x1c, 0x06, 0x00, 0x15, 0xf8, 0xae,
0x06, 0xfb, 0x83, 0x1c, 0xfa, 0xa0, 0x7e, 0x1d, 0xf7, 0x67, 0x1c, 0x04, 0xbf, 0x05, 0xfb, 0xfa,
0x06, 0x0b, 0x15, 0xfb, 0x1e, 0x06, 0xe9, 0xf8, 0xad, 0xfb, 0x5a, 0x59, 0xa0, 0xf7, 0x0d, 0xf7,
0xd4, 0xf1, 0x05, 0x9e, 0x06, 0x0b, 0x78, 0xa6, 0x74, 0xa0, 0x6f, 0x9c, 0x6e, 0x9c, 0x68, 0x94,
0x62, 0x8c, 0x60, 0x8c, 0x64, 0x85, 0x68, 0x7d, 0x0b, 0x77, 0x77, 0x77, 0x71, 0x80, 0x6b, 0x8a,
0x6b, 0x8a, 0x71, 0x94, 0x77, 0x9e, 0x0b, 0x8f, 0x7a, 0x91, 0x7c, 0x91, 0x7b, 0x94, 0x7e, 0x97,
0x0b, 0x96, 0x08, 0x96, 0x7f, 0x7b, 0x90, 0x77, 0x1b, 0x0b, 0x90, 0x62, 0x8c, 0x61, 0x8c, 0x60,
0x8a, 0x62, 0x86, 0x62, 0x08, 0x0b, 0x58, 0x1d, 0x0e, 0x23, 0x1d, 0xf8, 0xc9, 0x1c, 0x04, 0x8b,
0x37, 0x0a, 0x0b, 0xf9, 0x19, 0x46, 0x1d, 0xfb, 0x47, 0x8f, 0x15, 0x8f, 0xaa, 0x8e, 0xac, 0x8e,
0xaf, 0x44, 0x1d, 0x4b, 0x0a, 0x08, 0x43, 0x1d, 0x3d, 0x1d, 0x6f, 0xfb, 0x3d, 0x18, 0x87, 0x6d,
0x88, 0x6a, 0x89, 0x59, 0x0a, 0x0b, 0xf7, 0x02, 0xf8, 0xb4, 0x15, 0x94, 0xd4, 0x9e, 0xd1, 0xa9,
0xcf, 0xa8, 0xce, 0xb1, 0xc8, 0xba, 0xc0, 0xba, 0xc1, 0xc2, 0xb5, 0xcb, 0xa8, 0xcb, 0xa8, 0xd3,
0x99, 0xdc, 0x89, 0xb1, 0x8a, 0xae, 0x86, 0xac, 0x82, 0xab, 0x82, 0xa9, 0x7f, 0xa6, 0x7c, 0xf2,
0xf7, 0x32, 0x18, 0xf7, 0x17, 0x06, 0xfb, 0x28, 0xfb, 0x76, 0xa4, 0x71, 0xa0, 0x6e, 0x9c, 0x6a,
0x19, 0x9c, 0x6a, 0x98, 0x68, 0x95, 0x66, 0x94, 0x66, 0x91, 0x64, 0x8e, 0x64, 0x8d, 0x63, 0x8a,
0x63, 0x87, 0x62, 0x3c, 0x1d, 0x67, 0x8c, 0x6a, 0x90, 0x6c, 0x93, 0x6c, 0x92, 0x6f, 0x96, 0x71,
0x98, 0x23, 0xfb, 0x34, 0x18, 0xfb, 0x17, 0x06, 0xf7, 0x27, 0xf7, 0x75, 0x71, 0xa5, 0x75, 0xa8,
0x7a, 0xac, 0x19, 0x79, 0xac, 0x7d, 0xae, 0x80, 0xb0, 0x80, 0xb0, 0x85, 0xb1, 0x88, 0xb4, 0x88,
0xb4, 0x8c, 0xb4, 0x8f, 0xb4, 0x08, 0xf7, 0x49, 0x16, 0x88, 0x73, 0x89, 0x73, 0x72, 0x1a, 0x8a,
0x72, 0x8d, 0x72, 0x8e, 0x72, 0x8e, 0x72, 0x90, 0x73, 0x92, 0x74, 0x92, 0x74, 0x94, 0x75, 0x96,
0x77, 0xf8, 0x4f, 0xf9, 0x3c, 0x18, 0x7b, 0x95, 0x79, 0x93, 0x78, 0x91, 0x78, 0x91, 0x76, 0x8e,
0x75, 0x8c, 0x80, 0x1d, 0x56, 0x1d, 0xf8, 0xe4, 0x94, 0x15, 0x8e, 0xa2, 0x8c, 0xa2, 0x8c, 0xa3,
0x08, 0xa3, 0x8a, 0xa3, 0x88, 0xa3, 0x1e, 0x88, 0xa3, 0x87, 0xa3, 0x85, 0xa2, 0x85, 0xa2, 0x83,
0xa0, 0x81, 0x9f, 0xfc, 0x4c, 0xfd, 0x35, 0x18, 0x9a, 0x82, 0x9b, 0x84, 0x9d, 0x87, 0x08, 0x86,
0x9d, 0x9e, 0x88, 0xa0, 0x1b, 0x7f, 0x1d, 0x9d, 0xbb, 0x98, 0xbb, 0x92, 0xbb, 0x08, 0x0b, 0xfa,
0xa7, 0xf8, 0xac, 0x15, 0x86, 0x62, 0x84, 0x61, 0x80, 0x61, 0x80, 0x61, 0x7c, 0x63, 0x7a, 0x64,
0x76, 0x5a, 0x71, 0x5c, 0x6a, 0x60, 0x6a, 0x60, 0x66, 0x67, 0x60, 0x70, 0x6a, 0x76, 0x68, 0x7a,
0x64, 0x80, 0x64, 0x7f, 0x60, 0x85, 0x5e, 0x8c, 0x69, 0x8c, 0x6a, 0x8f, 0x6b, 0x93, 0x08, 0x6a,
0x93, 0x6d, 0x97, 0x6f, 0x9b, 0x7a, 0x94, 0x7b, 0x97, 0x7c, 0x98, 0x7c, 0x98, 0x7c, 0x99, 0x7e,
0x9b, 0x2a, 0xfc, 0x9d, 0x18, 0x2a, 0x0a, 0xf7, 0x98, 0x1c, 0x05, 0xda, 0xf7, 0x38, 0x8c, 0x78,
0xfb, 0x0b, 0x9b, 0x9d, 0x9c, 0x9b, 0x9d, 0x9a, 0x19, 0x9d, 0x9a, 0x9e, 0x97, 0x9e, 0x96, 0xaa,
0x9c, 0xab, 0x98, 0xae, 0x94, 0xae, 0x94, 0xaf, 0x8f, 0xb2, 0x4d, 0x1d, 0x63, 0x4f, 0x0a, 0xfb,
0x49, 0x16, 0x8f, 0xad, 0x8d, 0xaf, 0x8a, 0xb0, 0x8a, 0xb0, 0x86, 0xaf, 0x82, 0xac, 0x84, 0xa2,
0x84, 0xa0, 0x82, 0x9d, 0x82, 0x9d, 0x80, 0x9c, 0x7e, 0x9a, 0x7a, 0x9e, 0x76, 0x9a, 0x73, 0x96,
0x72, 0x96, 0x6e, 0x91, 0x69, 0x8c, 0x6b, 0x8c, 0x6d, 0x87, 0x70, 0x82, 0x08, 0x6f, 0x82, 0x71,
0x7f, 0x74, 0x7a, 0x78, 0x7f, 0x7a, 0x7d, 0x7b, 0x7a, 0x7a, 0x7a, 0x7c, 0x79, 0x7c, 0x78, 0x7a,
0x0a, 0x99, 0x79, 0x9b, 0x7c, 0x9c, 0x7f, 0x9c, 0x7f, 0x9f, 0x82, 0xa1, 0x85, 0xa1, 0x84, 0xa3,
0x87, 0xa4, 0x8a, 0xae, 0x8a, 0xac, 0x90, 0xa9, 0x95, 0xa9, 0x94, 0xa6, 0x99, 0xa3, 0x9d, 0xa8,
0x9f, 0xa4, 0xa4, 0xa0, 0xa9, 0x08, 0xa0, 0xa9, 0x9c, 0xaa, 0x9a, 0xac, 0x98, 0xa8, 0x95, 0xaa,
0x94, 0xaa, 0x93, 0xaa, 0x91, 0xa9, 0x8f, 0xa9, 0x08, 0x0e, 0xf7, 0x12, 0x5a, 0x1d, 0x0e, 0xc8,
0x16, 0xf7, 0x07, 0xf9, 0x2e, 0x05, 0xfb, 0x71, 0x27, 0x0a, 0xf7, 0x70, 0x06, 0xf7, 0x03, 0xf9,
0x13, 0xf7, 0xd0, 0x8a, 0xcd, 0x8a, 0xc7, 0x81, 0xc1, 0x79, 0x19, 0xc1, 0x78, 0xbb, 0x72, 0xb4,
0x6b, 0xb2, 0x6e, 0xad, 0x67, 0xa8, 0x62, 0xa7, 0x61, 0xa1, 0x5e, 0x9c, 0x5b, 0x9b, 0x5a, 0x95,
0x57, 0x90, 0x54, 0x8f, 0x54, 0x89, 0x51, 0x84, 0x50, 0x7c, 0x20, 0x18, 0x7c, 0x2b, 0x70, 0x32,
0x63, 0x39, 0x62, 0x39, 0x58, 0x44, 0x4c, 0x4f, 0x4c, 0x4e, 0x42, 0x5c, 0x38, 0x69, 0x08, 0x68,
0x38, 0x2f, 0x7a, 0x26, 0x1b, 0xf7, 0x42, 0xf9, 0x2e, 0x15, 0xfb, 0x6a, 0x06, 0x32, 0xfc, 0x97,
0xf7, 0x19, 0x8a, 0xd9, 0x8c, 0xd1, 0x99, 0xc9, 0xa6, 0x19, 0xc9, 0xa6, 0xc1, 0xb1, 0xb9, 0xba,
0xb9, 0xba, 0xb1, 0xc2, 0xa8, 0xcb, 0xa8, 0xca, 0xa0, 0xcf, 0x97, 0xd4, 0x9b, 0xf7, 0x02, 0x18,
0x91, 0xb8, 0x8d, 0xb7, 0x8a, 0xb7, 0x8a, 0xb7, 0x85, 0xb5, 0x80, 0xb2, 0x81, 0xb0, 0x7d, 0xad,
0x78, 0xab, 0x78, 0xaa, 0x75, 0xa7, 0x70, 0xa2, 0x70, 0xa2, 0x6c, 0x9d, 0x67, 0x98, 0x66, 0x98,
0x62, 0x92, 0x5c, 0x8d, 0xfb, 0x2f, 0x8c, 0x18, 0x36, 0xfc, 0x7b, 0x05, 0xf7, 0x6b, 0x06, 0x0e,
0xf8, 0x09, 0x2b, 0x0a, 0xf8, 0xa7, 0x06, 0xfb, 0x4d, 0xfe, 0xd5, 0x82, 0x4a, 0x79, 0x7c, 0x1d,
0x48, 0x6c, 0x1d, 0x9b, 0xad, 0x9a, 0xad, 0x96, 0xb1, 0x91, 0xb4, 0xf7, 0x32, 0xfa, 0x35, 0x18,
0xfb, 0xf3, 0x06, 0xf8, 0x27, 0xf8, 0x4f, 0x15, 0xab, 0x95, 0xa5, 0x9f, 0xa0, 0x1e, 0x9e, 0xa0,
0xa5, 0x96, 0xab, 0x8c, 0xab, 0x8c, 0xa5, 0x82, 0xa0, 0x77, 0x3e, 0x0a, 0x6b, 0x81, 0x71, 0x77,
0x4c, 0x0a, 0x77, 0x9e, 0x81, 0xa5, 0x8c, 0xab, 0x08, 0x0e, 0xf8, 0x52, 0x2b, 0x0a, 0x25, 0xfd,
0x05, 0x88, 0x76, 0x89, 0x74, 0x8a, 0x73, 0x19, 0x89, 0x72, 0x8b, 0x73, 0x8c, 0x73, 0x8c, 0x73,
0x8f, 0x74, 0x90, 0x76, 0x90, 0x75, 0x94, 0x78, 0x97, 0x7a, 0x96, 0x7a, 0x9b, 0x7d, 0x9e, 0x80,
0x9e, 0x80, 0xa4, 0x86, 0xa8, 0x8a, 0xac, 0x8a, 0xab, 0x8d, 0xa8, 0x92, 0xa8, 0x92, 0xa5, 0x96,
0xa4, 0x9a, 0x08, 0xa0, 0x98, 0x9e, 0x9a, 0x9d, 0x9e, 0x9d, 0x9d, 0x9b, 0xa0, 0x9a, 0xa3, 0xf7,
0x1f, 0xf9, 0xb4, 0x72, 0x0a, 0xfb, 0x36, 0x06, 0x9e, 0xf7, 0x08, 0x78, 0x74, 0x78, 0x76, 0x76,
0x7a, 0x19, 0x76, 0x79, 0x74, 0x7c, 0x74, 0x7f, 0x75, 0x81, 0x74, 0x83, 0x73, 0x86, 0x08, 0x86,
0x72, 0x71, 0x88, 0x70, 0x1b, 0x63, 0x8c, 0x65, 0x91, 0x66, 0x96, 0x66, 0x96, 0x6a, 0x9e, 0x6d,
0xa6, 0x32, 0xfc, 0x6a, 0x18, 0xfb, 0x48, 0x06, 0xf7, 0x98, 0x1c, 0x05, 0xda, 0x05, 0x0e, 0x67,
0x64, 0x0a, 0x08, 0x45, 0x1d, 0x6a, 0x0a, 0x0b, 0x76, 0x54, 0x9c, 0x87, 0x9b, 0x85, 0x99, 0x84,
0x19, 0x99, 0x83, 0x97, 0x82, 0x95, 0x81, 0x99, 0x7c, 0x96, 0x7a, 0x92, 0x77, 0x92, 0x77, 0x8e,
0x75, 0x8a, 0x72, 0x8a, 0x6f, 0x86, 0x72, 0x82, 0x76, 0x82, 0x76, 0x7e, 0x78, 0x7c, 0x7c, 0x7a,
0x7a, 0x78, 0x7d, 0x74, 0x80, 0x74, 0x7f, 0x73, 0x82, 0x72, 0x84, 0x08, 0x74, 0x84, 0x73, 0x87,
0x72, 0x88, 0x72, 0x88, 0x73, 0x89, 0x74, 0x8a, 0x8f, 0xf7, 0x00, 0x18, 0x9d, 0x8c, 0x9e, 0x8d,
0x9f, 0x8e, 0x9e, 0x8e, 0x9e, 0x91, 0x9c, 0x93, 0x9c, 0x92, 0x9a, 0x96, 0x98, 0x99, 0x98, 0x98,
0x93, 0x9d, 0x8e, 0xa0, 0x8e, 0x9f, 0x89, 0x9b, 0x82, 0x96, 0x82, 0x96, 0x80, 0x93, 0x7d, 0x91,
0x7c, 0x90, 0x7b, 0x8f, 0x7a, 0x8d, 0x08, 0x7a, 0x8d, 0x7b, 0x8d, 0x7d, 0x8d, 0xb8, 0xf7, 0x19,
0x18, 0x0e, 0x5c, 0x0a, 0x0e, 0xfa, 0x67, 0x29, 0x0a, 0xf7, 0x4d, 0x06, 0xfb, 0x41, 0xfe, 0x89,
0x81, 0x49, 0x77, 0x4e, 0x6c, 0x52, 0x19, 0x6c, 0x52, 0x65, 0x5a, 0x5d, 0x61, 0x5c, 0x61, 0x56,
0x6a, 0x4f, 0x74, 0x4f, 0x74, 0x4b, 0x80, 0x47, 0x8c, 0x4a, 0x8c, 0x52, 0x98, 0x5a, 0xa2, 0x5a,
0xa2, 0x61, 0xaa, 0x6a, 0xb3, 0x69, 0xb2, 0x71, 0xba, 0x7a, 0xc0, 0x79, 0xc0, 0x82, 0xc5, 0x8a,
0xc8, 0xf7, 0x4a, 0x8a, 0x18, 0x8a, 0x66, 0x8e, 0x67, 0x94, 0x6a, 0x94, 0x69, 0x98, 0x6d, 0x9e,
0x71, 0x9e, 0x71, 0xa3, 0x76, 0xa8, 0x7b, 0xa8, 0x7b, 0xaf, 0x83, 0xb4, 0x8a, 0xb7, 0x8a, 0xb4,
0x92, 0xb0, 0x9c, 0xb0, 0x9b, 0xab, 0xa1, 0xa8, 0xa8, 0xa8, 0xa7, 0xa3, 0xac, 0x9e, 0xb0, 0x08,
0x9e, 0xb0, 0x98, 0xb3, 0x92, 0xb4, 0x08, 0x0b, 0x1c, 0x05, 0x40, 0x15, 0x5d, 0xfb, 0x9a, 0x05,
0xf8, 0x24, 0x06, 0x72, 0xfb, 0x23, 0x05, 0xfc, 0x24, 0x06, 0x29, 0xfc, 0xe1, 0x88, 0x6e, 0x8b,
0x6f, 0x8f, 0x72, 0x19, 0x8e, 0x66, 0x0a, 0x61, 0x74, 0x5c, 0x7b, 0x58, 0x84, 0x58, 0x84, 0x59,
0x88, 0x5c, 0x8c, 0x55, 0x8c, 0x5d, 0x95, 0x66, 0xa0, 0x66, 0x9f, 0x6d, 0xa6, 0x74, 0xad, 0x74,
0xac, 0x7c, 0xb2, 0x83, 0xb8, 0x82, 0xb7, 0x89, 0xba, 0x90, 0xbc, 0xed, 0xf8, 0xe0, 0x18, 0xfb,
0xa8, 0x06, 0xa4, 0xf7, 0x23, 0x05, 0xf7, 0xa7, 0x06, 0xb9, 0xf7, 0x9a, 0x05, 0x0b, 0x65, 0x1d,
0x0e, 0x1c, 0x04, 0xa0, 0x60, 0x0a, 0x0b, 0x15, 0x91, 0xb0, 0x94, 0xae, 0x98, 0xad, 0x97, 0xad,
0x9a, 0xac, 0x9d, 0xaa, 0x9e, 0xac, 0xa2, 0xab, 0xa5, 0xa9, 0xa5, 0xa9, 0xa8, 0xa6, 0xaa, 0xa4,
0xea, 0x41, 0x18, 0x68, 0x5d, 0x6e, 0x5b, 0x72, 0x5a, 0x72, 0x5a, 0x79, 0x55, 0x81, 0x52, 0x70,
0xfb, 0x29, 0x18, 0xfb, 0x44, 0x06, 0x0b, 0x15, 0xe8, 0x06, 0x77, 0xfb, 0x09, 0x05, 0x2e, 0x29,
0x1d, 0xfb, 0x1f, 0x30, 0x0a, 0xfb, 0xda, 0x06, 0x96, 0xef, 0xf8, 0x27, 0xf8, 0x5e, 0x05, 0xf7,
0x27, 0x06, 0xfc, 0x26, 0xfc, 0x4d, 0x15, 0xf7, 0x4f, 0x06, 0xbe, 0xf7, 0x9a, 0x78, 0x70, 0x05,
0x0b, 0xf8, 0xff, 0x1c, 0x05, 0x8b, 0x15, 0x3e, 0xfb, 0xfe, 0x05, 0xfb, 0x14, 0x06, 0xc8, 0xf8,
0x14, 0x9a, 0xea, 0x05, 0xf7, 0x27, 0x06, 0xf7, 0xdc, 0xfb, 0x09, 0x15, 0x3e, 0xfb, 0xfe, 0x05,
0xfb, 0x13, 0x06, 0xc7, 0xf8, 0x0d, 0x9c, 0xf1, 0x05, 0xf7, 0x27, 0x06, 0x0e, 0x71, 0x0a, 0xfd,
0xf8, 0x6b, 0x0a, 0x0b, 0x89, 0x67, 0x8c, 0x67, 0x8e, 0x66, 0x8e, 0x66, 0x92, 0x68, 0x94, 0x68,
0x94, 0x68, 0x99, 0x6d, 0x9e, 0x70, 0x9e, 0x70, 0xa2, 0x75, 0xa8, 0x7a, 0xa7, 0x7a, 0xae, 0x81,
0x54, 0x1d, 0x0b, 0x9e, 0xa0, 0xa5, 0x96, 0xaa, 0x8c, 0xaa, 0x8c, 0xa5, 0x82, 0x9f, 0x76, 0x08,
0x9f, 0x77, 0x95, 0x71, 0x6d, 0x1a, 0x8a, 0x6c, 0x81, 0x71, 0x52, 0x1d, 0x94, 0x0b, 0x72, 0x93,
0x75, 0x96, 0x78, 0x96, 0x78, 0x9c, 0x7c, 0xa0, 0x80, 0xa0, 0x80, 0xa5, 0x85, 0xab, 0x8a, 0xb0,
0x8a, 0xaf, 0x8d, 0xb0, 0x92, 0xaf, 0x92, 0xaf, 0x92, 0xaf, 0x93, 0x9c, 0xfb, 0x19, 0x18, 0x0b,
0x71, 0x45, 0x63, 0x4a, 0x63, 0x4a, 0x5a, 0x52, 0x50, 0x5b, 0x28, 0xd6, 0x18, 0xae, 0xb9, 0xa9,
0xbb, 0xa4, 0xbc, 0xa4, 0xbc, 0x9c, 0xc0, 0x95, 0xc4, 0xa6, 0xf7, 0x2b, 0x18, 0xf7, 0x48, 0x06,
0x0b, 0xb0, 0x68, 0xa8, 0x62, 0xa0, 0x5d, 0xa0, 0x5c, 0x93, 0x56, 0x87, 0x4f, 0x86, 0x4a, 0x79,
0x51, 0x6b, 0x59, 0x6b, 0x58, 0x63, 0x61, 0x5a, 0x6a, 0x5a, 0x69, 0x55, 0x72, 0x4f, 0x7a, 0x0b,
0xfa, 0x49, 0x15, 0xf7, 0x74, 0xfc, 0x17, 0x8a, 0x77, 0xfb, 0xef, 0xfc, 0x1a, 0x05, 0xfb, 0x2c,
0x06, 0xf7, 0xdc, 0xf8, 0x2c, 0xfb, 0x46, 0xf8, 0x19, 0x05, 0x0b, 0xa6, 0xa4, 0xa3, 0xa9, 0xa0,
0xad, 0xa0, 0xad, 0x9d, 0xaf, 0x9a, 0xb1, 0x9a, 0xb0, 0x97, 0xb1, 0x95, 0xb2, 0x95, 0xb2, 0x93,
0xb0, 0x91, 0xae, 0x08, 0x0b, 0x28, 0x1d, 0xf9, 0xf0, 0x06, 0x6f, 0xfb, 0x32, 0x05, 0xfd, 0x3b,
0x06, 0x3a, 0xfc, 0x68, 0x05, 0xf8, 0xe2, 0x06, 0x0b, 0x6a, 0x95, 0x6f, 0x9a, 0x73, 0x9e, 0x72,
0x9e, 0x78, 0xa4, 0x7d, 0xa8, 0x08, 0x7c, 0xa8, 0x84, 0xac, 0xb2, 0x1a, 0xf7, 0x2c, 0x06, 0x0b,
0x83, 0x9a, 0x80, 0x98, 0x7d, 0x95, 0x7d, 0x95, 0x79, 0x90, 0x74, 0x8c, 0x08, 0x74, 0x77, 0x86,
0x82, 0x7a, 0x1f, 0x7a, 0x82, 0x0b, 0x8a, 0x61, 0x80, 0x67, 0x78, 0x6d, 0x77, 0x6c, 0x72, 0x72,
0x6d, 0x78, 0x6c, 0x77, 0x69, 0x7d, 0x66, 0x82, 0x0b, 0x71, 0xa0, 0x6e, 0x9c, 0x6a, 0x9a, 0x6a,
0x9a, 0x6a, 0x98, 0x6c, 0x97, 0x5c, 0x9d, 0x5c, 0xa0, 0x5c, 0xa4, 0x0b, 0x1c, 0x04, 0x75, 0x88,
0x1d, 0xf9, 0x35, 0x15, 0xfc, 0xe1, 0x06, 0x31, 0xfc, 0x98, 0x05, 0xf9, 0x44, 0x06, 0x6f, 0xfb,
0x31, 0x05, 0x0b, 0x18, 0xf7, 0x4a, 0x06, 0xfb, 0x50, 0xfe, 0xce, 0x05, 0x0b, 0x8a, 0x6c, 0x8a,
0x70, 0x94, 0x76, 0x9f, 0x08, 0x76, 0x9f, 0x80, 0xa5, 0xac, 0x1a, 0x0b, 0xa0, 0xa6, 0x97, 0xac,
0x8c, 0xab, 0x8c, 0xa6, 0x81, 0xa0, 0x76, 0x08, 0xa0, 0x76, 0x0b, 0x15, 0x8c, 0xac, 0x95, 0xa6,
0xa0, 0xa1, 0xa0, 0x0b, 0x6d, 0x9a, 0x6c, 0x9a, 0x67, 0x93, 0x61, 0x8c, 0x0b, 0x8c, 0x53, 0x8d,
0x5a, 0x80, 0x62, 0x73, 0x62, 0x73, 0x68, 0x6c, 0x0b, 0x18, 0x8c, 0x9e, 0x8b, 0x9e, 0x89, 0x9e,
0x88, 0x9e, 0x86, 0x9c, 0x0b, 0x8a, 0x6a, 0x8a, 0x6a, 0x81, 0x71, 0x76, 0x76, 0x76, 0x76, 0x0b,
0x30, 0xfc, 0x9f, 0x18, 0x95, 0x74, 0x97, 0x76, 0x99, 0x7a, 0x0b, 0x64, 0x6e, 0x64, 0x75, 0x5f,
0x7a, 0x5b, 0x08, 0x7a, 0x5a, 0x0b, 0x00, 0x00, 0x00, 0x01, 0x00, 0x00, 0x00, 0x0a, 0x00, 0x32,
0x00, 0x34, 0x00, 0x04, 0x44, 0x46, 0x4c, 0x54, 0x00, 0x1a, 0x63, 0x79, 0x72, 0x6c, 0x00, 0x24,
0x67, 0x72, 0x65, 0x6b, 0x00, 0x24, 0x6c, 0x61, 0x74, 0x6e, 0x00, 0x24, 0x00, 0x04, 0x00, 0x00,
0x00, 0x00, 0xff, 0xff, 0x00, 0x00, 0x00, 0x00, 0x00, 0x00, 0x00, 0x00, 0x00, 0x00, 0x00, 0x00,
0x00, 0x01, 0x00, 0x01, 0xff, 0xff, 0x00, 0x0f, 0x04, 0xb2, 0x00, 0x00, 0x00, 0x00, 0xff, 0xe2,
0x00, 0x3e, 0x00, 0x66, 0x00, 0x2e, 0x00, 0x48, 0x00, 0x51, 0x00, 0x63, 0x00, 0x20, 0x00, 0x40,
0x00, 0x3f, 0x00, 0x3e, 0x00, 0x58, 0x00, 0x27, 0x00, 0x22, 0x00, 0x68, 0x00, 0x51, 0x00, 0x5e,
0x00, 0x47, 0x00, 0x55, 0x00, 0xc2, 0x00, 0x6f, 0x00, 0xcd, 0x00, 0x95, 0xff, 0xf1, 0x00, 0xd4,
0x00, 0x13, 0x00, 0x64, 0x00, 0x41, 0x00, 0x7c, 0x00, 0x78, 0x00, 0x73, 0x00, 0xcd, 0x00, 0x2d,
0x00, 0x40, 0x00, 0x5c, 0x00, 0x23, 0x00, 0x42, 0x00, 0x5c, 0xff, 0xf2, 0x00, 0x40, 0x00, 0x67,
0xff, 0xf7, 0x00, 0x78, 0x00, 0xd7, 0x00, 0x7e, 0x00, 0xc4, 0x00, 0x92, 0x00, 0xae, 0x00, 0x84,
0x00, 0x06, 0xff, 0xe4, 0x00, 0x3d, 0x00, 0x81, 0x01, 0x1a, 0x00, 0x0f, 0x00, 0x33, 0x00, 0x1b,
0x00, 0x8f, 0x00, 0x7c, 0x00, 0xbf, 0x00, 0x86, 0x00, 0xc8, 0x01, 0xdf, 0x01, 0x4f, 0x01, 0x6b,
0x01, 0x4a, 0x01, 0x52, 0x00, 0x9a, 0x00, 0xa7, 0x00, 0x6a, 0xff, 0xb2, 0xff, 0xf3, 0x00, 0x39,
0x00, 0x0f, 0x00, 0x2f, 0x00, 0x3a, 0xff, 0xf7, 0x00, 0x3b, 0x00, 0x80, 0x00, 0x80, 0x00, 0x09,
0x00, 0x56, 0x00, 0x02, 0x00, 0x10, 0x01, 0x80, 0x01, 0x51, 0x01, 0x17, 0x00, 0x5c, 0x00, 0xc2,
0x01, 0x8e, 0x01, 0xbf, 0x01, 0x42, 0x00, 0xae, 0x01, 0xff, 0x01, 0xa9, 0x00, 0x14, 0x00, 0xcc,
0x00, 0x52, 0x00, 0x57, 0x02, 0x26, 0x01, 0x9e, 0x02, 0x29, 0x02, 0x18, 0x01, 0x20, 0x01, 0x8b,
0x01, 0x7d, 0x00, 0x97, 0x01, 0x48, 0x00, 0xa0, 0x01, 0x0e, 0x00, 0xfa, 0x01, 0x34, 0x00, 0xb2,
0x01, 0x76, 0x01, 0x2c, 0x00, 0x72, 0x00, 0xac, 0x00, 0x60, 0x00, 0x81, 0x00, 0x6f, 0x00, 0x7e,
0x00, 0x7a, 0x00, 0xa1, 0x00, 0x65, 0x00, 0x4f, 0x00, 0x57, 0x00, 0xbd, 0x00, 0x72, 0x01, 0x78,
0x00, 0x85, 0x00, 0x5c, 0x01, 0x6f, 0x01, 0x58, 0x00, 0xa6, 0x00, 0x17, 0x00, 0x4b, 0x00, 0x48,
0x00, 0xe9, 0x01, 0xc9, 0x00, 0xd9, 0x00, 0x1a, 0x00, 0x44, 0x00, 0x44, 0xff, 0xdb, 0x01, 0x0e,
0x00, 0xe8, 0x00, 0x1c, 0xff, 0xe2, 0xff, 0xe2, 0xff, 0xe2, 0xff, 0xe2, 0xff, 0xe2, 0xff, 0xe2,
0x00, 0x66, 0x00, 0x48, 0x00, 0x48, 0x00, 0x48, 0x00, 0x48, 0xff, 0xd3, 0x00, 0x40, 0x00, 0x40,
0x00, 0x40, 0x00, 0x40, 0x00, 0x22, 0x00, 0x68, 0x00, 0x68, 0x00, 0x68, 0x00, 0x68, 0xff, 0xc6,
0x00, 0x68, 0x00, 0x6f, 0x00, 0x6f, 0x00, 0x6f, 0x00, 0x6f, 0x00, 0xd4, 0x00, 0xd4, 0x00, 0x64,
0x00, 0x64, 0x00, 0x64, 0x00, 0x64, 0x00, 0x64, 0x00, 0x64, 0x00, 0x7c, 0x00, 0x73, 0x00, 0x73,
0x00, 0x73, 0x00, 0x73, 0x00, 0x5c, 0x00, 0x5c, 0x00, 0x5c, 0x00, 0x5c, 0x00, 0x40, 0x00, 0x67,
0x00, 0x67, 0x00, 0x67, 0x00, 0x67, 0x00, 0x56, 0x00, 0x67, 0x00, 0x92, 0x00, 0x92, 0x00, 0x92,
0x00, 0x92, 0xff, 0xe4, 0xff, 0xe4, 0x02, 0x23, 0x01, 0xe7, 0x01, 0x2e, 0x00, 0xf0, 0x01, 0x68,
0x01, 0x8f, 0x01, 0x17, 0x00, 0xbd, 0x00, 0x06, 0x00, 0x96, 0x00, 0x5c, 0x00, 0x71, 0x00, 0x33,
0x00, 0x01, 0x00, 0x00, 0x00, 0xcc, 0x00, 0x06, 0xb8, 0x01, 0xff, 0x85, 0xb0, 0x04, 0x8d, 0x00
