// Generated by scripts/build_monospace_fallback.py; SIL OFL 1.1.
0x4f, 0x54, 0x54, 0x4f, 0x00, 0x0c, 0x00, 0x80, 0x00, 0x03, 0x00, 0x40, 0x43, 0x46, 0x46, 0x20,
0xc5, 0x97, 0xc3, 0x60, 0x00, 0x00, 0x05, 0xc4, 0x00, 0x00, 0x64, 0x48, 0x47, 0x53, 0x55, 0x42,
0x93, 0x15, 0x82, 0x16, 0x00, 0x00, 0x6a, 0x0c, 0x00, 0x00, 0x00, 0x36, 0x4f, 0x53, 0x2f, 0x32,
0x73, 0xca, 0xe2, 0x6a, 0x00, 0x00, 0x01, 0x30, 0x00, 0x00, 0x00, 0x60, 0x63, 0x6d, 0x61, 0x70,
0x3e, 0x5e, 0xfc, 0x9e, 0x00, 0x00, 0x03, 0x88, 0x00, 0x00, 0x02, 0x1c, 0x67, 0x61, 0x73, 0x70,
0x00, 0x00, 0x00, 0x10, 0x00, 0x00, 0x6a, 0x44, 0x00, 0x00, 0x00, 0x08, 0x68, 0x65, 0x61, 0x64,
0x0d, 0x0c, 0x7e, 0x8b, 0x00, 0x00, 0x00, 0xcc, 0x00, 0x00, 0x00, 0x36, 0x68, 0x68, 0x65, 0x61,
0x0d, 0x50, 0x02, 0x4b, 0x00, 0x00, 0x01, 0x04, 0x00, 0x00, 0x00, 0x24, 0x68, 0x6d, 0x74, 0x78,
0x53, 0x6d, 0x4c, 0x8d, 0x00, 0x00, 0x6a, 0x4c, 0x00, 0x00, 0x01, 0xc0, 0x6d, 0x61, 0x78, 0x70,
0x00, 0xdf, 0x50, 0x00, 0x00, 0x00, 0x01, 0x28, 0x00, 0x00, 0x00, 0x06, 0x6e, 0x61, 0x6d, 0x65,
0x2c, 0xc9, 0x46, 0xb7, 0x00, 0x00, 0x01, 0x90, 0x00, 0x00, 0x01, 0xf8, 0x70, 0x6f, 0x73, 0x74,
0xff, 0x6d, 0x00, 0x64, 0x00, 0x00, 0x05, 0xa4, 0x00, 0x00, 0x00, 0x20, 0x70, 0x72, 0x65, 0x70,
0x68, 0x06, 0x8c, 0x85, 0x00, 0x00, 0x6c, 0x0c, 0x00, 0x00, 0x00, 0x07, 0x00, 0x01, 0x00, 0x00,
0x00, 0x03, 0x00, 0x42, 0xac, 0x35, 0x6b, 0x8e, 0x5f, 0x0f, 0x3c, 0xf5, 0x00, 0x0b, 0x08, 0x00,
0x00, 0x00, 0x00, 0x00, 0xc4, 0xf0, 0x11, 0x2e, 0x00, 0x00, 0x00, 0x00, 0xe4, 0x10, 0x21, 0xe6,
0xff, 0xc5, 0xfd, 0xd5, 0x05, 0x26, 0x08, 0x62, 0x00, 0x00, 0x00, 0x09, 0x00, 0x02, 0x00, 0x00,
0x00, 0x00, 0x00, 0x00, 0x00, 0x01, 0x00, 0x00, 0x08, 0x62, 0xfd, 0xd5, 0x00, 0x00, 0x04, 0xcd,
0xff, 0xc5, 0xff, 0xa7, 0x05, 0x26, 0x00, 0x01, 0x00, 0x00, 0x00, 0x00, 0x00, 0x00, 0x00, 0x00,
0x00, 0x00, 0x00, 0x00, 0x00, 0x00, 0x00, 0x01, 0x00, 0x00, 0x50, 0x00, 0x00, 0xdf, 0x00, 0x00,
0x00, 0x04, 0x04, 0xcd, 0x01, 0x90, 0x00, 0x05, 0x00, 0x00, 0x05, 0x9a, 0x05, 0x33, 0x00, 0x00,
0x01, 0x1f, 0x05, 0x9a, 0x05, 0x33, 0x00, 0x00, 0x03, 0xd1, 0x00, 0x66, 0x02, 0x00, 0x00, 0x00,
0x00, 0x00, 0x00, 0x00, 0x00, 0x00, 0x00, 0x00, 0x00, 0x00, 0x80, 0x00, 0x00, 0xaf, 0x00, 0x00,
0x00, 0x4a, 0x00, 0x00, 0x00, 0x20, 0x00, 0x00, 0x00, 0x00, 0x47, 0x4f, 0x4f, 0x47, 0x00, 0x40,
0x00, 0x20, 0xff, 0xfd, 0x08, 0x62, 0xfd, 0xd5, 0x00, 0x00, 0x08, 0x62, 0x02, 0x2b, 0x00, 0x00,
0x00, 0x01, 0x00, 0x00, 0x00, 0x00, 0x04, 0x3a, 0x05, 0xb0, 0x00, 0x00, 0x00, 0x20, 0x00, 0x01,
0x00, 0x00, 0x00, 0x08, 0x00, 0x66, 0x00, 0x03, 0x00, 0x01, 0x04, 0x09, 0x00, 0x00, 0x00, 0xb4,
0x00, 0x00, 0x00, 0x03, 0x00, 0x01, 0x04, 0x09, 0x00, 0x01, 0x00, 0x14, 0x00, 0xb4, 0x00, 0x03,
0x00, 0x01, 0x04, 0x09, 0x00, 0x02, 0x00, 0x0e, 0x00, 0xc8, 0x00, 0x03, 0x00, 0x01, 0x04, 0x09,
0x00, 0x03, 0x00, 0x26, 0x00, 0xd6, 0x00, 0x03, 0x00, 0x01, 0x04, 0x09, 0x00, 0x04, 0x00, 0x24,
0x00, 0xfc, 0x00, 0x03, 0x00, 0x01, 0x04, 0x09, 0x00, 0x05, 0x00, 0x1a, 0x01, 0x20, 0x00, 0x03,
0x00, 0x01, 0x04, 0x09, 0x00, 0x06, 0x00, 0x22, 0x01, 0x3a, 0x00, 0x03, 0x00, 0x01, 0x04, 0x09,
0x00, 0x0e, 0x00, 0x36, 0x01, 0x5c, 0x00, 0x43, 0x00, 0x6f, 0x00, 0x70, 0x00, 0x79, 0x00, 0x72,
0x00, 0x69, 0x00, 0x67, 0x00, 0x68, 0x00, 0x74, 0x00, 0x20, 0x00, 0x32, 0x00, 0x30, 0x00, 0x31,
0x00, 0x35, 0x00, 0x20, 0x00, 0x54, 0x00, 0x68, 0x00, 0x65, 0x00, 0x20, 0x00, 0x52, 0x00, 0x6f,
0x00, 0x62, 0x00, 0x6f, 0x00, 0x74, 0x00, 0x6f, 0x00, 0x20, 0x00, 0x4d, 0x00, 0x6f, 0x00, 0x6e,
0x00, 0x6f, 0x00, 0x20, 0x00, 0x50, 0x00, 0x72, 0x00, 0x6f, 0x00, 0x6a, 0x00, 0x65, 0x00, 0x63,
0x00, 0x74, 0x00, 0x20, 0x00, 0x41, 0x00, 0x75, 0x00, 0x74, 0x00, 0x68, 0x00, 0x6f, 0x00, 0x72,
0x00, 0x73, 0x00, 0x20, 0x00, 0x28, 0x00, 0x68, 0x00, 0x74, 0x00, 0x74, 0x00, 0x70, 0x00, 0x73,
0x00, 0x3a, 0x00, 0x2f, 0x00, 0x2f, 0x00, 0x67, 0x00, 0x69, 0x00, 0x74, 0x00, 0x68, 0x00, 0x75,
0x00, 0x62, 0x00, 0x2e, 0x00, 0x63, 0x00, 0x6f, 0x00, 0x6d, 0x00, 0x2f, 0x00, 0x67, 0x00, 0x6f,
0x00, 0x6f, 0x00, 0x67, 0x00, 0x6c, 0x00, 0x65, 0x00, 0x66, 0x00, 0x6f, 0x00, 0x6e, 0x00, 0x74,
0x00, 0x73, 0x00, 0x2f, 0x00, 0x72, 0x00, 0x6f, 0x00, 0x62, 0x00, 0x6f, 0x00, 0x74, 0x00, 0x6f,
0x00, 0x6d, 0x00, 0x6f, 0x00, 0x6e, 0x00, 0x6f, 0x00, 0x29, 0x00, 0x57, 0x00, 0x69, 0x00, 0x74,
0x00, 0x63, 0x00, 0x68, 0x00, 0x20, 0x00, 0x4d, 0x00, 0x6f, 0x00, 0x6e, 0x00, 0x6f, 0x00, 0x52,
0x00, 0x65, 0x00, 0x67, 0x00, 0x75, 0x00, 0x6c, 0x00, 0x61, 0x00, 0x72, 0x00, 0x57, 0x00, 0x69,
0x00, 0x74, 0x00, 0x63, 0x00, 0x68, 0x00, 0x4d, 0x00, 0x6f, 0x00, 0x6e, 0x00, 0x6f, 0x00, 0x2d,
0x00, 0x52, 0x00, 0x65, 0x00, 0x67, 0x00, 0x75, 0x00, 0x6c, 0x00, 0x61, 0x00, 0x72, 0x00, 0x2d,
0x00, 0x31, 0x00, 0x57, 0x00, 0x69, 0x00, 0x74, 0x00, 0x63, 0x00, 0x68, 0x00, 0x20, 0x00, 0x4d,
0x00, 0x6f, 0x00, 0x6e, 0x00, 0x6f, 0x00, 0x20, 0x00, 0x52, 0x00, 0x65, 0x00, 0x67, 0x00, 0x75,
0x00, 0x6c, 0x00, 0x61, 0x00, 0x72, 0x00, 0x56, 0x00, 0x65, 0x00, 0x72, 0x00, 0x73, 0x00, 0x69,
0x00, 0x6f, 0x00, 0x6e, 0x00, 0x20, 0x00, 0x33, 0x00, 0x2e, 0x00, 0x30, 0x00, 0x30, 0x00, 0x31,
0x00, 0x57, 0x00, 0x69, 0x00, 0x74, 0x00, 0x63, 0x00, 0x68, 0x00, 0x4d, 0x00, 0x6f, 0x00, 0x6e,
0x00, 0x6f, 0x00, 0x2d, 0x00, 0x52, 0x00, 0x65, 0x00, 0x67, 0x00, 0x75, 0x00, 0x6c, 0x00, 0x61,
0x00, 0x72, 0x00, 0x68, 0x00, 0x74, 0x00, 0x74, 0x00, 0x70, 0x00, 0x73, 0x00, 0x3a, 0x00, 0x2f,
0x00, 0x2f, 0x00, 0x6f, 0x00, 0x70, 0x00, 0x65, 0x00, 0x6e, 0x00, 0x66, 0x00, 0x6f, 0x00, 0x6e,
0x00, 0x74, 0x00, 0x6c, 0x00, 0x69, 0x00, 0x63, 0x00, 0x65, 0x00, 0x6e, 0x00, 0x73, 0x00, 0x65,
0x00, 0x2e, 0x00, 0x6f, 0x00, 0x72, 0x00, 0x67, 0x00, 0x00, 0x00, 0x02, 0x00, 0x00, 0x00, 0x03,
0x00, 0x00, 0x00, 0x14, 0x00, 0x03, 0x00, 0x01, 0x00, 0x00, 0x00, 0x14, 0x00, 0x04, 0x02, 0x08,
0x00, 0x00, 0x00, 0x3c, 0x00, 0x20, 0x00, 0x04, 0x00, 0x1c, 0x00, 0x2f, 0x00, 0x39, 0x00, 0x40,
0x00, 0x5a, 0x00, 0x60, 0x00, 0x7a, 0x00, 0x7e, 0x00, 0xff, 0x01, 0x31, 0x01, 0x53, 0x01, 0x78,
0x01, 0x92, 0x02, 0xc6, 0x02, 0xdc, 0x03, 0xbc, 0x20, 0x14, 0x20, 0x1a, 0x20, 0x1e, 0x20, 0x22,
0x20, 0x26, 0x20, 0x30, 0x20, 0x3a, 0x20, 0xac, 0x21, 0x22, 0x22, 0x12, 0x22, 0x1e, 0x22, 0x60,
0x22, 0x65, 0xff, 0xfd, 0xff, 0xff, 0x00, 0x00, 0x00, 0x20, 0x00, 0x30, 0x00, 0x3a, 0x00, 0x41,
0x00, 0x5b, 0x00, 0x61, 0x00, 0x7b, 0x00, 0xa0, 0x01, 0x31, 0x01, 0x52, 0x01, 0x78, 0x01, 0x92,
0x02, 0xc6, 0x02, 0xdc, 0x03, 0xbc, 0x20, 0x13, 0x20, 0x18, 0x20, 0x1c, 0x20, 0x20, 0x20, 0x26,
0x20, 0x30, 0x20, 0x39, 0x20, 0xac, 0x21, 0x22, 0x22, 0x12, 0x22, 0x1e, 0x22, 0x60, 0x22, 0x64,
0xff, 0xfd, 0xff, 0xff, 0x00, 0x00, 0x00, 0x06, 0x00, 0x00, 0xff, 0xc1, 0x00, 0x00, 0xff, 0xbb,
0x00, 0x00, 0x00, 0x00, 0xff, 0xa7, 0xfe, 0xf8, 0xff, 0x39, 0xfe, 0xc2, 0xfe, 0x0a, 0xfd, 0xf5,
0xfd, 0x22, 0xe0, 0x50, 0xe0, 0x4f, 0xe0, 0x4e, 0x00, 0x00, 0xe0, 0x38, 0xe0, 0x54, 0xe0, 0x3a,
0xe0, 0x2d, 0xdf, 0x69, 0xde, 0x64, 0xde, 0xbc, 0xde, 0x1b, 0xde, 0x1a, 0x00, 0x5b, 0x00, 0x01,
0x00, 0x3c, 0x00, 0x00, 0x00, 0x58, 0x00, 0x00, 0x00, 0x62, 0x00, 0x00, 0x00, 0x6a, 0x00, 0x70,
0x00, 0x00, 0x00, 0x00, 0x00, 0x00, 0x00, 0x00, 0x00, 0x00, 0x00, 0x00, 0x00, 0x00, 0x00, 0x00,
0x00, 0x00, 0x00, 0x00, 0x01, 0x1a, 0x00, 0x00, 0x00, 0x00, 0x00, 0x00, 0x00, 0x00, 0x00, 0x00,
0x00, 0x00, 0x00, 0x00, 0x00, 0x00, 0x00, 0x00, 0x00, 0x00, 0x00, 0x00, 0x00, 0x01, 0x00, 0x56,
0x00, 0x66, 0x00, 0x8e, 0x00, 0x50, 0x00, 0x83, 0x00, 0x8f, 0x00, 0x65, 0x00, 0x6d, 0x00, 0x6e,
0x00, 0x8d, 0x00, 0x75, 0x00, 0x5a, 0x00, 0x62, 0x00, 0x5b, 0x00, 0x81, 0x00, 0x5c, 0x00, 0x5d,
0x00, 0x7c, 0x00, 0x7a, 0x00, 0x7d, 0x00, 0x58, 0x00, 0x90, 0x00, 0x6f, 0x00, 0x82, 0x00, 0x70,
0x00, 0x93, 0x00, 0x61, 0x00, 0xce, 0x00, 0x71, 0x00, 0x85, 0x00, 0x72, 0x00, 0x94, 0x00, 0xdc,
0x00, 0x57, 0x00, 0x51, 0x00, 0x52, 0x00, 0x55, 0x00, 0x53, 0x00, 0x86, 0x00, 0x91, 0x00, 0xd3,
0x00, 0x89, 0x00, 0x43, 0x00, 0xd5, 0x00, 0x80, 0x00, 0xdd, 0x00, 0x8a, 0x00, 0xd2, 0x00, 0x8c,
0x00, 0x77, 0x00, 0x41, 0x00, 0x42, 0x00, 0xcf, 0x00, 0xd6, 0x00, 0x92, 0x00, 0x5f, 0x00, 0xd4,
0x00, 0x40, 0x00, 0x44, 0x00, 0xd7, 0x00, 0x46, 0x00, 0x45, 0x00, 0x47, 0x00, 0x59, 0x00, 0x98,
0x00, 0x95, 0x00, 0x96, 0x00, 0x9a, 0x00, 0x97, 0x00, 0x99, 0x00, 0x48, 0x00, 0x9b, 0x00, 0x9f,
0x00, 0x9c, 0x00, 0x9d, 0x00, 0x9e, 0x00, 0xa4, 0x00, 0xa1, 0x00, 0xa2, 0x00, 0xa3, 0x00, 0xa0,
0x00, 0xa5, 0x00, 0xa9, 0x00, 0xa6, 0x00, 0xa7, 0x00, 0xab, 0x00, 0xa8, 0x00, 0x78, 0x00, 0xaa,
0x00, 0xaf, 0x00, 0xac, 0x00, 0xad, 0x00, 0xae, 0x00, 0xb0, 0x00, 0x4d, 0x00, 0x4f, 0x00, 0xb5,
0x00, 0xb2, 0x00, 0xb3, 0x00, 0xb7, 0x00, 0xb4, 0x00, 0xb6, 0x00, 0x49, 0x00, 0xb8, 0x00, 0xbc,
0x00, 0xb9, 0x00, 0xba, 0x00, 0xbb, 0x00, 0xc0, 0x00, 0xbd, 0x00, 0xbe, 0x00, 0xbf, 0x00, 0x4c,
0x00, 0xc1, 0x00, 0xc5, 0x00, 0xc2, 0x00, 0xc3, 0x00, 0xc7, 0x00, 0xc4, 0x00, 0x79, 0x00, 0xc6,
0x00, 0xcb, 0x00, 0xc8, 0x00, 0xc9, 0x00, 0xca, 0x00, 0xcc, 0x00, 0x4e, 0x00, 0xcd, 0x00, 0x87,
0x00, 0x88, 0x00, 0x60, 0x00, 0x03, 0x00, 0x00, 0x00, 0x00, 0x00, 0x00, 0xff, 0x6a, 0x00, 0x64,
0x00, 0x00, 0x00, 0x00, 0x00, 0x00, 0x00, 0x00, 0x00, 0x00, 0x00, 0x00, 0x00, 0x00, 0x00, 0x00,
0x00, 0x00, 0x00, 0x00, 0x01, 0x00, 0x04, 0x02, 0x00, 0x01, 0x01, 0x01, 0x12, 0x57, 0x69, 0x74,
0x63, 0x68, 0x4d, 0x6f, 0x6e, 0x6f, 0x2d, 0x52, 0x65, 0x67, 0x75, 0x6c, 0x61, 0x72, 0x00, 0x01,
0x01, 0x01, 0x3f, 0xf8, 0x24, 0x00, 0xf8, 0x25, 0x01, 0xf8, 0x26, 0x0c, 0x00, 0xf8, 0x27, 0x02,
0xf8, 0x28, 0x03, 0xfb, 0x2a, 0x0c, 0x03, 0xef, 0x0c, 0x04, 0x1e, 0x48, 0x82, 0x8c, 0x8f, 0x8b,
0x8b, 0x1e, 0x48, 0x82, 0x8c, 0x8f, 0x8b, 0x8b, 0x0c, 0x07, 0x50, 0xfc, 0xbf, 0x1c, 0x05, 0x26,
0x1c, 0x08, 0x62, 0x05, 0x1c, 0x17, 0xcf, 0x0f, 0x91, 0x1c, 0x55, 0xe5, 0x12, 0x1c, 0x18, 0xfc,
0x11, 0x00, 0x0e, 0x01, 0x01, 0x09, 0x12, 0x1e, 0x22, 0x2a, 0x31, 0x41, 0x48, 0x4f, 0x52, 0x77,
0xcb, 0xdd, 0xe7, 0x6e, 0x6f, 0x74, 0x65, 0x71, 0x75, 0x61, 0x6c, 0x6c, 0x65, 0x73, 0x73, 0x65,
0x71, 0x75, 0x61, 0x6c, 0x67, 0x72, 0x65, 0x61, 0x74, 0x65, 0x72, 0x65, 0x71, 0x75, 0x61, 0x6c,
0x45, 0x75, 0x72, 0x6f, 0x69, 0x6e, 0x66, 0x69, 0x6e, 0x69, 0x74, 0x79, 0x75, 0x6e, 0x69, 0x46,
0x46, 0x46, 0x44, 0x6e, 0x6f, 0x6e, 0x62, 0x72, 0x65, 0x61, 0x6b, 0x69, 0x6e, 0x67, 0x73, 0x70,
0x61, 0x63, 0x65, 0x75, 0x6e, 0x69, 0x30, 0x30, 0x41, 0x44, 0x75, 0x6e, 0x69, 0x30, 0x33, 0x42,
0x43, 0x33, 0x2e, 0x31, 0x52, 0x6f, 0x62, 0x6f, 0x74, 0x6f, 0x20, 0x4d, 0x6f, 0x6e, 0x6f, 0x20,
0x69, 0x73, 0x20, 0x61, 0x20, 0x74, 0x72, 0x61, 0x64, 0x65, 0x6d, 0x61, 0x72, 0x6b, 0x20, 0x6f,
0x66, 0x20, 0x47, 0x6f, 0x6f, 0x67, 0x6c, 0x65, 0x2e, 0x43, 0x6f, 0x70, 0x79, 0x72, 0x69, 0x67,
0x68, 0x74, 0x20, 0x32, 0x30, 0x31, 0x35, 0x20, 0x54, 0x68, 0x65, 0x20, 0x52, 0x6f, 0x62, 0x6f,
0x74, 0x6f, 0x20, 0x4d, 0x6f, 0x6e, 0x6f, 0x20, 0x50, 0x72, 0x6f, 0x6a, 0x65, 0x63, 0x74, 0x20,
0x41, 0x75, 0x74, 0x68, 0x6f, 0x72, 0x73, 0x20, 0x68, 0x74, 0x74, 0x70, 0x73, 0x3a, 0x67, 0x69,
0x74, 0x68, 0x75, 0x62, 0x2e, 0x63, 0x6f, 0x6d, 0x67, 0x6f, 0x6f, 0x67, 0x6c, 0x65, 0x66, 0x6f,
0x6e, 0x74, 0x73, 0x72, 0x6f, 0x62, 0x6f, 0x74, 0x6f, 0x6d, 0x6f, 0x6e, 0x6f, 0x57, 0x69, 0x74,
0x63, 0x68, 0x20, 0x4d, 0x6f, 0x6e, 0x6f, 0x20, 0x52, 0x65, 0x67, 0x75, 0x6c, 0x61, 0x72, 0x57,
0x69, 0x74, 0x63, 0x68, 0x20, 0x4d, 0x6f, 0x6e, 0x6f, 0x00, 0x71, 0x02, 0x00, 0x01, 0x00, 0x0e,
0x00, 0x12, 0x00, 0x2a, 0x00, 0x45, 0x01, 0x6f, 0x01, 0x7a, 0x01, 0x7e, 0x02, 0x2b, 0x02, 0x2f,
0x02, 0x38, 0x02, 0x3c, 0x02, 0x40, 0x02, 0x4c, 0x02, 0xac, 0x02, 0xb1, 0x02, 0xca, 0x02, 0xd7,
0x02, 0xe0, 0x02, 0xe3, 0x02, 0xee, 0x04, 0x22, 0x04, 0xed, 0x04, 0xf4, 0x04, 0xf9, 0x04, 0xfe,
0x05, 0x2f, 0x05, 0x4a, 0x06, 0x70, 0x07, 0x81, 0x07, 0xc8, 0x08, 0x06, 0x08, 0x16, 0x08, 0x20,
0x08, 0x77, 0x08, 0x7d, 0x08, 0xab, 0x08, 0xb6, 0x08, 0xc0, 0x08, 0xcb, 0x08, 0xd4, 0x08, 0xda,
0x08, 0xe5, 0x09, 0xcd, 0x09, 0xff, 0x0a, 0x23, 0x0a, 0x55, 0x0a, 0x9f, 0x0a, 0xa5, 0x0a, 0xb6,
0x0a, 0xc1, 0x0a, 0xd2, 0x0a, 0xda, 0x0a, 0xe2, 0x0a, 0xe8, 0x0a, 0xf3, 0x0a, 0xfe, 0x0d, 0x10,
0x0d, 0xfc, 0x0e, 0x6e, 0x0e, 0xf0, 0x0f, 0x8c, 0x10, 0x19, 0x10, 0x2b, 0x10, 0xa5, 0x11, 0x12,
0x11, 0x7a, 0x11, 0xb5, 0x11, 0xea, 0x12, 0x21, 0x12, 0x3d, 0x12, 0x42, 0x12, 0x6d, 0x12, 0x70,
0x12, 0x88, 0x12, 0xb4, 0x12, 0xd0, 0x12, 0xf9, 0x13, 0x1f, 0x13, 0x40, 0x13, 0x5d, 0x13, 0x7a,
0x13, 0x96, 0x13, 0xa6, 0x13, 0xc1, 0x13, 0xdc, 0x13, 0xf5, 0x14, 0x0f, 0x14, 0x18, 0x14, 0x32,
0x14, 0x4b, 0x14, 0x62, 0x14, 0x79, 0x14, 0x8d, 0x14, 0xa0, 0x14, 0xb1, 0x14, 0xc2, 0x14, 0xd2,
0x14, 0xe2, 0x14, 0xe7, 0x14, 0xf6, 0x15, 0x04, 0x15, 0x11, 0x15, 0x1f, 0x15, 0x2d, 0x15, 0x3a,
0x15, 0x47, 0x15, 0x52, 0x15, 0x5e, 0x15, 0x6a, 0x15, 0x75, 0x15, 0x80, 0x15, 0x8b, 0x15, 0x94,
0x15, 0xf7, 0x74, 0x06, 0xfb, 0xa0, 0xfb, 0x9e, 0x05, 0xfb, 0x20, 0x06, 0x0e, 0x1c, 0x05, 0xb0,
0x0b, 0x15, 0xa9, 0x94, 0xa4, 0x9e, 0xa0, 0x1e, 0x9f, 0x9d, 0xa6, 0x95, 0xaf, 0x1b, 0xaf, 0xa6,
0x81, 0x77, 0x3f, 0x1d, 0xf8, 0x42, 0x89, 0x67, 0x1d, 0x15, 0x72, 0xfb, 0x2e, 0x07, 0xfb, 0x2a,
0xf7, 0x2b, 0xfb, 0x29, 0xfb, 0x2b, 0x05, 0xfb, 0x2c, 0xa5, 0x06, 0xf7, 0x89, 0xf7, 0x83, 0x05,
0xf7, 0x04, 0x06, 0x0e, 0xfa, 0x09, 0x16, 0x84, 0x99, 0x85, 0x9d, 0x87, 0xa0, 0x86, 0xa0, 0x88,
0xa0, 0x89, 0xa2, 0x78, 0x78, 0x77, 0x7a, 0x74, 0x7a, 0x74, 0x7a, 0x71, 0x7d, 0x70, 0x7e, 0x6f,
0x7e, 0x6d, 0x81, 0x6c, 0x28, 0x1d, 0x6c, 0x69, 0x87, 0x68, 0x1b, 0x52, 0x57, 0x93, 0x9c, 0x5d,
0x1f, 0x5c, 0x9c, 0x64, 0xa1, 0x6b, 0xa8, 0x6a, 0xa7, 0x72, 0xad, 0x7a, 0xb2, 0x08, 0x79, 0xb2,
0x82, 0xb5, 0xb8, 0x1a, 0xc6, 0x97, 0xbf, 0xa3, 0xb8, 0x1e, 0xa2, 0xb8, 0xad, 0xb0, 0xb6, 0xa9,
0xb6, 0xa8, 0xc0, 0xa1, 0xc8, 0x2b, 0x1d, 0xc8, 0xcf, 0x92, 0xd6, 0x1b, 0xf7, 0x5e, 0xe0, 0x06,
0xac, 0x85, 0xa8, 0x7f, 0xa5, 0x1e, 0x7f, 0xa5, 0x7a, 0xa1, 0x75, 0x9e, 0x75, 0x9d, 0x70, 0x99,
0x6c, 0x95, 0x08, 0x95, 0x6b, 0x67, 0x90, 0x64, 0x1b, 0x66, 0x6b, 0x86, 0x82, 0x6e, 0x1f, 0x6e,
0x82, 0x72, 0x7e, 0x77, 0x7c, 0x77, 0x7c, 0x7c, 0x79, 0x80, 0x76, 0x08, 0x80, 0x76, 0x85, 0x75,
0x74, 0x1a, 0xfb, 0x4e, 0x06, 0x8c, 0xb2, 0x95, 0xb2, 0x9f, 0xb1, 0x9e, 0xb1, 0xa8, 0xad, 0xb0,
0xaa, 0xb0, 0xa9, 0xb8, 0xa3, 0xc0, 0x9e, 0x08, 0x9e, 0xc0, 0xc7, 0x94, 0xce, 0x1b, 0xc8, 0xc4,
0x84, 0x7c, 0xc0, 0x1f, 0xc0, 0x7c, 0xb8, 0x74, 0xb2, 0x6d, 0xb1, 0x6c, 0xa9, 0x65, 0xa1, 0x5e,
0x08, 0xa1, 0x5e, 0x96, 0x56, 0x4e, 0x1a, 0xfc, 0x8b, 0x07, 0x67, 0x8e, 0x65, 0x92, 0x63, 0x1e,
0x92, 0x62, 0x94, 0x68, 0x97, 0x6d, 0x08, 0x7b, 0x07, 0xfc, 0x9c, 0xf7, 0x21, 0x15, 0xaf, 0xad,
0x90, 0x94, 0xaa, 0x1f, 0xaa, 0x94, 0xa8, 0x98, 0xa5, 0x9a, 0xa4, 0x9a, 0xa1, 0x9d, 0x9e, 0x9f,
0x9e, 0x9e, 0x99, 0xa0, 0x96, 0xa0, 0x08, 0xf7, 0x6f, 0xfb, 0x40, 0x07, 0x4b, 0x53, 0x86, 0x80,
0x5c, 0x1f, 0x5b, 0x80, 0x65, 0x7a, 0x6f, 0x74, 0x77, 0x7b, 0x7c, 0x78, 0x81, 0x75, 0x08, 0x80,
0x75, 0x86, 0x72, 0x6f, 0x1a, 0x70, 0x90, 0x73, 0x94, 0x74, 0x1e, 0x94, 0x74, 0x98, 0x78, 0x9d,
0x7b, 0x9d, 0x7a, 0xa2, 0x7e, 0xa6, 0x26, 0x1d, 0xa6, 0xab, 0x86, 0xaf, 0x1b, 0x0b, 0x15, 0xfb,
0x2a, 0x06, 0xfb, 0x8c, 0xf7, 0x9e, 0x37, 0x1d, 0x0e, 0x82, 0x08, 0x82, 0x0b, 0xf9, 0x20, 0x77,
0x15, 0x3f, 0x45, 0x98, 0xa5, 0x4c, 0x1f, 0x4b, 0xa5, 0x54, 0xaf, 0x5e, 0xba, 0x5e, 0xba, 0x67,
0xc2, 0x72, 0xcb, 0x08, 0x72, 0xcb, 0x7e, 0xd1, 0xd6, 0x1a, 0xb5, 0x07, 0xe2, 0x99, 0xda, 0xa7,
0xd0, 0x1e, 0xa7, 0xd0, 0xb0, 0xc5, 0xba, 0xbb, 0xb9, 0xba, 0xc0, 0xb0, 0xc6, 0xa4, 0x08, 0xa4,
0xc6, 0xc7, 0x98, 0xc9, 0x1b, 0xd9, 0xcf, 0x7e, 0x70, 0xc6, 0x1f, 0xc5, 0x70, 0xbb, 0x65, 0xb2,
0x5c, 0xb2, 0x5b, 0xa8, 0x53, 0x9e, 0x4a, 0x08, 0x9e, 0x4a, 0x94, 0x45, 0x40, 0x1a, 0x38, 0xfd,
0x99, 0x84, 0x07, 0x90, 0x56, 0x95, 0x5d, 0x9c, 0x63, 0x9b, 0x63, 0xa1, 0x68, 0xa8, 0x6c, 0xa8,
0x6a, 0xaf, 0x72, 0xb4, 0x78, 0x08, 0x78, 0xb4, 0xb9, 0x82, 0xbd, 0x1b, 0xcd, 0xc6, 0x98, 0xa6,
0xbe, 0x1f, 0xbe, 0xa6, 0xb6, 0xae, 0xad, 0xb7, 0xf7, 0x05, 0x33, 0x18, 0x67, 0x54, 0x55, 0x5b,
0x44, 0x61, 0x08, 0x60, 0x43, 0x32, 0x76, 0x22, 0x1b, 0x73, 0xfa, 0x5e, 0x6f, 0x1d, 0x94, 0x06,
0xac, 0x85, 0xaf, 0x7e, 0xb2, 0x1e, 0x7e, 0xb1, 0x7a, 0xac, 0x74, 0xa7, 0x74, 0xa7, 0x6f, 0xa2,
0x69, 0x9c, 0x08, 0x9c, 0x68, 0x62, 0x94, 0x5c, 0x1b, 0x0b, 0x84, 0x08, 0x84, 0x0b, 0x15, 0xfd,
0x5e, 0xf7, 0x23, 0xf9, 0x5e, 0x06, 0x0e, 0x96, 0x08, 0x96, 0x0b, 0x9a, 0x08, 0x9a, 0x0b, 0xfa,
0xd4, 0x21, 0x1d, 0x15, 0x8d, 0xfe, 0x6e, 0x05, 0x5a, 0x1d, 0x0b, 0xfa, 0x0b, 0x16, 0x80, 0xf7,
0x29, 0x67, 0x56, 0x5e, 0x61, 0x55, 0x6e, 0x19, 0x6d, 0x55, 0x4d, 0x7c, 0x44, 0x1b, 0x52, 0x58,
0x94, 0x9d, 0x5d, 0x1f, 0x5d, 0x9c, 0x64, 0xa7, 0x6a, 0xb0, 0x6a, 0xb0, 0x72, 0xbb, 0x7a, 0xc5,
0x08, 0x79, 0xc4, 0x82, 0xd0, 0xdc, 0x1a, 0xf9, 0x17, 0xf7, 0x4d, 0xfd, 0x19, 0x07, 0x50, 0x90,
0x5b, 0x94, 0x64, 0x1e, 0x94, 0x64, 0x99, 0x6d, 0x9e, 0x74, 0x9e, 0x74, 0xa2, 0x7a, 0xa6, 0x26,
0x1d, 0xa6, 0xaa, 0x86, 0xae, 0x1b, 0xb4, 0xb0, 0x90, 0x95, 0xac, 0x1f, 0xac, 0x94, 0xa7, 0x99,
0xa3, 0x9c, 0x9f, 0x99, 0x9d, 0x9c, 0x9a, 0x9f, 0x83, 0x1d, 0x0b, 0x1c, 0x05, 0x18, 0x15, 0x0b,
0xf7, 0x5f, 0xfa, 0xce, 0x15, 0xf8, 0xbd, 0xfe, 0x2e, 0xf7, 0xf5, 0xfb, 0x34, 0xfe, 0x1e, 0xf7,
0x34, 0xf8, 0x04, 0xf9, 0x8d, 0xfc, 0x04, 0x06, 0x0b, 0x15, 0xfb, 0x05, 0xcd, 0xf8, 0x95, 0xfa,
0x4e, 0xf7, 0x06, 0x49, 0x05, 0x0e, 0xab, 0x95, 0xa6, 0x9e, 0xa0, 0x1e, 0xa0, 0x9e, 0x0b, 0x15,
0x60, 0x1d, 0x96, 0xb1, 0x1b, 0xb1, 0xa8, 0x80, 0x76, 0x9e, 0x1f, 0x9e, 0x0b, 0xfa, 0x11, 0xf7,
0xb3, 0x15, 0xa1, 0x87, 0x9f, 0x82, 0x9d, 0x1e, 0x82, 0x9c, 0x7d, 0x9b, 0x76, 0x9a, 0x76, 0x9a,
0x70, 0x98, 0x69, 0x98, 0x69, 0x97, 0x61, 0x96, 0x58, 0x95, 0x4d, 0x98, 0x53, 0x9a, 0x58, 0x9d,
0x58, 0x9d, 0x5f, 0xa1, 0x67, 0xa4, 0x66, 0xa4, 0x6f, 0xa8, 0x77, 0xad, 0x08, 0x77, 0xac, 0x81,
0xb2, 0xb8, 0x1a, 0xb7, 0x95, 0xb4, 0xa0, 0xb2, 0x1e, 0xa0, 0xb1, 0xa8, 0xac, 0xb0, 0xa8, 0xb0,
0xa8, 0xb8, 0xa1, 0xbf, 0x9c, 0x08, 0x9c, 0xbe, 0xc4, 0x93, 0xc9, 0x1b, 0xce, 0xc7, 0x82, 0x7a,
0xc0, 0x1f, 0xc0, 0x7a, 0xb9, 0x73, 0xb0, 0x6c, 0xb0, 0x6c, 0xa8, 0x68, 0xa0, 0x62, 0x08, 0x9f,
0x62, 0x95, 0x5e, 0x5c, 0x1a, 0xfb, 0x4d, 0x06, 0xa2, 0x85, 0xa2, 0x7f, 0xa2, 0x1e, 0x7f, 0xa1,
0x7a, 0x9f, 0x76, 0x9c, 0x76, 0x9c, 0x71, 0x99, 0x6d, 0x2a, 0x1d, 0x6c, 0x69, 0x90, 0x65, 0x1b,
0x64, 0x68, 0x87, 0x82, 0x6e, 0x1f, 0x6d, 0x82, 0x72, 0x80, 0x78, 0x7c, 0x77, 0x7c, 0x7c, 0x7a,
0x81, 0x78, 0x08, 0x81, 0x78, 0x86, 0x77, 0x76, 0x1a, 0x76, 0x8f, 0x78, 0x93, 0x7a, 0x1e, 0x93,
0x7a, 0x99, 0x7c, 0x9f, 0x7e, 0x9e, 0x7e, 0xa6, 0x7f, 0xac, 0x80, 0xac, 0x80, 0xb4, 0x81, 0xbe,
0x81, 0xce, 0x7d, 0xc6, 0x7b, 0xc0, 0x79, 0xc0, 0x78, 0xb7, 0x75, 0xaf, 0x72, 0xaf, 0x71, 0xa7,
0x6d, 0x9e, 0x69, 0x08, 0x9e, 0x69, 0x94, 0x64, 0x5e, 0x1a, 0x5b, 0x80, 0x5f, 0x76, 0x64, 0x1e,
0x75, 0x64, 0x6d, 0x69, 0x64, 0x6f, 0x64, 0x6f, 0x5d, 0x75, 0x55, 0x7c, 0x08, 0x7c, 0x55, 0x50,
0x83, 0x4b, 0x1b, 0x42, 0x49, 0x95, 0x9f, 0x52, 0x1f, 0x52, 0x9e, 0x5a, 0xa5, 0x64, 0xac, 0x63,
0xab, 0x6d, 0xb0, 0x76, 0xb6, 0x08, 0x76, 0xb6, 0x80, 0xb7, 0xb9, 0x1a, 0xf7, 0x4d, 0x06, 0x8e,
0x65, 0x95, 0x6b, 0x9d, 0x71, 0x9c, 0x71, 0xa1, 0x76, 0xa6, 0x7b, 0xa5, 0x7b, 0xa8, 0x80, 0xab,
0x28, 0x1d, 0xab, 0xab, 0x88, 0xaa, 0x1b, 0xbc, 0xb6, 0x91, 0x97, 0xb0, 0x1f, 0xb0, 0x96, 0xa7,
0x9b, 0xa0, 0xa0, 0x98, 0x98, 0x94, 0x99, 0x92, 0x9a, 0x08, 0x92, 0x9a, 0x8e, 0x9c, 0x9c, 0x1a,
0x0b, 0x15, 0xa8, 0x91, 0xa5, 0x96, 0xa4, 0x1e, 0x96, 0xa3, 0x99, 0xa0, 0x9e, 0x9d, 0x9d, 0x9c,
0xa1, 0x99, 0xa4, 0x95, 0x08, 0x95, 0xa4, 0xa5, 0x90, 0xa7, 0x1b, 0xa7, 0xa5, 0x86, 0x81, 0xa4,
0x1f, 0xa3, 0x81, 0xa0, 0x7d, 0x9e, 0x7a, 0x9d, 0x79, 0x99, 0x76, 0x96, 0x73, 0x08, 0x96, 0x72,
0x90, 0x71, 0x6e, 0x1a, 0x6e, 0x86, 0x71, 0x80, 0x73, 0x1e, 0x80, 0x73, 0x7d, 0x77, 0x79, 0x7a,
0x78, 0x7a, 0x76, 0x7d, 0x73, 0x26, 0x1d, 0x72, 0x71, 0x86, 0x6f, 0x1b, 0x6f, 0x71, 0x90, 0x94,
0x72, 0x1f, 0x72, 0x94, 0x75, 0x99, 0x79, 0x9c, 0x78, 0x9c, 0x7d, 0x9f, 0x80, 0xa3, 0x08, 0x80,
0xa3, 0x85, 0xa5, 0xa8, 0x1a, 0xee, 0x16, 0x7c, 0x8e, 0x7e, 0x91, 0x7e, 0x1e, 0x90, 0x7e, 0x93,
0x80, 0x95, 0x82, 0x94, 0x81, 0x96, 0x83, 0x98, 0x86, 0x08, 0x86, 0x98, 0x98, 0x88, 0x9a, 0x1b,
0x9a, 0x98, 0x8e, 0x90, 0x98, 0x1f, 0x97, 0x90, 0x96, 0x93, 0x94, 0x94, 0x94, 0x94, 0x93, 0x96,
0x90, 0x98, 0x08, 0x90, 0x98, 0x8e, 0x99, 0x9a, 0x1a, 0x9b, 0x88, 0x9a, 0x86, 0x99, 0x1e, 0x86,
0x98, 0x83, 0x97, 0x82, 0x95, 0x82, 0x94, 0x80, 0x93, 0x7f, 0x90, 0x08, 0x90, 0x7e, 0x7e, 0x8d,
0x7c, 0x1b, 0x7d, 0x7e, 0x89, 0x86, 0x7e, 0x1f, 0x7e, 0x86, 0x80, 0x84, 0x82, 0x82, 0x81, 0x81,
0x83, 0x7f, 0x85, 0x7e, 0x08, 0x85, 0x7d, 0x88, 0x7c, 0x7a, 0x1a, 0x0e, 0x95, 0x70, 0x6b, 0x1a,
0x6c, 0x81, 0x0b, 0x05, 0xf7, 0x73, 0x06, 0x0b, 0x05, 0xfb, 0x51, 0x06, 0x0b, 0xb2, 0x97, 0xad,
0xa3, 0xa7, 0x1e, 0xa7, 0xa3, 0xaf, 0x99, 0xbc, 0x1b, 0xbb, 0xb0, 0x7d, 0x6f, 0xa4, 0x1f, 0xa4,
0x70, 0x97, 0x69, 0x63, 0x1a, 0x64, 0x7e, 0x6a, 0x72, 0x70, 0x1e, 0x70, 0x72, 0x66, 0x7e, 0x5c,
0x1b, 0x5b, 0x67, 0x99, 0xa6, 0x73, 0x1f, 0x72, 0xa6, 0x7f, 0xab, 0xb2, 0x1a, 0x0b, 0xfa, 0xd3,
0x16, 0xfb, 0x43, 0xf9, 0x35, 0xfc, 0xe9, 0xfd, 0x35, 0xfb, 0x42, 0x21, 0x1d, 0xf7, 0x42, 0xfd,
0x06, 0xf8, 0xe9, 0xf9, 0x06, 0xf7, 0x43, 0x06, 0x0b, 0xf7, 0x20, 0xf8, 0xba, 0x15, 0xdc, 0x95,
0xd5, 0x9f, 0xcf, 0x1e, 0x9e, 0xce, 0xa8, 0xc5, 0xb0, 0x57, 0x1d, 0xc8, 0x99, 0xce, 0x1b, 0xb6,
0xb3, 0x86, 0x81, 0xb0, 0x1f, 0xaf, 0x81, 0xac, 0x7c, 0xa8, 0x78, 0x9b, 0x81, 0x9a, 0x7f, 0x9a,
0x7e, 0x99, 0x7e, 0x98, 0x7c, 0x98, 0x7b, 0x94, 0xf7, 0x0a, 0x18, 0xf7, 0x3c, 0xfe, 0xb7, 0x06,
0x44, 0x80, 0x4b, 0x75, 0x54, 0x1e, 0x74, 0x54, 0x6c, 0x5c, 0x63, 0x64, 0x62, 0x64, 0x5b, 0x6e,
0x53, 0x77, 0x08, 0x77, 0x53, 0x4d, 0x81, 0x47, 0x1b, 0x6f, 0x6b, 0x8e, 0x92, 0x67, 0x1f, 0x67,
0x91, 0x67, 0x95, 0x66, 0x9a, 0x66, 0x99, 0x67, 0x9e, 0x69, 0xa3, 0x68, 0xa3, 0x6e, 0xa9, 0x72,
0xae, 0xeb, 0xf7, 0x03, 0x18, 0xa2, 0x70, 0xa2, 0x74, 0xa3, 0x78, 0xa3, 0x78, 0xa3, 0x7b, 0xa4,
0x80, 0xa4, 0x80, 0xa3, 0x83, 0xa4, 0x86, 0x08, 0x86, 0xa4, 0xa3, 0x88, 0xa4, 0x1b, 0xb7, 0xb3,
0x91, 0x98, 0xae, 0x1f, 0xae, 0x98, 0xaa, 0x9d, 0xa4, 0xa4, 0xa4, 0xa3, 0x9e, 0xa9, 0x98, 0xaf,
0x08, 0x98, 0xaf, 0x92, 0xb4, 0xba, 0x1a, 0xe8, 0x07, 0x7d, 0x7b, 0x7c, 0x7c, 0x7c, 0x7e, 0x7b,
0x7e, 0x7a, 0x7f, 0x79, 0x81, 0x6f, 0x7c, 0x6c, 0x7f, 0x69, 0x83, 0x08, 0x82, 0x69, 0x66, 0x87,
0x64, 0x1b, 0x49, 0x4f, 0x99, 0xa7, 0x56, 0x1f, 0x56, 0xa7, 0x5e, 0xb2, 0x66, 0xbc, 0x66, 0xbc,
0x6e, 0xc6, 0x77, 0xce, 0x08, 0x77, 0x8c, 0x1d, 0x96, 0x5c, 0x1e, 0x96, 0x5c, 0x9c, 0x50, 0x1d,
0xab, 0xa8, 0x8f, 0x93, 0xa5, 0x1f, 0xa4, 0x92, 0xa2, 0x96, 0xa0, 0x99, 0x9f, 0x99, 0x9d, 0x9c,
0x9b, 0x9e, 0x9b, 0x9e, 0x99, 0xa1, 0x97, 0xa2, 0x08, 0xf8, 0x84, 0x07, 0x7f, 0xa2, 0x7d, 0x9f,
0x7b, 0x9e, 0x7b, 0x9e, 0x79, 0x9b, 0x76, 0x99, 0x76, 0x98, 0x74, 0x96, 0x72, 0x93, 0x08, 0x92,
0x72, 0x6f, 0x8f, 0x6c, 0x1b, 0x57, 0x5f, 0x80, 0x76, 0x66, 0x1f, 0x66, 0x76, 0x6c, 0x6e, 0x74,
0x67, 0x73, 0x66, 0x7a, 0x61, 0x80, 0x5c, 0x08, 0x80, 0x5b, 0x85, 0x59, 0x56, 0x1a, 0x0b, 0xfa,
0xf0, 0xf7, 0x53, 0x15, 0x74, 0x70, 0x73, 0x73, 0x72, 0x76, 0x72, 0x75, 0x70, 0x78, 0x70, 0x7b,
0x5c, 0x6f, 0x59, 0x76, 0x55, 0x7e, 0x55, 0x7d, 0x52, 0x84, 0x50, 0x8c, 0x4f, 0x8c, 0x54, 0x94,
0x59, 0x9d, 0x58, 0x9c, 0x5e, 0xa4, 0x63, 0xaa, 0x63, 0xaa, 0x68, 0xaf, 0x6d, 0xb5, 0x08, 0x6d,
0xb5, 0x72, 0xb9, 0x77, 0xbc, 0x76, 0xbc, 0x7c, 0xbe, 0x81, 0xc1, 0x80, 0xc0, 0x86, 0xc1, 0x8a,
0xc2, 0x08, 0xf7, 0x3d, 0x07, 0x8c, 0xc1, 0x90, 0xc1, 0x94, 0xc1, 0x94, 0xc0, 0x98, 0xbf, 0x9e,
0xbc, 0x9e, 0xbc, 0xa2, 0xb9, 0xa7, 0xb6, 0xa7, 0xb5, 0xad, 0xb0, 0xb2, 0xaa, 0xb2, 0xaa, 0xb7,
0xa3, 0xbc, 0x9d, 0x08, 0x9d, 0xbc, 0xc3, 0x94, 0xc8, 0x1b, 0xcf, 0xca, 0x81, 0x76, 0xc4, 0x1f,
0xc4, 0x76, 0xbd, 0x6d, 0xb6, 0x64, 0xb6, 0x64, 0xad, 0x5c, 0xa5, 0x54, 0xa5, 0x54, 0x9b, 0x4d,
0x91, 0x47, 0x08, 0xfb, 0x4b, 0x06, 0x84, 0xb5, 0x7f, 0xb2, 0x7c, 0xaf, 0x7c, 0xae, 0x77, 0xaa,
0x72, 0xa4, 0x72, 0xa4, 0x6d, 0x9f, 0x68, 0x9a, 0x08, 0x99, 0x68, 0x63, 0x92, 0x5d, 0x1b, 0x5f,
0x64, 0x84, 0x7c, 0x69, 0x1f, 0x69, 0x7c, 0x6d, 0x76, 0x72, 0x72, 0x72, 0x72, 0x76, 0x6d, 0x7a,
0x6a, 0x7a, 0x69, 0x7e, 0x67, 0x80, 0x66, 0x80, 0x66, 0x84, 0x65, 0x86, 0x64, 0x08, 0x86, 0x64,
0x89, 0x66, 0x67, 0x1a, 0xfb, 0x3f, 0x07, 0x8c, 0x66, 0x8e, 0x66, 0x91, 0x64, 0x90, 0x64, 0x94,
0x64, 0x97, 0x66, 0x97, 0x66, 0x9a, 0x67, 0x9e, 0x6a, 0x9e, 0x6a, 0xa1, 0x6d, 0xa6, 0x72, 0xa5,
0x72, 0xa9, 0x77, 0xae, 0x7c, 0xae, 0x7c, 0xb2, 0x83, 0xb7, 0x8a, 0xa4, 0x8a, 0xa6, 0x8c, 0xa7,
0x8e, 0x08, 0xa6, 0x8e, 0xa6, 0x90, 0xa5, 0x93, 0xa5, 0x93, 0xa3, 0x96, 0xa2, 0x99, 0xa2, 0x98,
0x9e, 0x9d, 0x9a, 0xa1, 0x8d, 0xf7, 0xdb, 0x18, 0xfb, 0xbc, 0xf7, 0x30, 0xf8, 0x6c, 0x06, 0x0b,
0xf7, 0xaa, 0x16, 0xfb, 0x7a, 0xfa, 0xce, 0x05, 0xf7, 0x38, 0x06, 0xf7, 0x12, 0xfd, 0x46, 0xa1,
0xfb, 0x2f, 0xa6, 0xf7, 0x2f, 0xf7, 0x41, 0xf9, 0x46, 0x05, 0xf7, 0x0b, 0x06, 0xf7, 0x40, 0xfd,
0x46, 0xa8, 0xfb, 0x3e, 0xa6, 0xf7, 0x3e, 0xf7, 0x0c, 0xf9, 0x46, 0x05, 0xf7, 0x38, 0x06, 0xfb,
0x7a, 0xfe, 0xce, 0x05, 0xfb, 0x26, 0x06, 0xfb, 0x3d, 0xf9, 0x2b, 0x6f, 0xf7, 0x3c, 0x70, 0xfb,
0x3c, 0xfb, 0x3b, 0xfd, 0x2b, 0x05, 0x0b, 0xf7, 0x8e, 0x16, 0xfb, 0x45, 0x21, 0x1d, 0x05, 0xf7,
0x44, 0x06, 0xf4, 0xfe, 0x80, 0x91, 0x51, 0x96, 0xc7, 0xf7, 0x44, 0xfa, 0x7e, 0x05, 0xf7, 0x35,
0x06, 0xf7, 0x45, 0xfe, 0x7f, 0x96, 0x50, 0x91, 0xc7, 0xf4, 0xfa, 0x7e, 0x05, 0xf7, 0x43, 0x06,
0xfb, 0x45, 0x1c, 0xfa, 0x50, 0x38, 0x1d, 0xfb, 0x45, 0xfa, 0xa0, 0x81, 0xc8, 0x80, 0x4d, 0xfb,
0x46, 0xfe, 0x9f, 0x05, 0x0b, 0x9e, 0x1f, 0x9e, 0x76, 0x94, 0x72, 0x6d, 0x8b, 0x1d, 0x67, 0x1b,
0x67, 0x70, 0x8e, 0x1d, 0x0b, 0x82, 0x72, 0x78, 0x77, 0x1e, 0x76, 0x78, 0x70, 0x81, 0x0b, 0xfa,
0x07, 0xfa, 0xe2, 0x15, 0xad, 0xaf, 0x89, 0x86, 0xb0, 0x1f, 0xb0, 0x86, 0xa6, 0x85, 0x9e, 0x83,
0x72, 0xfb, 0x49, 0x18, 0x67, 0x93, 0x69, 0x91, 0x6b, 0x8f, 0x08, 0x8e, 0x6a, 0x69, 0x8d, 0x68,
0x1b, 0x5e, 0x62, 0x86, 0x80, 0x66, 0x1f, 0x66, 0x80, 0x6b, 0x7a, 0x70, 0x76, 0x72, 0x78, 0x76,
0x75, 0x79, 0x70, 0x78, 0x70, 0x7c, 0x6c, 0x7f, 0x6a, 0x08, 0xfd, 0x4a, 0xfb, 0x4e, 0xfa, 0xce,
0xf7, 0x44, 0x07, 0x93, 0xfb, 0x25, 0x8c, 0x70, 0xb7, 0xc6, 0xc0, 0xba, 0xc9, 0xae, 0x19, 0xad,
0xc8, 0xd1, 0x9c, 0xda, 0x1b, 0x0b, 0xf7, 0x0c, 0x15, 0x39, 0x1d, 0x0b, 0xf8, 0x9f, 0xf9, 0x38,
0x15, 0xfb, 0x36, 0xfb, 0x4c, 0x05, 0xfc, 0x80, 0xfb, 0x51, 0x21, 0x1d, 0xf7, 0x51, 0xfd, 0x5b,
0x07, 0xf7, 0x21, 0xf7, 0x44, 0xf8, 0x3f, 0xf8, 0xab, 0x05, 0xf7, 0x75, 0x06, 0xfc, 0x91, 0xfd,
0x11, 0xf8, 0xb3, 0xfd, 0xc7, 0x05, 0xfb, 0x75, 0x06, 0x0b, 0x97, 0x91, 0x99, 0x08, 0x90, 0x98,
0x8e, 0x9a, 0x9a, 0x1a, 0x0b, 0xa0, 0x1e, 0xa0, 0x9d, 0xa7, 0x95, 0xb0, 0x1b, 0xb0, 0x0b, 0x65,
0x58, 0x6e, 0x4f, 0x76, 0x08, 0x76, 0x4e, 0x46, 0x80, 0x0b, 0xab, 0x5e, 0xa1, 0x57, 0x08, 0xa0,
0x57, 0x96, 0x0b, 0xfb, 0x4d, 0xf9, 0x3f, 0x07, 0x0b, 0x66, 0x66, 0x5f, 0x70, 0x57, 0x78, 0x08,
0x78, 0x56, 0x50, 0x0b, 0xf7, 0x40, 0x16, 0x21, 0x1d, 0xf8, 0x45, 0x07, 0xc7, 0x8a, 0xc6, 0x84,
0xc4, 0x7c, 0xc4, 0x7c, 0xbe, 0x73, 0xb8, 0x6c, 0xb8, 0x6c, 0xae, 0x63, 0xa6, 0x5a, 0xa6, 0x5a,
0x98, 0x51, 0x8a, 0x47, 0x8a, 0x65, 0x85, 0x68, 0x80, 0x6c, 0x7f, 0x6c, 0x7b, 0x6f, 0x77, 0x72,
0x76, 0x72, 0x75, 0x75, 0x72, 0x7a, 0x08, 0x72, 0x7a, 0x6c, 0x7a, 0x68, 0x7c, 0x08, 0x88, 0x07,
0xb0, 0x82, 0xae, 0x7c, 0xad, 0x74, 0xad, 0x74, 0xa7, 0x72, 0xa1, 0x70, 0xa2, 0x6d, 0x9e, 0x69,
0x98, 0x66, 0x08, 0x98, 0x66, 0x91, 0x62, 0x60, 0x1a, 0x8c, 0x47, 0x7e, 0x4f, 0x70, 0x57, 0x70,
0x57, 0x68, 0x60, 0x5e, 0x68, 0x5e, 0x68, 0x58, 0x70, 0x51, 0x78, 0x50, 0x78, 0x4f, 0x82, 0x4d,
0x8a, 0x08, 0xfb, 0xac, 0xf9, 0x3d, 0x15, 0xfc, 0xa0, 0xf7, 0xb1, 0x07, 0xb2, 0x8c, 0xaf, 0x91,
0xae, 0x98, 0xae, 0x97, 0xa9, 0x9c, 0xa6, 0xa1, 0xa6, 0xa1, 0xa0, 0xa6, 0x9b, 0xab, 0x08, 0x9a,
0xab, 0x93, 0xaf, 0xb4, 0x1a, 0x8c, 0xb4, 0x84, 0xb0, 0x7d, 0xab, 0x7c, 0xab, 0x77, 0xa6, 0x72,
0xa2, 0x72, 0xa1, 0x6d, 0x9c, 0x69, 0x97, 0x69, 0x97, 0x66, 0x92, 0x64, 0x8c, 0x08, 0xfb, 0xbb,
0xf7, 0x2e, 0x15, 0xf7, 0x96, 0x06, 0xae, 0x8c, 0xad, 0x90, 0xac, 0x96, 0xac, 0x95, 0xa9, 0x9a,
0xa5, 0x9f, 0xa5, 0x9e, 0xa0, 0xa3, 0x9b, 0xa8, 0x08, 0x9b, 0xa8, 0x93, 0xac, 0xb1, 0x1a, 0xb4,
0x83, 0xad, 0x7c, 0xa8, 0x1e, 0x7b, 0xa8, 0x76, 0xa2, 0x71, 0x9e, 0x70, 0x9d, 0x6d, 0x98, 0x69,
0x94, 0x68, 0x94, 0x68, 0x8f, 0x67, 0x8c, 0x08, 0xfb, 0x91, 0x06, 0x0e, 0xf8, 0x0d, 0x21, 0x1d,
0x15, 0xf7, 0x81, 0xfd, 0x6c, 0xf7, 0x94, 0xf9, 0x6c, 0x05, 0xf7, 0x7a, 0x1c, 0xfa, 0x50, 0xfb,
0x48, 0xf8, 0xd9, 0x06, 0x9a, 0xf8, 0xf4, 0xfb, 0xa1, 0xfd, 0xa4, 0x05, 0x21, 0x06, 0xfb, 0x8b,
0xf9, 0x8f, 0x9a, 0xfc, 0xdf, 0x05, 0xfc, 0xd9, 0xfb, 0x48, 0x21, 0x1d, 0x07, 0x0b, 0xf9, 0x05,
0xfa, 0x09, 0x15, 0xf7, 0xce, 0xf8, 0xcf, 0x05, 0xf7, 0x6e, 0x06, 0xfc, 0x3b, 0xfd, 0x66, 0xf8,
0x45, 0xfd, 0x72, 0x52, 0x1d, 0xf8, 0x46, 0xf9, 0x72, 0xfc, 0x3b, 0xf9, 0x66, 0x05, 0xf7, 0x6d,
0x06, 0x0e, 0xf9, 0x01, 0xf9, 0x3d, 0x15, 0xf7, 0xb5, 0xf8, 0x25, 0x05, 0xf7, 0x6d, 0x06, 0xfc,
0x27, 0xfc, 0xab, 0xf8, 0x32, 0xfc, 0xb7, 0x05, 0xfb, 0x6a, 0x06, 0xfb, 0xbf, 0xf8, 0x30, 0xfb,
0xbf, 0xfc, 0x30, 0x05, 0xfb, 0x6c, 0x06, 0xf8, 0x32, 0xf8, 0xb7, 0xfc, 0x27, 0xf8, 0xab, 0x05,
0xf7, 0x6a, 0x06, 0x0b, 0x8a, 0xae, 0x89, 0xaf, 0x87, 0xb1, 0x87, 0xb0, 0x84, 0xb1, 0x82, 0xb0,
0x81, 0xb0, 0x7e, 0xae, 0x7b, 0xad, 0x7b, 0xac, 0x77, 0xa9, 0x73, 0xa5, 0x73, 0xa4, 0x6f, 0xa0,
0x6a, 0x2b, 0x1d, 0x6a, 0x65, 0x92, 0x60, 0x1b, 0x60, 0x66, 0x83, 0x7c, 0x6a, 0x1f, 0x6a, 0x7c,
0x6f, 0x76, 0x73, 0x72, 0x73, 0x71, 0x77, 0x6d, 0x7b, 0x6a, 0x7b, 0x69, 0x7e, 0x68, 0x82, 0x66,
0x81, 0x66, 0x84, 0x65, 0x87, 0x66, 0x86, 0x65, 0x89, 0x67, 0x8a, 0x69, 0x08, 0x0b, 0x1c, 0x05,
0x83, 0x6a, 0x1d, 0x0b, 0x61, 0xa3, 0x67, 0xa2, 0x67, 0xa9, 0x6f, 0xb0, 0x76, 0x08, 0x76, 0xb0,
0xb7, 0x80, 0xbe, 0x1b, 0x0b, 0xf7, 0x34, 0xf7, 0xe9, 0x1c, 0x04, 0x6f, 0xfb, 0xe9, 0x06, 0x0b,
0x05, 0xfb, 0x6c, 0x06, 0xfb, 0xd6, 0xf8, 0xda, 0xfb, 0xd7, 0xfc, 0xda, 0x05, 0xfb, 0x6f, 0x06,
0x0b, 0x9f, 0x86, 0x9c, 0x1e, 0x86, 0x9c, 0x83, 0x0b, 0x6b, 0x1f, 0x6a, 0x93, 0x6f, 0x98, 0x73,
0x0b, 0x15, 0x6c, 0x87, 0x6a, 0x84, 0x0b, 0x1b, 0x65, 0x6e, 0x96, 0xa0, 0x78, 0x1f, 0x78, 0xa0,
0x81, 0x0b, 0xbc, 0xb0, 0xbc, 0xb9, 0xb1, 0xc0, 0xa6, 0x08, 0xa6, 0xc0, 0x0b, 0xfa, 0x14, 0x77,
0x15, 0x60, 0x64, 0x90, 0x95, 0x68, 0x1f, 0x68, 0x94, 0x6b, 0x99, 0x6f, 0x9e, 0x7a, 0x97, 0x7c,
0x98, 0x7d, 0x9a, 0x7c, 0x9a, 0x7e, 0x9b, 0x80, 0x9d, 0x7e, 0x78, 0x7d, 0x78, 0x7a, 0x7a, 0x7a,
0x79, 0x77, 0x7b, 0x75, 0x7e, 0x75, 0x7e, 0x73, 0x80, 0x70, 0x83, 0x08, 0x83, 0x70, 0x6e, 0x87,
0x6b, 0x1b, 0x5c, 0x61, 0x92, 0x9a, 0x67, 0x1f, 0x67, 0x9a, 0x6d, 0x9f, 0x72, 0xa6, 0x72, 0xa5,
0x79, 0xab, 0x7e, 0xb1, 0x08, 0x7e, 0xb0, 0x84, 0xb5, 0xb9, 0x1a, 0xc1, 0x93, 0xbc, 0x9c, 0xb6,
0x1e, 0x9c, 0xb6, 0xa3, 0xaf, 0xac, 0xa9, 0xad, 0xaa, 0xb6, 0xa2, 0xbe, 0x9c, 0x08, 0x9b, 0xbe,
0xc7, 0x93, 0xce, 0x1b, 0xca, 0xf7, 0x28, 0x06, 0xa7, 0x88, 0xa4, 0x85, 0xa1, 0x1e, 0x85, 0xa1,
0x82, 0x9d, 0x7e, 0x9a, 0x80, 0x97, 0x7e, 0x94, 0x7c, 0x92, 0x08, 0x91, 0x7c, 0x79, 0x8e, 0x76,
0x1b, 0x76, 0x77, 0x87, 0x84, 0x7a, 0x1f, 0x79, 0x84, 0x7c, 0x80, 0x7e, 0x7d, 0x7f, 0x7e, 0x82,
0x7a, 0x85, 0x78, 0x08, 0x84, 0x78, 0x88, 0x75, 0x72, 0x1a, 0xfb, 0x47, 0x93, 0x05, 0xb9, 0x93,
0xb5, 0x9a, 0xb0, 0x1e, 0x9a, 0xb0, 0xa0, 0xaa, 0xa7, 0xa6, 0xa6, 0xa5, 0xad, 0x9f, 0xb2, 0x9a,
0x08, 0x99, 0xb2, 0xb7, 0x92, 0xbb, 0x1b, 0xac, 0xaa, 0x88, 0x85, 0xa8, 0x1f, 0xa7, 0x84, 0xa5,
0x81, 0xa2, 0x7e, 0x9a, 0x83, 0x99, 0x81, 0x98, 0x80, 0x98, 0x7f, 0x96, 0x7e, 0x96, 0x7d, 0x96,
0x98, 0x96, 0x96, 0x98, 0x96, 0x97, 0x96, 0x98, 0x94, 0x98, 0x93, 0xa2, 0x9a, 0xa4, 0x96, 0xa6,
0x92, 0x08, 0x92, 0xa6, 0xa9, 0x8f, 0xaa, 0x1b, 0xc1, 0xbb, 0x82, 0x7a, 0xb4, 0x1f, 0xb4, 0x79,
0xad, 0x72, 0xa7, 0x6b, 0xa7, 0x6a, 0xa0, 0x64, 0x9a, 0x5e, 0x08, 0x99, 0x5d, 0x92, 0x58, 0x53,
0x1a, 0xfb, 0x7e, 0xfc, 0x8d, 0x35, 0x07, 0x73, 0x8d, 0x74, 0x8e, 0x76, 0x1e, 0x8e, 0x76, 0x8e,
0x77, 0x90, 0x78, 0x8f, 0x7a, 0x91, 0x7a, 0x94, 0x7b, 0x94, 0x7b, 0x96, 0x7c, 0x99, 0x7e, 0x9e,
0x79, 0xa3, 0x7d, 0xa8, 0x80, 0xa8, 0x80, 0xad, 0x85, 0xb3, 0x8c, 0x08, 0xa4, 0xa2, 0x8d, 0x90,
0x9f, 0x1f, 0x9e, 0x90, 0x9d, 0x91, 0x9b, 0x92, 0x9a, 0x92, 0x99, 0x92, 0x98, 0x93, 0x98, 0x93,
0x96, 0x93, 0x96, 0x92, 0xb9, 0xfb, 0x1c, 0x18, 0x82, 0x84, 0x7f, 0x83, 0x7c, 0x82, 0x7c, 0x81,
0x78, 0x82, 0x74, 0x82, 0x74, 0x82, 0x70, 0x84, 0x6c, 0x85, 0x08, 0x84, 0x6c, 0x67, 0x88, 0x64,
0x1b, 0xfc, 0xa1, 0xf7, 0x2a, 0x15, 0x98, 0x99, 0x8d, 0x90, 0x99, 0x1f, 0x99, 0x90, 0x99, 0x91,
0x98, 0x92, 0x96, 0x92, 0x95, 0x92, 0x95, 0x93, 0x95, 0x93, 0x94, 0x93, 0x94, 0x94, 0x08, 0x96,
0x8b, 0x98, 0x98, 0x98, 0x8b, 0x9f, 0xa8, 0xb5, 0x8b, 0xab, 0xa1, 0x1a, 0x8a, 0xa1, 0x8b, 0xac,
0xb6, 0x1a, 0x4e, 0x06, 0x68, 0x6b, 0x85, 0x80, 0x6f, 0x1f, 0x6f, 0x7f, 0x73, 0x7b, 0x78, 0x78,
0x78, 0x77, 0x7c, 0x74, 0x81, 0x72, 0x08, 0x80, 0x71, 0x86, 0x70, 0x6e, 0x1a, 0x76, 0x8e, 0x78,
0x92, 0x79, 0x1e, 0x91, 0x78, 0x94, 0x7b, 0x98, 0x7e, 0x97, 0x7d, 0x9a, 0x80, 0x9e, 0x83, 0x08,
0x83, 0x9d, 0xa0, 0x87, 0xa3, 0x1b, 0xf9, 0x1a, 0xf8, 0x92, 0x15, 0xf7, 0x14, 0x07, 0xa2, 0x88,
0xa2, 0x84, 0xa1, 0x1e, 0x84, 0xa0, 0x81, 0x9f, 0x7e, 0x9c, 0x7e, 0x9c, 0x7a, 0x98, 0x78, 0x96,
0x08, 0x95, 0x78, 0x75, 0x90, 0x72, 0x1b, 0x78, 0x79, 0x88, 0x86, 0x7b, 0x1f, 0x7a, 0x86, 0x7d,
0x83, 0x80, 0x81, 0x7c, 0x7d, 0x7e, 0x7d, 0x82, 0x7c, 0x81, 0x7c, 0x83, 0x79, 0x84, 0x77, 0x86,
0x7a, 0x87, 0x78, 0x88, 0x78, 0x08, 0x88, 0x78, 0x89, 0x77, 0x77, 0x1a, 0x46, 0x07, 0x0b, 0x15,
0x8a, 0x57, 0x87, 0x57, 0x83, 0x56, 0x82, 0x56, 0x7e, 0x57, 0x7a, 0x5a, 0x7a, 0x5a, 0x75, 0x5d,
0x70, 0x60, 0x70, 0x60, 0x6a, 0x66, 0x66, 0x6b, 0x66, 0x6b, 0x60, 0x72, 0x5b, 0x79, 0x08, 0x78,
0x5a, 0x55, 0x82, 0x4f, 0x1b, 0x4f, 0x55, 0x94, 0x9e, 0x5b, 0x1f, 0x5a, 0x9d, 0x60, 0xa4, 0x66,
0xab, 0x66, 0xab, 0x6a, 0xb1, 0x70, 0xb6, 0x70, 0xb6, 0x74, 0xb9, 0x7a, 0xbc, 0x79, 0xbc, 0x7e,
0xbe, 0x82, 0xc0, 0x82, 0xc0, 0x87, 0xbf, 0x8a, 0xbf, 0x08, 0xf7, 0x3a, 0x07, 0x8c, 0xbf, 0x8f,
0xc0, 0x94, 0xc0, 0x93, 0xc0, 0x98, 0xbe, 0x9d, 0xbc, 0x9c, 0xbc, 0xa2, 0xba, 0xa6, 0xb6, 0xa6,
0xb6, 0xab, 0xb0, 0xb0, 0xac, 0xb0, 0xab, 0xb6, 0xa4, 0xbc, 0x9e, 0x08, 0x9d, 0xbb, 0xc1, 0x94,
0xc7, 0x1b, 0xc7, 0xc1, 0x82, 0x79, 0xbc, 0x1f, 0xbc, 0x78, 0xb6, 0x72, 0xb0, 0x6b, 0xb0, 0x6b,
0xac, 0x66, 0xa6, 0x60, 0xa6, 0x60, 0xa1, 0x5c, 0x9d, 0x5a, 0x9c, 0x5a, 0x98, 0x57, 0x94, 0x56,
0x93, 0x56, 0x8f, 0x56, 0x8c, 0x57, 0x08, 0xfb, 0x4b, 0x8d, 0x15, 0x4e, 0x1d, 0xfb, 0x3c, 0x07,
0x8c, 0x69, 0x8d, 0x67, 0x90, 0x65, 0x8f, 0x65, 0x92, 0x66, 0x95, 0x66, 0x95, 0x66, 0x98, 0x67,
0x9b, 0x69, 0x9b, 0x69, 0x9f, 0x6d, 0xa3, 0x72, 0xa3, 0x71, 0xa7, 0x76, 0xac, 0x7c, 0x08, 0x7c,
0xac, 0xb1, 0x83, 0xb6, 0x1b, 0xb6, 0xb2, 0x93, 0x9a, 0xac, 0x1f, 0xac, 0x9a, 0xa7, 0xa0, 0xa3,
0xa5, 0xa2, 0xa4, 0x9f, 0xa9, 0x9b, 0xad, 0x9a, 0xac, 0x98, 0xaf, 0x95, 0xb0, 0x94, 0xb0, 0x92,
0xb0, 0x8f, 0xb1, 0x8e, 0xb1, 0x8d, 0xaf, 0x8c, 0xae, 0x08, 0x0b, 0x47, 0x7f, 0x4b, 0x73, 0x50,
0x1e, 0x73, 0x50, 0x6a, 0x57, 0x61, 0x5f, 0x61, 0x5e, 0x59, 0x68, 0x51, 0x72, 0x08, 0x71, 0x51,
0x4b, 0x7e, 0x46, 0x1b, 0x44, 0x4b, 0x98, 0xa4, 0x51, 0x1f, 0x51, 0xa4, 0x59, 0xae, 0x62, 0xb8,
0x62, 0xb7, 0x6a, 0xbf, 0x74, 0xc7, 0x74, 0xc6, 0x7f, 0xcb, 0x8a, 0xcf, 0x8d, 0xfa, 0x6e, 0x18,
0xf7, 0x44, 0x06, 0x8f, 0xfe, 0x6e, 0x8c, 0x60, 0x92, 0x61, 0x98, 0x63, 0x19, 0x98, 0x63, 0x9d,
0x68, 0xa4, 0x6c, 0xa3, 0x6c, 0xa9, 0x73, 0xb0, 0x78, 0x08, 0x78, 0xaf, 0xb5, 0x82, 0xba, 0x1b,
0xba, 0xb5, 0x94, 0x9e, 0xaf, 0x1f, 0xaf, 0x9d, 0xa9, 0xa4, 0xa4, 0xaa, 0xa3, 0xaa, 0x9d, 0xae,
0x98, 0xb3, 0x98, 0xb3, 0x92, 0xb5, 0x8c, 0xb6, 0x8e, 0xfa, 0x6e, 0x18, 0x0b, 0xf7, 0xbf, 0xfa,
0xce, 0x15, 0xf8, 0xb6, 0xfe, 0xd5, 0x06, 0x46, 0x82, 0x4d, 0x78, 0x56, 0x1e, 0x78, 0x56, 0x6f,
0x5e, 0x67, 0x67, 0x49, 0x1d, 0x81, 0x48, 0x1b, 0x76, 0x77, 0x8b, 0x8c, 0x78, 0x1f, 0x78, 0x8c,
0x78, 0x8c, 0x78, 0x8c, 0x7c, 0x8c, 0x7b, 0x8d, 0x7c, 0x8e, 0x7c, 0x8d, 0x7b, 0x8d, 0x7a, 0x8e,
0x98, 0xf7, 0x2c, 0x80, 0x1d, 0x9c, 0x7f, 0x1d, 0xaa, 0x94, 0xa5, 0x9a, 0xa2, 0xa0, 0xa2, 0xa0,
0x9d, 0xa8, 0x98, 0xae, 0x08, 0x98, 0xae, 0x91, 0xb6, 0xbe, 0x1a, 0xfa, 0x34, 0xfb, 0xfd, 0x07,
0xf7, 0xe3, 0xf8, 0x52, 0x15, 0xa9, 0x94, 0xa5, 0x9d, 0x45, 0x1d, 0xa7, 0x81, 0x76, 0x9e, 0x1f,
0x9e, 0x76, 0x94, 0x71, 0x6d, 0x1a, 0x6d, 0x82, 0x72, 0x78, 0x77, 0x1e, 0x76, 0x78, 0x6f, 0x81,
0x66, 0x1b, 0x66, 0x6f, 0x95, 0xa0, 0x79, 0x1f, 0x79, 0x9f, 0x82, 0xa4, 0xa9, 0x1a, 0x0e, 0xf9,
0x0f, 0xf7, 0x16, 0x15, 0xac, 0xac, 0x90, 0x96, 0xab, 0x1f, 0xaa, 0x96, 0xa7, 0x9a, 0xa4, 0x9e,
0xa4, 0x9e, 0x9f, 0xa1, 0x9a, 0xa5, 0x9a, 0xa4, 0x92, 0xa7, 0x8c, 0xa9, 0x08, 0xf7, 0x43, 0x06,
0x8a, 0x5b, 0x7f, 0x5d, 0x73, 0x60, 0x72, 0x5f, 0x6b, 0x65, 0x62, 0x6a, 0x62, 0x6a, 0x5d, 0x70,
0x56, 0x78, 0x08, 0x77, 0x56, 0x54, 0x81, 0x52, 0x1b, 0x39, 0x43, 0x8f, 0x1d, 0x62, 0xbc, 0x6c,
0xc5, 0x76, 0xcc, 0x08, 0x76, 0xcc, 0x81, 0xcf, 0xd3, 0x1a, 0xb5, 0x07, 0xd2, 0x95, 0xd0, 0xa0,
0xcc, 0x1e, 0xa0, 0xcc, 0xaa, 0xc5, 0xb4, 0xbd, 0xb4, 0xbc, 0xbe, 0xb3, 0xc8, 0xa8, 0x08, 0xa8,
0xc8, 0xd3, 0x9a, 0xdd, 0x1b, 0xcb, 0xc6, 0x81, 0x77, 0xc1, 0x1f, 0xc0, 0x76, 0xba, 0x70, 0xb2,
0x68, 0xb2, 0x68, 0xa9, 0x61, 0xa1, 0x5b, 0x08, 0xa1, 0x5b, 0x96, 0x58, 0x54, 0x1a, 0xfb, 0x43,
0x06, 0x8a, 0xac, 0x84, 0xaa, 0x7e, 0xa8, 0x7d, 0xa8, 0x78, 0xa4, 0x74, 0xa1, 0x74, 0xa1, 0x6f,
0x9c, 0x6b, 0x98, 0x08, 0x98, 0x6a, 0x68, 0x91, 0x66, 0x1b, 0x0b, 0x5f, 0xad, 0x67, 0xb3, 0x70,
0xba, 0x08, 0x6f, 0xb9, 0x7d, 0xc1, 0xca, 0x1a, 0xca, 0x99, 0xc3, 0xa7, 0xbc, 0x1e, 0xa6, 0xbc,
0xaf, 0xb5, 0xb8, 0xad, 0xb8, 0xad, 0xbd, 0xa5, 0xc4, 0x9d, 0x08, 0x9c, 0xc4, 0xc4, 0x94, 0xc4,
0x1b, 0xca, 0xc8, 0x81, 0x76, 0xc6, 0x1f, 0xc6, 0x76, 0xbf, 0x6d, 0xb8, 0x65, 0xb8, 0x65, 0xb0,
0x5d, 0xa6, 0x55, 0xa6, 0x55, 0x9a, 0x4f, 0x8c, 0x48, 0x08, 0xfb, 0x52, 0x06, 0x86, 0xb5, 0x80,
0xb1, 0x7c, 0xae, 0x7c, 0xad, 0x76, 0xa8, 0x72, 0xa4, 0x72, 0xa4, 0x6d, 0x9e, 0x68, 0x99, 0x08,
0x98, 0x68, 0x63, 0x92, 0x5f, 0x1b, 0x68, 0x68, 0x86, 0x81, 0x6a, 0x1f, 0x69, 0x81, 0x6d, 0x7c,
0x71, 0x77, 0x70, 0x77, 0x76, 0x72, 0x7c, 0x6e, 0x08, 0x7b, 0x6e, 0x83, 0x69, 0x64, 0x1a, 0x8c,
0x61, 0x95, 0x68, 0xa0, 0x6e, 0xa0, 0x6e, 0xa5, 0x72, 0xab, 0x77, 0xaa, 0x77, 0xae, 0x7a, 0xb0,
0x7e, 0xb0, 0x7e, 0xad, 0x7f, 0xac, 0x81, 0x0b, 0x89, 0x1d, 0xfc, 0xe0, 0x61, 0x1d, 0xf8, 0xe0,
0xfb, 0xb0, 0xf7, 0x23, 0xf7, 0xb0, 0xf7, 0x9a, 0x07, 0x0b, 0x15, 0xfc, 0xdc, 0xfb, 0x4d, 0x21,
0x1d, 0xf8, 0x6c, 0x07, 0xcc, 0x8a, 0xc9, 0x80, 0xc6, 0x78, 0xc5, 0x78, 0xbe, 0x6f, 0xb7, 0x66,
0xb7, 0x66, 0xae, 0x5e, 0xa5, 0x55, 0x08, 0xa4, 0x55, 0x98, 0x4d, 0x45, 0x1a, 0x45, 0x7e, 0x4d,
0x72, 0x56, 0x1e, 0x71, 0x55, 0x68, 0x5e, 0x5f, 0x66, 0x5f, 0x66, 0x58, 0x6f, 0x51, 0x78, 0x50,
0x78, 0x4d, 0x81, 0x4a, 0x8a, 0x08, 0xfb, 0xb3, 0xf7, 0x2c, 0x15, 0xf7, 0xb3, 0x06, 0xb6, 0x8c,
0xb2, 0x92, 0xaf, 0x98, 0xaf, 0x98, 0xaa, 0x9d, 0xa6, 0xa3, 0xa6, 0xa3, 0xa0, 0xa8, 0x9a, 0xae,
0x08, 0x9a, 0xad, 0x92, 0xb2, 0xb7, 0x1a, 0xb7, 0x84, 0xb3, 0x7c, 0xae, 0x1e, 0x7c, 0xae, 0x76,
0xa9, 0x71, 0xa4, 0x70, 0xa4, 0x6c, 0x9e, 0x67, 0x98, 0x66, 0x98, 0x64, 0x92, 0x60, 0x8c, 0x08,
0xfb, 0xb3, 0x06, 0x0e, 0x7f, 0x57, 0x9e, 0x88, 0x9e, 0x85, 0x9e, 0x83, 0x19, 0x9d, 0x83, 0x9b,
0x80, 0x9a, 0x7e, 0x99, 0x7e, 0x96, 0x7a, 0x94, 0x77, 0x08, 0x94, 0x76, 0x8f, 0x73, 0x6e, 0x1a,
0x66, 0x82, 0x6a, 0x79, 0x6e, 0x1e, 0x79, 0x6e, 0x71, 0x74, 0x6a, 0x79, 0x72, 0x7e, 0x6e, 0x81,
0x6a, 0x28, 0x1d, 0x69, 0x66, 0x87, 0x62, 0x1b, 0x84, 0xf6, 0x05, 0xa2, 0xa0, 0x8d, 0x8f, 0x9f,
0x1f, 0x9f, 0x8e, 0x9d, 0x91, 0x9a, 0x93, 0x9a, 0x93, 0x97, 0x95, 0x94, 0x98, 0x08, 0x94, 0x97,
0x8f, 0x9a, 0x9d, 0x1a, 0x9c, 0x88, 0x99, 0x84, 0x96, 0x1e, 0x84, 0x96, 0x81, 0x95, 0x7e, 0x92,
0x7d, 0x92, 0x7a, 0x90, 0x77, 0x8f, 0x77, 0x8f, 0x74, 0x8e, 0x70, 0x8d, 0xaa, 0xf7, 0x1a, 0x18,
0x0e, 0x07, 0x61, 0x90, 0x68, 0x96, 0x70, 0x1e, 0x96, 0x70, 0x99, 0x75, 0x9e, 0x7b, 0x9e, 0x7a,
0xa0, 0x80, 0xa4, 0x28, 0x1d, 0xa3, 0xa5, 0x88, 0xa6, 0x1b, 0x9f, 0xa0, 0x8c, 0x8e, 0xa0, 0x1f,
0xa0, 0x8d, 0xa0, 0x8e, 0xa0, 0x8e, 0x9f, 0x8e, 0x9e, 0x8f, 0x9d, 0x8f, 0x9c, 0x8e, 0x9a, 0x8e,
0x96, 0x8e, 0xa5, 0xfb, 0x17, 0x18, 0x7c, 0x82, 0x78, 0x83, 0x75, 0x84, 0x75, 0x84, 0x73, 0x85,
0x71, 0x86, 0x71, 0x86, 0x70, 0x87, 0x6e, 0x88, 0x08, 0x88, 0x6e, 0x6e, 0x8a, 0x6e, 0x1b, 0x5b,
0x5e, 0x92, 0x99, 0x62, 0x1f, 0x61, 0x98, 0x67, 0xa1, 0x6c, 0xa9, 0x6c, 0xa8, 0x73, 0xb2, 0x7a,
0xba, 0x08, 0x79, 0xba, 0x82, 0xc3, 0xce, 0x1a, 0x0b, 0x2f, 0x1d, 0xf7, 0xec, 0xf8, 0x51, 0x15,
0x9b, 0x8e, 0x9a, 0x90, 0x99, 0x1e, 0x90, 0x99, 0x92, 0x97, 0x96, 0x95, 0x94, 0x94, 0x96, 0x92,
0x99, 0x90, 0x08, 0x90, 0x98, 0x9b, 0x8d, 0x9c, 0x1b, 0x9c, 0x9b, 0x89, 0x86, 0x98, 0x1f, 0x98,
0x86, 0x96, 0x84, 0x94, 0x82, 0x96, 0x82, 0x93, 0x7f, 0x90, 0x7d, 0x08, 0x90, 0x7d, 0x8e, 0x7c,
0x7a, 0x77, 0x1d, 0x0b, 0x15, 0xfb, 0x4e, 0xfa, 0x6d, 0xf7, 0x4e, 0x06, 0xfb, 0x60, 0x1c, 0xfa,
0xb1, 0x15, 0x31, 0x1d, 0xa7, 0x96, 0xb1, 0x1b, 0xb1, 0xa8, 0x80, 0x76, 0x9f, 0x1f, 0x9e, 0x76,
0x36, 0x1d, 0x72, 0x78, 0x76, 0x1e, 0x76, 0x77, 0x6e, 0x81, 0x65, 0x1b, 0x65, 0x6f, 0x95, 0xa0,
0x78, 0x1f, 0x78, 0xa0, 0x81, 0xa4, 0xaa, 0x1a, 0x0b, 0x08, 0xf7, 0x51, 0x06, 0x91, 0x5e, 0x97,
0x63, 0x9e, 0x68, 0x9e, 0x68, 0xa3, 0x6d, 0xa8, 0x73, 0xa8, 0x72, 0xad, 0x79, 0xb2, 0x7f, 0x08,
0x7e, 0xb1, 0xb5, 0x85, 0xb8, 0x1b, 0xaf, 0xaf, 0x90, 0x94, 0xae, 0x1f, 0xae, 0x94, 0xaa, 0x99,
0xa6, 0x9e, 0xa6, 0x9e, 0xa2, 0xa3, 0x9c, 0xa8, 0x08, 0x9c, 0xa8, 0x94, 0xad, 0xb3, 0x1a, 0x0b,
0x70, 0x1d, 0x3e, 0x47, 0x99, 0xa7, 0x4e, 0x1f, 0x4e, 0xa7, 0x57, 0xb2, 0x61, 0xbc, 0x60, 0xbc,
0x6b, 0xc5, 0x74, 0xce, 0x08, 0x74, 0xce, 0x80, 0xd3, 0xd9, 0x1a, 0x0b, 0xf9, 0x74, 0x4f, 0x1d,
0x0e, 0x15, 0xa9, 0x94, 0xa4, 0x9e, 0xa0, 0x1e, 0xa0, 0x9d, 0xa6, 0x95, 0xaf, 0x1b, 0xaf, 0xa6,
0x81, 0x76, 0x9e, 0x1f, 0x9e, 0x76, 0x94, 0x72, 0x6d, 0x1a, 0x6e, 0x40, 0x1d, 0x67, 0x1b, 0x67,
0x70, 0x95, 0xa0, 0x79, 0x1f, 0x78, 0x9f, 0x82, 0xa4, 0xa8, 0x1a, 0x0e, 0x6a, 0x1d, 0x0e, 0xf8,
0x86, 0xf8, 0x8d, 0x15, 0xfb, 0x1c, 0xfb, 0x17, 0x05, 0xfc, 0x0a, 0xfb, 0x4e, 0x1c, 0x06, 0x00,
0xf7, 0x4e, 0xfe, 0x40, 0x76, 0x1d, 0x0b, 0x55, 0x1d, 0x68, 0x1e, 0x83, 0x68, 0x80, 0x69, 0x7c,
0x6a, 0x7c, 0x69, 0x78, 0x6b, 0x76, 0x6c, 0x76, 0x6c, 0x72, 0x70, 0x6f, 0x73, 0x26, 0xd3, 0x18,
0xaa, 0xba, 0xa3, 0xbc, 0x9b, 0xbc, 0x08, 0x9a, 0xbc, 0x93, 0xc1, 0xc4, 0x1a, 0xf7, 0x2a, 0xf7,
0x49, 0x07, 0x0b, 0xf8, 0x8d, 0x1c, 0x05, 0x93, 0x15, 0x76, 0xfc, 0x06, 0x05, 0xfb, 0x16, 0x8d,
0x1d, 0xf7, 0xf9, 0xfb, 0x01, 0x15, 0x76, 0xfc, 0x06, 0x05, 0xfb, 0x15, 0x8d, 0x1d, 0x0e, 0x1e,
0x83, 0x68, 0x80, 0x69, 0x7c, 0x6a, 0x7c, 0x6a, 0x78, 0x6b, 0x76, 0x6c, 0x76, 0x6c, 0x72, 0x6f,
0x6f, 0x73, 0x22, 0xd4, 0x18, 0xaa, 0xba, 0xa3, 0xbb, 0x9b, 0xbc, 0x08, 0x9a, 0xbc, 0x93, 0xc1,
0xc4, 0x1a, 0xf7, 0x2b, 0xf7, 0x4d, 0x07, 0x0b, 0x15, 0xeb, 0xfb, 0x09, 0x2b, 0xfb, 0x2c, 0xfb,
0x21, 0xf7, 0x2c, 0xfb, 0xe6, 0x06, 0x86, 0xe7, 0xf7, 0xe7, 0xf8, 0x66, 0x05, 0xf7, 0x25, 0x06,
0xfb, 0xea, 0xfc, 0x4d, 0x15, 0xf7, 0x5d, 0xf7, 0x98, 0x06, 0x7c, 0x72, 0x05, 0x0b, 0xf8, 0xb3,
0x16, 0xfc, 0x51, 0xfa, 0xce, 0x05, 0xf7, 0x52, 0x06, 0xf7, 0xca, 0xfd, 0xc4, 0x9c, 0x48, 0x9d,
0xce, 0xf7, 0xc3, 0xf9, 0xc4, 0x05, 0xf7, 0x51, 0x06, 0xfc, 0x4d, 0xfe, 0xce, 0x05, 0x0e, 0x15,
0x66, 0x67, 0x84, 0x7e, 0x6a, 0x1f, 0x6a, 0x7d, 0x6d, 0x77, 0x70, 0x71, 0x70, 0x70, 0x75, 0x6b,
0x79, 0x65, 0x78, 0x64, 0x7e, 0x5f, 0x84, 0x59, 0x08, 0xf8, 0xda, 0x0b, 0x1a, 0x75, 0x07, 0x3d,
0x80, 0x43, 0x74, 0x48, 0x1e, 0x74, 0x48, 0x6b, 0x51, 0x61, 0x5a, 0x60, 0x5a, 0x58, 0x64, 0x4e,
0x6f, 0x08, 0x6f, 0x4e, 0x47, 0x7d, 0x3f, 0x1b, 0x0b, 0x8c, 0x08, 0xc4, 0xbe, 0x83, 0x7b, 0xba,
0x1f, 0xb9, 0x7a, 0xb2, 0x72, 0xac, 0x68, 0xac, 0x68, 0xa4, 0x60, 0x9d, 0x56, 0x08, 0x9c, 0x56,
0x94, 0x4c, 0x42, 0x1a, 0x0b, 0xf9, 0x35, 0x15, 0xfc, 0xf4, 0xfc, 0x98, 0xf9, 0x59, 0xfb, 0x31,
0xfe, 0x12, 0x84, 0x1d, 0x0b, 0x1b, 0xbe, 0xb7, 0x96, 0xa0, 0xb2, 0x1f, 0xb1, 0xa0, 0xab, 0xa8,
0xa5, 0xb0, 0xa4, 0xb0, 0x9e, 0xb5, 0x98, 0xbc, 0x08, 0x98, 0xbb, 0x91, 0xbe, 0xc0, 0x1a, 0x0b,
0x1b, 0x4a, 0x50, 0x99, 0xa7, 0x56, 0x1f, 0x56, 0xa7, 0x5d, 0xb2, 0x66, 0xbc, 0x66, 0xbc, 0x6e,
0xc6, 0x76, 0xce, 0x08, 0x76, 0xce, 0x81, 0xd3, 0xd8, 0x1a, 0x0b, 0x15, 0xf7, 0x96, 0xfc, 0x21,
0x05, 0xfb, 0x21, 0x06, 0xfb, 0xbb, 0xf8, 0x18, 0x05, 0x9e, 0x07, 0xf7, 0xbb, 0xf8, 0x19, 0x05,
0xf7, 0x21, 0x06, 0x0e, 0x07, 0xf7, 0x0d, 0xf7, 0x16, 0xf7, 0xf7, 0xf7, 0xf8, 0x05, 0xf7, 0x75,
0x06, 0xfc, 0x4a, 0xfc, 0x57, 0xf8, 0x8d, 0xfd, 0x0b, 0x05, 0xfb, 0x7f, 0x06, 0x0b, 0x8b, 0x1d,
0x66, 0x1b, 0x66, 0x6f, 0x8e, 0x1d, 0x0b, 0x1c, 0x06, 0x00, 0x15, 0xf8, 0xbd, 0x1c, 0xfa, 0xa0,
0xf7, 0xf5, 0xfb, 0x34, 0xfe, 0x1e, 0xf7, 0x34, 0xf8, 0x04, 0x1c, 0x04, 0xbf, 0xfc, 0x04, 0x06,
0x0b, 0x9f, 0x1a, 0xb7, 0x07, 0x9f, 0x89, 0x9f, 0x88, 0x9e, 0x1e, 0x87, 0x9e, 0x85, 0x9c, 0x83,
0x9a, 0x82, 0x9a, 0x80, 0x97, 0x7e, 0x94, 0x08, 0x94, 0x0b, 0xf9, 0x21, 0x1c, 0x05, 0x91, 0x15,
0x76, 0xfc, 0x04, 0x05, 0xfb, 0x1e, 0x06, 0x8c, 0xf7, 0xf4, 0x05, 0xf7, 0x13, 0xf7, 0x32, 0x07,
0x0e, 0x5c, 0xac, 0x55, 0xa4, 0x08, 0xa3, 0x54, 0x51, 0x97, 0x4c, 0x1b, 0x4c, 0x50, 0x7f, 0x73,
0x55, 0x1f, 0x54, 0x72, 0x5c, 0x6a, 0x63, 0x0b, 0x77, 0x87, 0x82, 0x7b, 0x1f, 0x7a, 0x82, 0x7e,
0x7f, 0x81, 0x7c, 0x80, 0x7c, 0x84, 0x79, 0x86, 0x78, 0x08, 0x86, 0x0b, 0x08, 0xf9, 0x76, 0x06,
0x8a, 0xfb, 0x2b, 0x05, 0xfe, 0x9a, 0xf7, 0x2b, 0xd6, 0x06, 0x9d, 0x90, 0x9a, 0x96, 0x0b, 0x21,
0x1d, 0x15, 0xfa, 0x04, 0xfb, 0x35, 0xfb, 0xf1, 0x1c, 0xfb, 0x91, 0xf7, 0xf1, 0xfb, 0x34, 0x0b,
0x9c, 0x8a, 0x9c, 0x1b, 0x8a, 0x9b, 0x98, 0x8b, 0x94, 0x1b, 0xae, 0xab, 0x90, 0x94, 0xaa, 0x1f,
0x0b, 0x18, 0x96, 0x89, 0x9a, 0x89, 0x9c, 0x8a, 0x9c, 0x89, 0x9d, 0x8a, 0x9d, 0x8a, 0x08, 0x8a,
0x0b, 0x99, 0x42, 0x3d, 0x1a, 0x3d, 0x7d, 0x42, 0x70, 0x47, 0x1e, 0x70, 0x46, 0x65, 0x50, 0x5c,
0x0b, 0x1c, 0x04, 0x8c, 0x8a, 0x1d, 0x9a, 0x9e, 0x97, 0xa1, 0x95, 0xa2, 0x08, 0xf9, 0x9c, 0xf7,
0x4e, 0xfe, 0xce, 0x07, 0x0b, 0x21, 0x1d, 0xfa, 0x09, 0xfb, 0x32, 0xfd, 0x50, 0xfc, 0x68, 0xf8,
0xf4, 0x06, 0x0b, 0xfa, 0x6b, 0xf8, 0xc5, 0x15, 0xfd, 0x91, 0xf7, 0x2c, 0xf9, 0x91, 0x06, 0x0e,
0x82, 0x6f, 0x7d, 0x72, 0x7a, 0x77, 0x7e, 0x79, 0x7b, 0x7a, 0x7a, 0x7a, 0x79, 0x0b, 0x15, 0x77,
0x8d, 0x77, 0x8f, 0x78, 0x1e, 0x8e, 0x78, 0x91, 0x7a, 0x94, 0x7c, 0x0b, 0x08, 0x95, 0x69, 0x90,
0x67, 0x66, 0x1a, 0x5f, 0x07, 0x66, 0x86, 0x67, 0x0b, 0x1c, 0x05, 0x40, 0x15, 0xfb, 0x9a, 0xf8,
0x30, 0xfb, 0x23, 0xfc, 0x30, 0x0b, 0xf9, 0x1f, 0x15, 0xfe, 0xd1, 0xf7, 0x2b, 0xfa, 0xd1, 0x06,
0x0e, 0x1a, 0x6d, 0x82, 0x72, 0x78, 0x77, 0x1e, 0x77, 0x78, 0x70, 0x81, 0x0b, 0xce, 0x81, 0xd3,
0xd8, 0x1a, 0xf7, 0x4d, 0x16, 0x56, 0x91, 0x59, 0x0b, 0x06, 0x8c, 0xf7, 0xf6, 0x05, 0xf7, 0x11,
0xf7, 0x2a, 0x07, 0x0b, 0x95, 0x9f, 0x79, 0x1f, 0x78, 0x9f, 0x82, 0xa4, 0xa9, 0x1a, 0x0b, 0x9a,
0xa8, 0x4e, 0x1f, 0x4e, 0xa8, 0x58, 0xb3, 0x62, 0xbd, 0x0b, 0xbb, 0x08, 0x96, 0xbb, 0x91, 0xbd,
0xc0, 0x1a, 0x0e, 0x01, 0x00, 0x01, 0x00, 0x00, 0x22, 0x19, 0x00, 0x42, 0x19, 0x00, 0x11, 0x09,
0x00, 0x96, 0x00, 0x00, 0xa4, 0x00, 0x00, 0xa9, 0x00, 0x00, 0x8b, 0x00, 0x00, 0x8f, 0x00, 0x00,
0x9b, 0x00, 0x00, 0x9e, 0x00, 0x00, 0xa3, 0x00, 0x00, 0x8a, 0x00, 0x00, 0x90, 0x00, 0x00, 0x8e,
0x00, 0x00, 0x94, 0x00, 0x00, 0xa7, 0x00, 0x00, 0x9d, 0x00, 0x00, 0xa2, 0x00, 0x00, 0x95, 0x00,
0x00, 0x05, 0x00, 0x00, 0x61, 0x01, 0x00, 0x64, 0x01, 0x00, 0x67, 0x00, 0x00, 0x02, 0x00, 0x00,
0x60, 0x00, 0x00, 0x20, 0x00, 0x00, 0x7b, 0x00, 0x00, 0x0d, 0x00, 0x00, 0x0f, 0x00, 0x00, 0x1b,
0x01, 0x00, 0x79, 0x00, 0x00, 0x72, 0x00, 0x00, 0x74, 0x00, 0x00, 0x40, 0x00, 0x00, 0x0e, 0x00,
0x00, 0x6f, 0x00, 0x00, 0x89, 0x00, 0x00, 0x68, 0x00, 0x00, 0x03, 0x00, 0x00, 0x41, 0x00, 0x00,
0x08, 0x00, 0x00, 0x75, 0x00, 0x00, 0x69, 0x00, 0x00, 0x77, 0x00, 0x00, 0x76, 0x00, 0x00, 0x09,
0x01, 0x00, 0x3c, 0x00, 0x00, 0x3e, 0x00, 0x00, 0x5c, 0x00, 0x00, 0x5e, 0x00, 0x00, 0x6b, 0x01,
0x00, 0x0c, 0x00, 0x00, 0xa6, 0x00, 0x00, 0x9c, 0x00, 0x00, 0xa8, 0x00, 0x00, 0x9f, 0x00, 0x00,
0x1e, 0x00, 0x01, 0x87, 0x00, 0x00, 0x1d, 0x00, 0x00, 0x1f, 0x00, 0x01, 0x88, 0x01, 0x00, 0x97,
0x00, 0x00, 0x10, 0x00, 0x00, 0x3d, 0x00, 0x00, 0x06, 0x00, 0x00, 0x7a, 0x00, 0x00, 0x5d, 0x00,
0x00, 0xa0, 0x00, 0x00, 0x70, 0x01, 0x00, 0xaa, 0x00, 0x00, 0xa5, 0x00, 0x00, 0x99, 0x00, 0x00,
0xa1, 0x00, 0x00, 0x0b, 0x00, 0x00, 0x04, 0x00, 0x00, 0x07, 0x00, 0x00, 0x21, 0x00, 0x00, 0x66,
0x00, 0x00, 0x73, 0x00, 0x00, 0x3f, 0x00, 0x00, 0x5f, 0x00, 0x00, 0xab, 0x0a, 0x00, 0x9a, 0x00,
0x00, 0xb6, 0x08, 0x00, 0x8d, 0x00, 0x00, 0xbf, 0x00, 0x00, 0xc1, 0x05, 0x00, 0xc8, 0x13, 0x00,
0x93, 0x00, 0x00, 0xdc, 0x00, 0x00, 0xde, 0x05, 0x00, 0x7c, 0x04, 0x00, 0x83, 0x00, 0x00, 0x85,
0x00, 0x00, 0x6a, 0x00, 0x00, 0x98, 0x00, 0x00, 0x78, 0x00, 0x00, 0x91, 0x00, 0x01, 0x8a, 0x05,
0x00, 0xdf, 0x02, 0x00, 0x01, 0x00, 0x02, 0x00, 0x03, 0x00, 0x06, 0x00, 0x08, 0x00, 0x0b, 0x00,
0x0e, 0x00, 0x11, 0x00, 0x14, 0x00, 0x17, 0x00, 0x1a, 0x00, 0x1d, 0x00, 0x1f, 0x00, 0x22, 0x00,
0x25, 0x00, 0x27, 0x00, 0x2a, 0x00, 0x2d, 0x00, 0x2f, 0x01, 0x74, 0x01, 0x77, 0x01, 0x7a, 0x01,
0x7d, 0x01, 0x80, 0x01, 0xa0, 0x01, 0xa3, 0x01, 0xa5, 0x01, 0xa8, 0x01, 0xab, 0x01, 0xae, 0x02,
0xbf, 0x02, 0xc2, 0x02, 0xc7, 0x02, 0xca, 0x03, 0x3d, 0x03, 0x40, 0x03, 0x42, 0x03, 0x44, 0x03,
0x46, 0x03, 0x49, 0x03, 0x4c, 0x03, 0x4f, 0x03, 0x52, 0x03, 0x55, 0x03, 0x57, 0x04, 0x2d, 0x04,
0x30, 0x04, 0x33, 0x04, 0x36, 0x04, 0x39, 0x04, 0x3b, 0x04, 0x3e, 0x04, 0x40, 0x04, 0x43, 0x04,
0x46, 0x05, 0x42, 0x05, 0x5b, 0x06, 0x09, 0x07, 0x45, 0x07, 0x71, 0x08, 0x38, 0x09, 0x49, 0x09,
0x66, 0x0b, 0x02, 0x0c, 0x16, 0x0c, 0x2f, 0x0c, 0xdf, 0x0e, 0x1a, 0x0f, 0x47, 0x10, 0x1f, 0x10,
0xd9, 0x10, 0xec, 0x12, 0x2c, 0x12, 0x2e, 0x12, 0x30, 0x12, 0xf0, 0x14, 0xc9, 0x15, 0xf9, 0x16,
0x6d, 0x17, 0x46, 0x18, 0x95, 0x19, 0xd9, 0x1a, 0xb9, 0x1b, 0x6b, 0x1b, 0xad, 0x1c, 0x64, 0x1d,
0x66, 0x1d, 0x6c, 0x1d, 0x9f, 0x1e, 0x94, 0x1f, 0x71, 0x1f, 0x98, 0x1f, 0x9d, 0x1f, 0xa7, 0x1f,
0xb4, 0x1f, 0xc3, 0x1f, 0xd6, 0x20, 0x42, 0x20, 0x48, 0x20, 0x4a, 0x20, 0x4f, 0x20, 0x51, 0x20,
0x53, 0x20, 0x55, 0x20, 0x5d, 0x20, 0x5f, 0x20, 0x68, 0x20, 0x76, 0x20, 0x7e, 0x20, 0x8a, 0x21,
0x2c, 0x21, 0xce, 0x21, 0xe6, 0x21, 0xfe, 0x22, 0xac, 0x23, 0x8b, 0x23, 0x91, 0x23, 0xaf, 0x23,
0xcc, 0x23, 0xd2, 0x23, 0xf5, 0x24, 0x28, 0x24, 0x50, 0x24, 0x67, 0x24, 0xa3, 0x24, 0xc6, 0x24,
0xe7, 0x25, 0x0e, 0x25, 0x33, 0x25, 0x44, 0x25, 0x56, 0x25, 0x67, 0x26, 0xdc, 0x28, 0x5e, 0x28,
0x6c, 0x28, 0x83, 0x28, 0xa0, 0x28, 0xcb, 0x2a, 0x47, 0x2b, 0x54, 0x2b, 0x90, 0x2c, 0x62, 0x2c,
0x9a, 0x2c, 0xed, 0x2e, 0x94, 0x30, 0x81, 0x32, 0xcd, 0x33, 0x0d, 0x33, 0x30, 0x34, 0x01, 0x34,
0x08, 0x34, 0x10, 0x34, 0x18, 0x34, 0x1f, 0x34, 0x27, 0x34, 0x2f, 0x34, 0x37, 0x34, 0x3f, 0x34,
0x46, 0x34, 0x4e, 0x34, 0x56, 0x34, 0x58, 0x34, 0x60, 0x34, 0x81, 0x34, 0x88, 0x34, 0x99, 0x34,
0xa1, 0x34, 0xaa, 0x34, 0xb1, 0x34, 0xb9, 0x34, 0xc1, 0x34, 0xc4, 0x34, 0xcc, 0x34, 0xd4, 0x34,
0xf4, 0x35, 0x2f, 0x35, 0x3f, 0x35, 0x47, 0x35, 0x4e, 0x35, 0x57, 0x35, 0x60, 0x35, 0x69, 0x35,
0x7a, 0x35, 0x83, 0x35, 0x8c, 0x35, 0x93, 0x35, 0x9a, 0x35, 0xa2, 0x35, 0xaa, 0x35, 0xb1, 0x35,
0xb9, 0x35, 0xc1, 0x35, 0xc9, 0x35, 0xd1, 0x35, 0xda, 0x35, 0xe2, 0x35, 0xea, 0x35, 0xf1, 0x35,
0xf9, 0x35, 0xfc, 0x36, 0x04, 0x36, 0x0d, 0x36, 0x16, 0x36, 0x1f, 0x36, 0x28, 0x36, 0x31, 0x36,
0x39, 0x36, 0x49, 0x36, 0x50, 0x36, 0x57, 0x36, 0x5e, 0x36, 0x65, 0x36, 0x6c, 0x36, 0xdc, 0x36,
0xfd, 0x36, 0xff, 0x37, 0x38, 0x37, 0x3b, 0x38, 0x00, 0x3a, 0x3c, 0x3b, 0x22, 0x3b, 0x23, 0x3b,
0x25, 0x3b, 0x27, 0x0e, 0x0e, 0x20, 0x0a, 0x0e, 0x4a, 0x1d, 0x2e, 0x0a, 0x0e, 0x52, 0x0a, 0x0e,
0x22, 0x0a, 0x0e, 0x62, 0x0a, 0x0e, 0x3c, 0x1d, 0x0e, 0x3a, 0x1d, 0x0e, 0x25, 0x0a, 0x0e, 0x57,
0x0a, 0x43, 0x1d, 0x0e, 0x37, 0x0a, 0x0e, 0x44, 0x0a, 0x35, 0x0a, 0x0e, 0x23, 0x0a, 0x0e, 0x43,
0x0a, 0x1c, 0x04, 0x6e, 0xf9, 0x2b, 0x15, 0x8a, 0x55, 0x87, 0x55, 0x82, 0x54, 0x82, 0x54, 0x7e,
0x57, 0x7a, 0x58, 0x79, 0x58, 0x74, 0x5c, 0x70, 0x5f, 0x6f, 0x5e, 0x6a, 0x65, 0x64, 0x6a, 0xf7,
0x8f, 0xfb, 0x65, 0x18, 0xfb, 0x13, 0xfb, 0x0d, 0xfb, 0xb4, 0xf7, 0x88, 0x76, 0x85, 0x76, 0x87,
0x75, 0x88, 0x19, 0x88, 0x74, 0x74, 0x89, 0x73, 0x1b, 0x4d, 0x53, 0x95, 0x9e, 0x5a, 0x1f, 0x5a,
0x9e, 0x5f, 0xa4, 0x65, 0xac, 0x64, 0xac, 0x6a, 0xb1, 0x6f, 0xb8, 0x6f, 0xb7, 0x74, 0xba, 0x79,
0xbe, 0x79, 0xbe, 0x7e, 0xbf, 0x82, 0xc2, 0x82, 0xc1, 0x87, 0xc1, 0x8a, 0xc0, 0x08, 0xf7, 0x14,
0x07, 0x8c, 0xc0, 0x8f, 0xc1, 0x94, 0xc2, 0x94, 0xc2, 0x98, 0xbf, 0x9d, 0xbe, 0x9d, 0xbe, 0xa2,
0xba, 0xa6, 0xb8, 0xa6, 0xb7, 0xac, 0xb2, 0xb2, 0xac, 0xb1, 0xac, 0xb7, 0xa5, 0xbd, 0x9e, 0x08,
0x9e, 0xbc, 0xc3, 0x94, 0xc9, 0x1b, 0xc9, 0xc3, 0x82, 0x78, 0xbd, 0x1f, 0xbc, 0x78, 0xb7, 0x71,
0xb2, 0x6a, 0xb1, 0x6a, 0xac, 0x65, 0xa7, 0x5f, 0xa6, 0x5e, 0xa2, 0x5c, 0x9d, 0x58, 0x9c, 0x58,
0x98, 0x57, 0x94, 0x54, 0x94, 0x54, 0x8f, 0x54, 0x8c, 0x56, 0x08, 0xfb, 0x4c, 0x8d, 0x15, 0x8a,
0xb0, 0x89, 0xb1, 0x88, 0xb3, 0x87, 0xb2, 0x84, 0xb2, 0x82, 0xb2, 0x81, 0xb1, 0x7e, 0xaf, 0x7b,
0xae, 0x7a, 0xae, 0x77, 0xa9, 0x72, 0xa6, 0x72, 0xa5, 0x6e, 0xa0, 0x69, 0x2b, 0x1d, 0x68, 0x63,
0x93, 0x5d, 0x1b, 0x5e, 0x63, 0x83, 0x7c, 0x69, 0x1f, 0x69, 0x7b, 0x6e, 0x76, 0x72, 0x71, 0x72,
0x70, 0x77, 0x6d, 0x7b, 0x68, 0x7a, 0x68, 0x7e, 0x67, 0x81, 0x65, 0x81, 0x64, 0x84, 0x64, 0x87,
0x64, 0x08, 0x86, 0x63, 0x89, 0x65, 0x67, 0x1a, 0xfb, 0x16, 0x07, 0x67, 0x8d, 0x65, 0x90, 0x64,
0x1e, 0x8f, 0x63, 0x92, 0x64, 0x95, 0x64, 0x95, 0x64, 0x98, 0x67, 0x9c, 0x68, 0x9b, 0x68, 0x9f,
0x6d, 0xa4, 0x70, 0xa4, 0x70, 0xa8, 0x76, 0xae, 0x7c, 0x08, 0x7b, 0xad, 0xb3, 0x83, 0xb8, 0x1b,
0xb9, 0xb3, 0x93, 0x9b, 0xae, 0x1f, 0xad, 0x9a, 0xa8, 0xa0, 0xa4, 0xa6, 0xa4, 0xa5, 0x9f, 0xa9,
0x9b, 0xae, 0x9b, 0xae, 0x98, 0xaf, 0x95, 0xb2, 0x94, 0xb2, 0x92, 0xb2, 0x8f, 0xb3, 0x8e, 0xb2,
0x8d, 0xb1, 0x8c, 0xb0, 0x08, 0x0e, 0x38, 0x0a, 0x0e, 0x33, 0x0a, 0x0e, 0x31, 0x0a, 0x0e, 0x2c,
0x1d, 0x0e, 0xf8, 0xa7, 0x16, 0xfc, 0x60, 0x21, 0x1d, 0x05, 0xf7, 0x5a, 0x06, 0xf7, 0xd4, 0xfe,
0xd3, 0xa0, 0x44, 0xa1, 0xd4, 0xf7, 0xd6, 0xfa, 0xd1, 0x05, 0xf7, 0x59, 0x06, 0xfc, 0x5f, 0x30,
0x0a, 0x0e, 0x3e, 0x1d, 0x0e, 0x4c, 0x1d, 0x2b, 0x0a, 0x0e, 0x36, 0x0a, 0x0e, 0x24, 0x1d, 0x0e,
0xfa, 0xd7, 0xf8, 0xa5, 0x15, 0x5c, 0x88, 0x5d, 0x84, 0x60, 0x1e, 0x84, 0x5f, 0x80, 0x62, 0x7e,
0x65, 0x79, 0x59, 0x74, 0x5e, 0x6e, 0x64, 0x6e, 0x63, 0x68, 0x6a, 0x62, 0x71, 0x6e, 0x79, 0x6b,
0x7d, 0x68, 0x81, 0x08, 0x81, 0x68, 0x65, 0x86, 0x62, 0x1b, 0x5c, 0x61, 0x91, 0x96, 0x65, 0x1f,
0x64, 0x96, 0x69, 0x9c, 0x6c, 0xa0, 0x7c, 0x96, 0x7d, 0x96, 0x7e, 0x98, 0x7e, 0x98, 0x7e, 0x99,
0x7f, 0x9a, 0x82, 0xfb, 0x0f, 0x18, 0xfb, 0x3e, 0x1c, 0x06, 0x00, 0xf7, 0x4d, 0xfc, 0xce, 0x06,
0x9a, 0x9e, 0x9c, 0x9d, 0x9e, 0x9b, 0x9e, 0x9a, 0x9f, 0x99, 0xa0, 0x96, 0xa6, 0x99, 0xa8, 0x96,
0xab, 0x92, 0x08, 0x92, 0xab, 0xae, 0x8f, 0xb0, 0x1b, 0xba, 0xb6, 0x85, 0x7e, 0xb2, 0x1f, 0xb2,
0x7e, 0xaf, 0x7a, 0xab, 0x74, 0xa8, 0x76, 0xa5, 0x71, 0xa1, 0x6c, 0xa2, 0x6d, 0x9f, 0x69, 0x9c,
0x66, 0x9d, 0x61, 0x99, 0x5d, 0x94, 0x58, 0x08, 0x94, 0x58, 0x90, 0x55, 0x52, 0x1a, 0xfb, 0x4d,
0x16, 0xad, 0x89, 0xac, 0x87, 0xac, 0x1e, 0x86, 0xab, 0x85, 0xa9, 0x82, 0xa8, 0x7f, 0xae, 0x7b,
0xac, 0x78, 0xa8, 0x78, 0xa8, 0x73, 0xa2, 0x6f, 0x9c, 0x78, 0x97, 0x75, 0x94, 0x73, 0x92, 0x08,
0x92, 0x73, 0x70, 0x8e, 0x6e, 0x1b, 0x6b, 0x6e, 0x87, 0x83, 0x70, 0x1f, 0x70, 0x82, 0x74, 0x80,
0x76, 0x7c, 0x76, 0x7c, 0x78, 0x79, 0x7b, 0x77, 0x7a, 0x76, 0x7d, 0x75, 0x80, 0x73, 0x08, 0xfc,
0x6d, 0x07, 0x97, 0x73, 0x99, 0x75, 0x9c, 0x77, 0x9b, 0x76, 0x9e, 0x79, 0xa0, 0x7c, 0xa0, 0x7c,
0xa3, 0x7f, 0xa6, 0x83, 0x08, 0x82, 0xa6, 0xa8, 0x87, 0xab, 0x1b, 0xaa, 0xa7, 0x8f, 0x93, 0xa4,
0x1f, 0xa4, 0x92, 0xa2, 0x96, 0x9f, 0x9a, 0xa6, 0x9e, 0xa1, 0xa2, 0x9d, 0xa8, 0x9d, 0xa8, 0x99,
0xab, 0x96, 0xae, 0x94, 0xa6, 0x91, 0xa7, 0x8f, 0xaa, 0x08, 0x8f, 0xaa, 0x8d, 0xaa, 0xab, 0x1a,
0x0e, 0x2f, 0x0a, 0x0e, 0xf7, 0x1f, 0x39, 0x0a, 0x0e, 0x27, 0x1d, 0x0e, 0xf8, 0x56, 0x16, 0xfa,
0x3f, 0xfb, 0xbe, 0xf7, 0x23, 0xf7, 0xbe, 0xd7, 0x07, 0xd0, 0x95, 0xc8, 0xa0, 0xc0, 0x1e, 0x9f,
0xbf, 0xa8, 0xb7, 0xb0, 0xae, 0xb0, 0xae, 0xb7, 0xa6, 0xbf, 0x9d, 0x08, 0x9d, 0xbf, 0xc5, 0x94,
0xcb, 0x1b, 0xa6, 0xa5, 0x8a, 0x88, 0xa5, 0x1f, 0xa5, 0x88, 0xa5, 0x87, 0xa4, 0x86, 0x9c, 0x88,
0x9b, 0x87, 0x9c, 0x88, 0x9c, 0x87, 0x9c, 0x87, 0x9c, 0x86, 0x75, 0xfb, 0x2d, 0x18, 0x70, 0x94,
0x6b, 0x94, 0x67, 0x92, 0x08, 0x92, 0x66, 0x64, 0x8e, 0x62, 0x1b, 0x61, 0x66, 0x86, 0x81, 0x6b,
0x1f, 0x6a, 0x80, 0x70, 0x7c, 0x76, 0x76, 0x74, 0x76, 0x7a, 0x6f, 0x80, 0x69, 0x08, 0x7f, 0x69,
0x85, 0x63, 0x5e, 0x1a, 0x3f, 0xf8, 0x35, 0xfb, 0x23, 0xfc, 0x35, 0xfe, 0x3f, 0x07, 0x0e, 0x3b,
0x1d, 0x0e, 0x54, 0x0a, 0x59, 0x0a, 0x5b, 0x1d, 0x69, 0x1d, 0x0e, 0x48, 0x0a, 0x0e, 0x51, 0x0a,
0x0e, 0x34, 0x0a, 0x0e, 0x24, 0x0a, 0x0e, 0x50, 0x0a, 0xf7, 0x20, 0xf8, 0xba, 0x15, 0xdc, 0x95,
0xd5, 0x9e, 0xcf, 0x1e, 0x9e, 0xce, 0xa8, 0xc5, 0xb0, 0xbc, 0xb0, 0xbc, 0xb9, 0xb1, 0xc2, 0xa6,
0x08, 0xa6, 0xc1, 0xc9, 0x99, 0xd0, 0x1b, 0xb2, 0xaf, 0x87, 0x83, 0xad, 0x1f, 0xac, 0x83, 0xaa,
0x7f, 0xa7, 0x7b, 0x9d, 0x81, 0x9c, 0x7f, 0x9b, 0x7e, 0x9b, 0x7e, 0x9a, 0x7c, 0x99, 0x7b, 0x93,
0xf6, 0x18, 0xf7, 0x3e, 0x1c, 0xfa, 0x26, 0xfb, 0x4d, 0xf8, 0x96, 0x06, 0x7b, 0x7a, 0x7a, 0x7c,
0x7a, 0x7e, 0x79, 0x7e, 0x78, 0x7f, 0x76, 0x82, 0x71, 0x7e, 0x6f, 0x82, 0x6c, 0x28, 0x1d, 0x6c,
0x6a, 0x88, 0x68, 0x1b, 0x46, 0x4e, 0x99, 0xa7, 0x56, 0x1f, 0x55, 0xa7, 0x5d, 0xb2, 0x66, 0xbc,
0x66, 0xbc, 0x6e, 0xc6, 0x78, 0xce, 0x08, 0x77, 0x8c, 0x1d, 0x97, 0x5b, 0x1e, 0x96, 0x5b, 0x9d,
0x61, 0xa3, 0x66, 0xa3, 0x66, 0xaa, 0x6e, 0xb0, 0x76, 0x08, 0x75, 0xb0, 0xb7, 0x80, 0xbe, 0x1b,
0xa8, 0xa5, 0x8e, 0x92, 0xa3, 0x1f, 0xa3, 0x92, 0xa1, 0x94, 0x9f, 0x96, 0xa0, 0x98, 0x9e, 0x9a,
0x9c, 0x9e, 0x9c, 0x9d, 0x9a, 0x9f, 0x98, 0xa1, 0x08, 0xf8, 0xaa, 0x07, 0x7e, 0xa0, 0x7d, 0x9e,
0x7b, 0x9c, 0x7a, 0x9c, 0x79, 0x99, 0x77, 0x98, 0x76, 0x98, 0x75, 0x95, 0x73, 0x92, 0x08, 0x92,
0x72, 0x71, 0x8e, 0x6e, 0x1b, 0x58, 0x5e, 0x80, 0x75, 0x66, 0x1f, 0x66, 0x75, 0x6c, 0x6e, 0x73,
0x66, 0x72, 0x66, 0x79, 0x60, 0x80, 0x5b, 0x08, 0x7f, 0x5b, 0x85, 0x59, 0x56, 0x1a, 0x0e, 0x41,
0x1d, 0x0e, 0x34, 0x1d, 0x0e, 0x42, 0x0a, 0x0e, 0x2d, 0x1d, 0x0e, 0x6e, 0x1d, 0x3d, 0x1d, 0x0e,
0x45, 0x0a, 0x29, 0x0a, 0x0e, 0x3b, 0x0a, 0x0e, 0xfa, 0xd4, 0xf8, 0xc1, 0x15, 0x2e, 0x80, 0x39,
0x76, 0x44, 0x1e, 0x76, 0x43, 0x6c, 0x4f, 0x63, 0x5a, 0x63, 0x5a, 0x5a, 0x65, 0x51, 0x72, 0x08,
0x72, 0x51, 0x49, 0x7e, 0x40, 0x1b, 0x41, 0x49, 0x97, 0xa4, 0x50, 0x1f, 0x50, 0xa4, 0x5a, 0xb1,
0x62, 0xbd, 0x62, 0xbc, 0x6c, 0xc7, 0x76, 0xd3, 0x08, 0x76, 0xd2, 0x80, 0xdd, 0xe8, 0x1a, 0xf7,
0xe9, 0x07, 0xe8, 0x96, 0xdd, 0xa0, 0xd3, 0x1e, 0xa0, 0xd2, 0xaa, 0xc8, 0xb4, 0xbc, 0xb3, 0xbc,
0xbc, 0xb1, 0xc6, 0xa5, 0x08, 0xa4, 0xc5, 0xcd, 0x98, 0xd5, 0x1b, 0xd6, 0xcd, 0x7e, 0x72, 0xc6,
0x1f, 0xc5, 0x71, 0xbc, 0x65, 0xb4, 0x5a, 0xb3, 0x5a, 0xaa, 0x4e, 0xa0, 0x44, 0x08, 0xa0, 0x43,
0x96, 0x39, 0x2e, 0x1a, 0xfd, 0x89, 0xfb, 0xc4, 0x15, 0xf8, 0xcb, 0xf8, 0x47, 0x86, 0xbb, 0x81,
0xb6, 0x7e, 0xb0, 0x19, 0x7d, 0xb0, 0x78, 0xa9, 0x74, 0xa4, 0x74, 0xa4, 0x70, 0x9e, 0x6a, 0x98,
0x08, 0x98, 0x6a, 0x64, 0x91, 0x60, 0x1b, 0x5f, 0x64, 0x84, 0x7e, 0x6a, 0x1f, 0x69, 0x7d, 0x6e,
0x77, 0x74, 0x71, 0x6f, 0x6a, 0x76, 0x61, 0x7e, 0x58, 0x08, 0x7d, 0x57, 0x84, 0x4f, 0x47, 0x1a,
0xfb, 0x88, 0x07, 0x7a, 0x8b, 0x7b, 0x7a, 0x7a, 0x8b, 0x7a, 0x7a, 0x1a, 0xf8, 0xcf, 0x3f, 0x15,
0xf7, 0x62, 0x07, 0x95, 0x8b, 0x9e, 0xa8, 0xa7, 0x8b, 0xa2, 0x9e, 0x1a, 0xfc, 0xca, 0xfc, 0x45,
0x91, 0x5a, 0x96, 0x61, 0x9a, 0x66, 0x19, 0x9a, 0x66, 0x9f, 0x6c, 0xa4, 0x73, 0xa2, 0x74, 0xa6,
0x7a, 0xab, 0x80, 0x08, 0x7f, 0xab, 0xaf, 0x85, 0xb3, 0x1b, 0xb5, 0xb0, 0x91, 0x98, 0xac, 0x1f,
0xac, 0x98, 0xa6, 0x9d, 0xa2, 0xa3, 0xaa, 0xac, 0xa1, 0xb5, 0x9a, 0xc0, 0x08, 0x99, 0xc0, 0x92,
0xc9, 0xd2, 0x1a, 0x0e, 0xf9, 0x9a, 0x16, 0xfb, 0x4d, 0x1c, 0x04, 0xc4, 0x06, 0xfc, 0x11, 0xfb,
0x25, 0x05, 0xf7, 0x3d, 0x07, 0xf8, 0xbb, 0xf7, 0x68, 0x05, 0x9a, 0x06, 0x0e, 0xfa, 0xbf, 0x16,
0xfe, 0x4e, 0xf7, 0x19, 0x06, 0xf8, 0x71, 0xf8, 0xa6, 0xb6, 0xba, 0xae, 0xb5, 0xa8, 0xb0, 0x19,
0xa8, 0xb0, 0xa2, 0xad, 0x9c, 0xaa, 0x9c, 0xaa, 0x98, 0xa8, 0x92, 0xa7, 0x08, 0x92, 0xa6, 0x8f,
0xa8, 0xa8, 0x1a, 0xaf, 0x85, 0xad, 0x80, 0xab, 0x1e, 0x7f, 0xaa, 0x7a, 0xa7, 0x75, 0xa2, 0x74,
0xa2, 0x70, 0x9e, 0x6c, 0x99, 0x08, 0x98, 0x6b, 0x67, 0x92, 0x63, 0x1b, 0x5a, 0x61, 0x84, 0x7d,
0x68, 0x1f, 0x67, 0x7d, 0x6d, 0x77, 0x74, 0x72, 0x73, 0x71, 0x79, 0x6c, 0x80, 0x66, 0x08, 0x7f,
0x66, 0x85, 0x62, 0x5e, 0x1a, 0xfb, 0x4e, 0x06, 0xc8, 0x96, 0xc5, 0xa0, 0xc2, 0x1e, 0xa0, 0xc1,
0xaa, 0xba, 0xb4, 0xb4, 0xb3, 0xb4, 0xbc, 0xab, 0xc6, 0xa3, 0x08, 0xa3, 0xc5, 0xcd, 0x97, 0xd6,
0x1b, 0xd0, 0xc9, 0x81, 0x77, 0xc2, 0x1f, 0xc2, 0x76, 0xb9, 0x6f, 0xb1, 0x67, 0xb1, 0x67, 0xa8,
0x60, 0xa0, 0x5a, 0x08, 0x9f, 0x5a, 0x95, 0x55, 0x51, 0x1a, 0x60, 0x84, 0x60, 0x7c, 0x61, 0x1e,
0x7c, 0x60, 0x78, 0x61, 0x72, 0x62, 0x72, 0x62, 0x6e, 0x62, 0x6a, 0x63, 0x6a, 0x62, 0x68, 0x63,
0x66, 0x63, 0xfc, 0x1b, 0xfc, 0x3c, 0x18, 0xf9, 0x6f, 0x06, 0x0e, 0xf8, 0x1a, 0xf9, 0xc5, 0x15,
0xf7, 0x18, 0x06, 0xba, 0xb4, 0x91, 0x98, 0xaf, 0x1f, 0xae, 0x98, 0xa9, 0x9c, 0xa4, 0xa1, 0xa3,
0xa1, 0x9d, 0xa5, 0x98, 0xaa, 0x08, 0x98, 0xaa, 0x91, 0xac, 0xb0, 0x1a, 0xb6, 0x85, 0xb1, 0x80,
0xac, 0x1e, 0x80, 0xab, 0x7a, 0xa6, 0x75, 0xa0, 0x76, 0xa0, 0x70, 0x9a, 0x6c, 0x96, 0x08, 0x95,
0x6b, 0x67, 0x90, 0x62, 0x1b, 0x64, 0x67, 0x85, 0x80, 0x6b, 0x1f, 0x6a, 0x7f, 0x70, 0x7a, 0x74,
0x75, 0x74, 0x75, 0x79, 0x71, 0x7e, 0x6c, 0x08, 0x7e, 0x6c, 0x85, 0x69, 0x65, 0x1a, 0xfb, 0x4e,
0x06, 0xc2, 0x96, 0xc0, 0xa1, 0xbc, 0x1e, 0xa0, 0xbc, 0xaa, 0xb5, 0xb2, 0xb0, 0xb2, 0xaf, 0xbb,
0xa8, 0xc2, 0xa0, 0x08, 0xa0, 0xc2, 0xc8, 0x95, 0xce, 0x1b, 0xcc, 0xc7, 0x82, 0x7a, 0xc1, 0x1f,
0xc1, 0x79, 0xb9, 0x71, 0xb2, 0x68, 0xb2, 0x68, 0xa9, 0x60, 0xa0, 0x58, 0x08, 0xa0, 0x58, 0x96,
0x4f, 0x48, 0x1a, 0x6f, 0x87, 0x6e, 0x82, 0x6d, 0x1e, 0x82, 0x6d, 0x7e, 0x6e, 0x79, 0x6f, 0x79,
0x6e, 0x74, 0x71, 0x6f, 0x72, 0x6e, 0x72, 0x69, 0x76, 0x64, 0x7a, 0xba, 0x7c, 0xb3, 0x77, 0xab,
0x72, 0xaa, 0x72, 0xa5, 0x70, 0x9e, 0x6c, 0x9e, 0x6c, 0x98, 0x6b, 0x93, 0x69, 0x08, 0x92, 0x69,
0x8f, 0x69, 0x6a, 0x1a, 0x47, 0x7f, 0x4f, 0x74, 0x56, 0x1e, 0x74, 0x56, 0x6a, 0x5f, 0x62, 0x67,
0x62, 0x66, 0x5a, 0x70, 0x53, 0x78, 0x08, 0x78, 0x52, 0x4e, 0x81, 0x4a, 0x1b, 0x4b, 0x4f, 0x94,
0x9d, 0x53, 0x1f, 0x52, 0x9d, 0x5a, 0xa5, 0x62, 0xae, 0x62, 0xae, 0x6a, 0xb5, 0x73, 0xbd, 0x08,
0x72, 0xbd, 0x7f, 0xc4, 0xcb, 0x1a, 0xf7, 0x4d, 0x06, 0x65, 0x92, 0x68, 0x98, 0x6c, 0x1e, 0x98,
0x6c, 0x9d, 0x70, 0xa3, 0x75, 0xa3, 0x75, 0xa8, 0x7a, 0xae, 0x7f, 0x08, 0x7f, 0xad, 0xb1, 0x85,
0xb5, 0x1b, 0xb5, 0xb1, 0x91, 0x96, 0xad, 0x1f, 0xad, 0x96, 0xa8, 0x9b, 0xa3, 0xa2, 0xa3, 0xa2,
0x9e, 0xa7, 0x98, 0xad, 0x08, 0x98, 0xac, 0x91, 0xb3, 0xb9, 0x1a, 0xb8, 0x84, 0xb3, 0x7c, 0xac,
0x1e, 0x7c, 0xac, 0x76, 0xa6, 0x70, 0xa1, 0x70, 0xa1, 0x6a, 0x9b, 0x65, 0x2a, 0x1d, 0x64, 0x61,
0x90, 0x5d, 0x1b, 0xfb, 0x18, 0x06, 0x0e, 0xfa, 0x30, 0xf8, 0x7d, 0x15, 0xf7, 0x5f, 0xfb, 0x2b,
0xfb, 0x5f, 0xfb, 0xe6, 0xfb, 0x4d, 0xf7, 0xe6, 0xfd, 0x2c, 0xf7, 0x01, 0x06, 0xf9, 0x20, 0xfa,
0x85, 0x05, 0xf7, 0x59, 0x06, 0xfd, 0x18, 0xfe, 0x5b, 0x15, 0xf8, 0x5f, 0xf9, 0x65, 0x06, 0x6d,
0x53, 0x05, 0x0e, 0xf7, 0x84, 0xf9, 0x6e, 0x15, 0xd4, 0xf9, 0x6a, 0x05, 0xf9, 0x7f, 0xfb, 0x48,
0xfc, 0xe3, 0x06, 0x62, 0xfc, 0x18, 0xa8, 0x9c, 0xad, 0x99, 0xb3, 0x98, 0x19, 0x98, 0xb3, 0xb9,
0x91, 0xc0, 0x1b, 0xce, 0xc8, 0x7f, 0x74, 0xc0, 0x1f, 0xc0, 0x74, 0xb9, 0x6a, 0xb0, 0x61, 0xb0,
0x60, 0xa8, 0x58, 0x9f, 0x4f, 0x08, 0x9f, 0x4f, 0x95, 0x48, 0x42, 0x1a, 0x46, 0x82, 0x4a, 0x78,
0x50, 0x1e, 0x78, 0x50, 0x6f, 0x58, 0x66, 0x60, 0x65, 0x60, 0x5b, 0x69, 0x52, 0x73, 0x08, 0x72,
0x52, 0x47, 0x7f, 0x3e, 0x1b, 0x50, 0x53, 0x93, 0x9c, 0x56, 0x1f, 0x56, 0x9c, 0x5d, 0xa4, 0x62,
0xac, 0x62, 0xac, 0x69, 0xb5, 0x71, 0xbe, 0x70, 0xbe, 0x7b, 0xc6, 0x84, 0xce, 0x08, 0xf7, 0x44,
0x06, 0x96, 0x38, 0xaa, 0x4d, 0xbd, 0x60, 0x08, 0x60, 0xbc, 0xcb, 0x76, 0xd9, 0x1b, 0xb7, 0xb2,
0x93, 0x9b, 0xad, 0x1f, 0xad, 0x9a, 0xa8, 0xa2, 0xa2, 0xa8, 0xa2, 0xa8, 0x9c, 0xad, 0x97, 0xb4,
0x08, 0x96, 0xb4, 0x91, 0xb8, 0xbd, 0x1a, 0xb8, 0x85, 0xb6, 0x7e, 0xb2, 0x1e, 0x7e, 0xb2, 0x78,
0xae, 0x72, 0xa8, 0x72, 0xa8, 0x6d, 0xa1, 0x67, 0x9c, 0x08, 0x9c, 0x67, 0x62, 0x93, 0x5c, 0x1b,
0x6c, 0x71, 0x89, 0x87, 0x75, 0x1f, 0x74, 0x86, 0x77, 0x85, 0x79, 0x83, 0x79, 0x83, 0x7a, 0x81,
0x7c, 0x80, 0x7b, 0x80, 0x7b, 0x7e, 0x7a, 0x7c, 0x08, 0x0e, 0xf9, 0xec, 0x1c, 0x05, 0xb1, 0x15,
0xfb, 0x3a, 0x7b, 0x07, 0x33, 0x40, 0x7f, 0x72, 0x4e, 0x1f, 0x4e, 0x72, 0x58, 0x69, 0x63, 0x61,
0x61, 0x5f, 0x6b, 0x57, 0x76, 0x4e, 0x75, 0x4e, 0x7e, 0x4d, 0x87, 0x4b, 0x9c, 0xa0, 0x9f, 0x9e,
0xa2, 0x9d, 0xa2, 0x9c, 0xa3, 0x9b, 0xa6, 0x98, 0xa5, 0x98, 0xa7, 0x95, 0xaa, 0x93, 0x08, 0x92,
0xa9, 0xab, 0x8f, 0xac, 0x1b, 0xd4, 0xc9, 0x7d, 0x70, 0xc0, 0x1f, 0xc0, 0x6f, 0xb6, 0x66, 0xad,
0x5e, 0xad, 0x5e, 0xa4, 0x57, 0x9b, 0x52, 0x08, 0x9b, 0x52, 0x93, 0x50, 0x50, 0x1a, 0x47, 0x82,
0x4b, 0x78, 0x4f, 0x1e, 0x78, 0x4f, 0x6e, 0x57, 0x65, 0x5e, 0x65, 0x5e, 0x5c, 0x67, 0x53, 0x71,
0x08, 0x71, 0x52, 0x4a, 0x7e, 0x41, 0x1b, 0x40, 0x4a, 0x9a, 0xa9, 0x52, 0x1f, 0x52, 0xa9, 0x5c,
0xb2, 0x64, 0xbb, 0x5f, 0xc0, 0x6b, 0xc8, 0x76, 0xd2, 0x08, 0x76, 0xd1, 0x80, 0xd1, 0xd2, 0x1a,
0xe2, 0x07, 0xf7, 0x0d, 0x99, 0xf7, 0x0c, 0xa8, 0xf7, 0x09, 0x1e, 0xa8, 0xf7, 0x09, 0xc3, 0xf0,
0xde, 0xde, 0xc4, 0xc4, 0xd1, 0xb7, 0xdd, 0xa8, 0x08, 0xa8, 0xdd, 0xe8, 0x99, 0xf3, 0x1b, 0xfb,
0x76, 0xfd, 0x24, 0x15, 0x6c, 0x6c, 0x86, 0x81, 0x6e, 0x1f, 0x6e, 0x81, 0x6f, 0x7d, 0x72, 0x79,
0x72, 0x79, 0x74, 0x75, 0x78, 0x72, 0x78, 0x72, 0x7b, 0x6f, 0x80, 0x6c, 0x08, 0x4d, 0x07, 0x4b,
0x93, 0x52, 0x9a, 0x5a, 0x1e, 0x9a, 0x59, 0xa0, 0x61, 0xa5, 0x69, 0xa5, 0x69, 0xa9, 0x71, 0xad,
0x7a, 0x08, 0x79, 0xad, 0xaf, 0x82, 0xb0, 0x1b, 0xb6, 0xb2, 0x93, 0x9c, 0xac, 0x1f, 0xac, 0x9c,
0xa8, 0xa2, 0xa2, 0xa8, 0xa2, 0xa8, 0x9c, 0xaf, 0x97, 0xb4, 0x08, 0x96, 0xb4, 0x91, 0xb7, 0xbb,
0x1a, 0xb6, 0x86, 0xb4, 0x80, 0xb4, 0x1e, 0x80, 0xb3, 0x7b, 0xaf, 0x75, 0xaa, 0x75, 0xaa, 0x6f,
0xa4, 0x6a, 0x9e, 0x08, 0x9e, 0x6a, 0x64, 0x94, 0x5e, 0x1b, 0x0e, 0xfa, 0xdc, 0x1c, 0x05, 0x48,
0x15, 0xfc, 0xef, 0x1c, 0xfa, 0xb8, 0x05, 0xfb, 0x56, 0x06, 0xf8, 0xed, 0x1c, 0x05, 0x0e, 0x05,
0xfd, 0xa8, 0xf7, 0x36, 0xfa, 0x6c, 0x06, 0x0e, 0xfa, 0xc2, 0xfa, 0xc8, 0x15, 0x8a, 0x5a, 0x82,
0x5e, 0x79, 0x61, 0x79, 0x60, 0x72, 0x66, 0x6b, 0x6b, 0x7c, 0x7c, 0x7a, 0x7c, 0x78, 0x7e, 0x78,
0x7e, 0x77, 0x7f, 0x76, 0x80, 0xb0, 0x7b, 0xad, 0x77, 0xaa, 0x74, 0xa9, 0x73, 0xa5, 0x70, 0xa1,
0x6c, 0xa0, 0x6c, 0x9c, 0x6a, 0x97, 0x67, 0x08, 0x96, 0x67, 0x91, 0x65, 0x62, 0x1a, 0x49, 0x7f,
0x50, 0x73, 0x58, 0x1e, 0x72, 0x58, 0x6a, 0x60, 0x62, 0x68, 0x61, 0x68, 0x5a, 0x70, 0x53, 0x79,
0x08, 0x78, 0x53, 0x4f, 0x82, 0x4b, 0x1b, 0x4a, 0x4e, 0x94, 0x9d, 0x53, 0x1f, 0x52, 0x9d, 0x5a,
0xa6, 0x62, 0xae, 0x61, 0xae, 0x6a, 0xb6, 0x73, 0xbe, 0x08, 0x73, 0xbe, 0x7f, 0xc6, 0xce, 0x1a,
0xb4, 0x91, 0xb1, 0x96, 0xb0, 0x1e, 0x96, 0xaf, 0x9c, 0xac, 0xa0, 0xaa, 0xa0, 0xa9, 0xa5, 0xa6,
0xa9, 0xa3, 0xa9, 0xa3, 0xad, 0x9f, 0xb0, 0x9b, 0x6b, 0x9b, 0x6e, 0x9e, 0x71, 0xa2, 0x71, 0xa1,
0x75, 0xa4, 0x79, 0xa7, 0x79, 0xa6, 0x7d, 0xa9, 0x81, 0xac, 0x08, 0x81, 0xac, 0x86, 0xad, 0xaf,
0x1a, 0xca, 0x96, 0xc4, 0xa0, 0xbd, 0x1e, 0xa0, 0xbc, 0xa9, 0xb5, 0xb1, 0xad, 0xb0, 0xad, 0xb8,
0xa5, 0xc0, 0x9d, 0x08, 0x9d, 0xbf, 0xc4, 0x94, 0xc9, 0x1b, 0xc8, 0xc4, 0x82, 0x79, 0xc0, 0x1f,
0xc0, 0x79, 0xb8, 0x71, 0xb2, 0x69, 0xb2, 0x69, 0xa9, 0x61, 0xa1, 0x5a, 0x08, 0xa1, 0x59, 0x96,
0x52, 0x4c, 0x1a, 0xfb, 0x2c, 0xfd, 0x3b, 0x15, 0xb4, 0x84, 0xb0, 0x7e, 0xad, 0x1e, 0x7d, 0xad,
0x78, 0xa8, 0x72, 0xa4, 0x72, 0xa3, 0x6e, 0x9e, 0x69, 0x2c, 0x0a, 0x68, 0x66, 0x92, 0x62, 0x1b,
0x61, 0x65, 0x84, 0x7e, 0x69, 0x1f, 0x69, 0x7e, 0x6e, 0x78, 0x73, 0x73, 0x73, 0x72, 0x79, 0x6e,
0x7e, 0x69, 0x08, 0x7e, 0x69, 0x84, 0x66, 0x62, 0x1a, 0x61, 0x92, 0x66, 0x98, 0x6a, 0x1e, 0x98,
0x6a, 0x9d, 0x6f, 0xa3, 0x74, 0xa3, 0x74, 0xa8, 0x7a, 0xae, 0x7f, 0x08, 0x7f, 0xad, 0xb1, 0x85,
0xb6, 0x1b, 0xb4, 0xb0, 0x91, 0x97, 0xad, 0x1f, 0xad, 0x97, 0xa8, 0x9c, 0xa4, 0xa2, 0xa3, 0xa2,
0x9e, 0xa7, 0x99, 0xac, 0x08, 0x98, 0xac, 0x92, 0xb0, 0xb5, 0x1a, 0x69, 0xf9, 0x38, 0x15, 0xb0,
0x85, 0xac, 0x7f, 0xaa, 0x1e, 0x7e, 0xaa, 0x7a, 0xa5, 0x76, 0xa2, 0x75, 0xa1, 0x71, 0x9c, 0x6d,
0x98, 0x08, 0x97, 0x6d, 0x6a, 0x91, 0x67, 0x1b, 0x67, 0x6a, 0x85, 0x80, 0x6e, 0x1f, 0x6e, 0x7f,
0x71, 0x7a, 0x76, 0x75, 0x76, 0x75, 0x7a, 0x71, 0x80, 0x6c, 0x08, 0x7f, 0x6c, 0x85, 0x68, 0x65,
0x1a, 0x65, 0x91, 0x69, 0x97, 0x6d, 0x1e, 0x96, 0x6c, 0x9c, 0x71, 0xa1, 0x76, 0xa0, 0x75, 0xa5,
0x7a, 0xa9, 0x80, 0x08, 0x7f, 0xa8, 0xac, 0x85, 0xaf, 0x1b, 0xae, 0xac, 0x91, 0x97, 0xa9, 0x1f,
0xa9, 0x96, 0xa5, 0x9c, 0xa1, 0xa1, 0xa0, 0xa0, 0x9c, 0xa5, 0x97, 0xaa, 0x08, 0x97, 0xaa, 0x91,
0xad, 0xb0, 0x1a, 0x0e, 0xf8, 0x09, 0xf7, 0x38, 0x15, 0xe8, 0xd9, 0x96, 0xa2, 0xca, 0x1f, 0xc9,
0xa1, 0xbd, 0xaa, 0xb1, 0xb4, 0xb9, 0xbd, 0xaa, 0xc1, 0x9b, 0xc4, 0x9b, 0xc4, 0x95, 0xc7, 0x8e,
0xc8, 0x08, 0x8d, 0x07, 0x7b, 0x77, 0x79, 0x78, 0x76, 0x7a, 0x76, 0x79, 0x74, 0x7b, 0x71, 0x7e,
0x71, 0x7e, 0x6e, 0x80, 0x6c, 0x84, 0x08, 0x83, 0x6b, 0x68, 0x87, 0x66, 0x1b, 0x43, 0x4d, 0x99,
0xa8, 0x57, 0x1f, 0x56, 0xa7, 0x60, 0xb0, 0x69, 0xb9, 0x69, 0xb9, 0x72, 0xbf, 0x7b, 0xc5, 0x08,
0x7b, 0xc5, 0x83, 0xc5, 0xc6, 0x1a, 0xd0, 0x95, 0xcc, 0x9e, 0xc8, 0x1e, 0x9e, 0xc8, 0xa7, 0xc0,
0xb1, 0xb9, 0xb0, 0xb8, 0xba, 0xb0, 0xc4, 0xa6, 0x08, 0xa6, 0xc3, 0xcc, 0x98, 0xd6, 0x1b, 0xd6,
0xcc, 0x7d, 0x70, 0xc2, 0x1f, 0xc2, 0x6f, 0xb9, 0x66, 0xb0, 0x5e, 0xb7, 0x56, 0xac, 0x48, 0xa1,
0x3c, 0x08, 0xa1, 0x3b, 0x96, 0x3b, 0x3c, 0x1a, 0x48, 0x07, 0xfb, 0x05, 0x7f, 0xfb, 0x05, 0x73,
0xfb, 0x05, 0x1e, 0x73, 0xfb, 0x06, 0x58, 0x26, 0x3c, 0x33, 0x5c, 0x56, 0x49, 0x60, 0x37, 0x6a,
0x08, 0x6a, 0x38, 0x25, 0x7a, 0xfb, 0x0c, 0x1b, 0x78, 0xf7, 0x39, 0x06, 0xf7, 0x84, 0xf8, 0x70,
0x15, 0xaa, 0xaa, 0x90, 0x96, 0xa9, 0x1f, 0xa8, 0x95, 0xa7, 0x9a, 0xa4, 0x9e, 0xa4, 0x9e, 0xa1,
0xa1, 0x9f, 0xa5, 0x9e, 0xa4, 0x9b, 0xa8, 0x96, 0xaa, 0x08, 0xc7, 0x07, 0xcc, 0x84, 0xc4, 0x7c,
0xbe, 0x1e, 0x7c, 0xbe, 0x76, 0xb6, 0x72, 0xae, 0x71, 0xae, 0x6d, 0xa5, 0x6a, 0x9e, 0x08, 0x9e,
0x69, 0x67, 0x94, 0x65, 0x1b, 0x60, 0x64, 0x82, 0x7a, 0x6a, 0x1f, 0x6a, 0x7a, 0x6f, 0x73, 0x74,
0x6d, 0x74, 0x6c, 0x79, 0x67, 0x7f, 0x62, 0x08, 0x7f, 0x61, 0x85, 0x5e, 0x5b, 0x1a, 0x60, 0x90,
0x62, 0x96, 0x62, 0x1e, 0x96, 0x62, 0x9b, 0x66, 0xa1, 0x6b, 0xa0, 0x6b, 0xa7, 0x71, 0xac, 0x78,
0x08, 0x77, 0xac, 0xb1, 0x81, 0xb8, 0x1b, 0x0e, 0xf9, 0x8a, 0xf9, 0x2d, 0x15, 0xfb, 0x31, 0xf8,
0xed, 0x06, 0xfb, 0x6b, 0x52, 0x05, 0xf7, 0x14, 0x07, 0xf7, 0xf6, 0xf7, 0x09, 0x05, 0x9d, 0x06,
0x0e, 0xfa, 0x3a, 0xf9, 0x2f, 0x15, 0xfc, 0xeb, 0xf7, 0x00, 0x06, 0xf7, 0xb4, 0xf7, 0xa3, 0x9c,
0x9b, 0x9b, 0x9a, 0x99, 0x9a, 0x19, 0x98, 0x99, 0x97, 0x98, 0x94, 0x98, 0x99, 0x9e, 0x95, 0x9c,
0x92, 0x9b, 0x08, 0x91, 0x9a, 0x8e, 0x9a, 0x99, 0x1a, 0x9b, 0x88, 0x9a, 0x86, 0x98, 0x1e, 0x86,
0x98, 0x83, 0x97, 0x80, 0x95, 0x80, 0x95, 0x7e, 0x93, 0x7c, 0x90, 0x08, 0x90, 0x7b, 0x79, 0x8e,
0x78, 0x1b, 0x72, 0x76, 0x88, 0x84, 0x79, 0x1f, 0x78, 0x84, 0x7c, 0x82, 0x7f, 0x7f, 0x7f, 0x80,
0x82, 0x7d, 0x85, 0x7b, 0x08, 0x85, 0x7a, 0x88, 0x79, 0x78, 0x1a, 0xfb, 0x32, 0x06, 0xaf, 0x92,
0xad, 0x99, 0xab, 0x1e, 0x99, 0xab, 0x9f, 0xa7, 0xa5, 0xa3, 0xa5, 0xa2, 0xab, 0x9e, 0xb0, 0x99,
0x08, 0x98, 0xb0, 0xb4, 0x92, 0xb9, 0x1b, 0xb7, 0xb3, 0x86, 0x80, 0xae, 0x1f, 0xae, 0x80, 0xa9,
0x7b, 0xa4, 0x76, 0xa4, 0x76, 0x9e, 0x73, 0x98, 0x6e, 0x08, 0x98, 0x6e, 0x92, 0x6a, 0x66, 0x1a,
0x70, 0x87, 0x72, 0x82, 0x74, 0x1e, 0x82, 0x73, 0x7e, 0x74, 0x7a, 0x74, 0x7a, 0x74, 0x76, 0x73,
0x74, 0x74, 0x73, 0x73, 0x71, 0x72, 0x6e, 0x71, 0xfb, 0x43, 0xfb, 0x25, 0x18, 0xf8, 0x23, 0x06,
0x0e, 0xf8, 0xa2, 0xfa, 0xf9, 0x15, 0xdf, 0x06, 0xa0, 0x9e, 0x8d, 0x8f, 0x9c, 0x1f, 0x9c, 0x8f,
0x99, 0x91, 0x97, 0x92, 0x9a, 0x94, 0x97, 0x97, 0x93, 0x9a, 0x08, 0x92, 0x9a, 0x8f, 0x9b, 0x9e,
0x1a, 0x9a, 0x88, 0x9a, 0x85, 0x98, 0x1e, 0x85, 0x98, 0x82, 0x96, 0x80, 0x94, 0x80, 0x94, 0x7d,
0x91, 0x7b, 0x90, 0x08, 0x90, 0x7a, 0x78, 0x8d, 0x76, 0x1b, 0x74, 0x76, 0x88, 0x85, 0x78, 0x1f,
0x78, 0x85, 0x7c, 0x82, 0x80, 0x7f, 0x84, 0x84, 0x85, 0x83, 0x87, 0x82, 0x08, 0x86, 0x81, 0x89,
0x80, 0x80, 0x1a, 0xfb, 0x31, 0x06, 0xad, 0x93, 0xaa, 0x9a, 0xa6, 0x1e, 0x9a, 0xa6, 0x9f, 0xa3,
0xa5, 0x9e, 0xa4, 0x9e, 0xa9, 0x99, 0xae, 0x96, 0x08, 0x95, 0xae, 0xb0, 0x90, 0xb3, 0x1b, 0xb6,
0xb2, 0x86, 0x82, 0xaf, 0x1f, 0xaf, 0x81, 0xaa, 0x7d, 0xa5, 0x78, 0xa5, 0x78, 0x9f, 0x73, 0x9a,
0x6f, 0x08, 0x99, 0x6f, 0x92, 0x6b, 0x66, 0x1a, 0x75, 0x87, 0x76, 0x83, 0x78, 0x1e, 0x82, 0x77,
0x7f, 0x79, 0x7b, 0x7b, 0x80, 0x80, 0x7f, 0x80, 0x7c, 0x82, 0x7c, 0x82, 0x7b, 0x83, 0x79, 0x84,
0xa3, 0x84, 0xa0, 0x83, 0x9e, 0x80, 0x9d, 0x80, 0x9a, 0x7f, 0x97, 0x7d, 0x99, 0x7c, 0x95, 0x79,
0x92, 0x77, 0x08, 0x92, 0x76, 0x8e, 0x75, 0x72, 0x1a, 0x66, 0x83, 0x6a, 0x7c, 0x6e, 0x1e, 0x7b,
0x6e, 0x75, 0x73, 0x70, 0x78, 0x6f, 0x78, 0x6a, 0x7c, 0x66, 0x81, 0x08, 0x80, 0x66, 0x63, 0x86,
0x60, 0x1b, 0x65, 0x66, 0x90, 0x94, 0x68, 0x1f, 0x67, 0x94, 0x6b, 0x99, 0x70, 0x9e, 0x6f, 0x9e,
0x75, 0xa3, 0x7a, 0xa8, 0x08, 0x7a, 0xa8, 0x82, 0xae, 0xb4, 0x1a, 0xf7, 0x32, 0x06, 0x7d, 0x8e,
0x7e, 0x91, 0x7f, 0x1e, 0x91, 0x7f, 0x93, 0x80, 0x96, 0x82, 0x98, 0x80, 0x9b, 0x83, 0x9e, 0x85,
0x08, 0x85, 0x9e, 0xa0, 0x88, 0xa2, 0x1b, 0xa3, 0xa1, 0x8e, 0x91, 0x9e, 0x1f, 0x9e, 0x91, 0x9a,
0x93, 0x97, 0x96, 0x96, 0x94, 0x93, 0x97, 0x90, 0x98, 0x08, 0x90, 0x98, 0x8e, 0x99, 0x9b, 0x1a,
0x9b, 0x89, 0x99, 0x87, 0x97, 0x1e, 0x86, 0x97, 0x85, 0x95, 0x83, 0x94, 0x7e, 0x9a, 0x79, 0x95,
0x74, 0x92, 0x08, 0x92, 0x74, 0x70, 0x8e, 0x6d, 0x1b, 0x37, 0x06, 0x0e, 0xf9, 0xa0, 0xf9, 0x55,
0x15, 0x86, 0x9a, 0x87, 0x9a, 0x88, 0x9c, 0x87, 0x9b, 0x88, 0x9c, 0x89, 0x9c, 0x82, 0x7f, 0x81,
0x7f, 0x80, 0x80, 0x7f, 0x7f, 0x7e, 0x80, 0x7c, 0x82, 0x77, 0x7e, 0x74, 0x81, 0x71, 0x83, 0x71,
0x83, 0x6e, 0x87, 0x6b, 0x8a, 0x08, 0x63, 0x67, 0x91, 0x96, 0x6c, 0x1f, 0x6c, 0x96, 0x70, 0x9a,
0x76, 0x9f, 0x76, 0x9e, 0x7c, 0xa3, 0x80, 0xa7, 0x08, 0x80, 0xa6, 0x86, 0xaa, 0xae, 0x1a, 0xb1,
0x93, 0xad, 0x9a, 0xa8, 0x1e, 0x9a, 0xa8, 0xa1, 0xa4, 0xa8, 0x9e, 0xa7, 0x9e, 0xae, 0x99, 0xb4,
0x95, 0x08, 0x94, 0xb4, 0xb9, 0x90, 0xbe, 0x1b, 0xf7, 0x21, 0xbf, 0x06, 0x8a, 0xa1, 0x88, 0x9f,
0x86, 0x9c, 0x86, 0x9c, 0x83, 0x9a, 0x80, 0x96, 0x80, 0x96, 0x7e, 0x93, 0x7c, 0x91, 0x08, 0x90,
0x7c, 0x79, 0x8e, 0x76, 0x1b, 0x72, 0x75, 0x88, 0x86, 0x78, 0x1f, 0x77, 0x86, 0x7b, 0x83, 0x7e,
0x80, 0x80, 0x82, 0x83, 0x81, 0x85, 0x7f, 0x08, 0x85, 0x7e, 0x88, 0x7d, 0x7c, 0x1a, 0xfb, 0x35,
0x97, 0x8c, 0xad, 0x93, 0xaa, 0x9a, 0xa8, 0x19, 0x9a, 0xa8, 0xa0, 0xa3, 0xa6, 0xa0, 0xa6, 0xa0,
0xab, 0x9b, 0xb1, 0x2a, 0x1d, 0xb1, 0xb5, 0x91, 0xb9, 0x1b, 0xb6, 0xb3, 0x85, 0x80, 0xaf, 0x1f,
0xae, 0x7f, 0xaa, 0x7a, 0xa4, 0x74, 0xa4, 0x74, 0x9e, 0x6e, 0x99, 0x68, 0x08, 0x99, 0x68, 0x92,
0x63, 0x5e, 0x1a, 0xfb, 0xce, 0x07, 0x6b, 0x8d, 0x6c, 0x8f, 0x6e, 0x1e, 0x8f, 0x6e, 0x92, 0x6d,
0x94, 0x6d, 0x08, 0xfc, 0x09, 0xf7, 0x0f, 0x15, 0x9d, 0x9e, 0x8e, 0x91, 0x9f, 0x1f, 0x9e, 0x90,
0x9e, 0x93, 0x9c, 0x95, 0x9c, 0x94, 0x9a, 0x96, 0x98, 0x97, 0x98, 0x97, 0x94, 0x97, 0x90, 0x97,
0x08, 0xf7, 0x01, 0xfb, 0x20, 0x07, 0x6e, 0x71, 0x87, 0x84, 0x74, 0x1f, 0x74, 0x84, 0x78, 0x81,
0x7d, 0x7f, 0x7f, 0x81, 0x82, 0x80, 0x85, 0x7e, 0x08, 0x85, 0x7e, 0x88, 0x7e, 0x7c, 0x1a, 0x7e,
0x8d, 0x7f, 0x8f, 0x80, 0x1e, 0x8f, 0x80, 0x91, 0x82, 0x93, 0x84, 0x96, 0x81, 0x99, 0x83, 0x9c,
0x86, 0x08, 0x86, 0x9c, 0x9f, 0x88, 0xa2, 0x1b, 0x0e, 0xf7, 0xa4, 0x1c, 0x04, 0x75, 0x15, 0xbc,
0x93, 0xb8, 0x9b, 0xb4, 0x1e, 0x9b, 0xb4, 0xa2, 0xae, 0xa9, 0xa9, 0xa8, 0xa8, 0xaf, 0xa2, 0xb5,
0x9c, 0x08, 0x9c, 0xb5, 0xba, 0x93, 0xc0, 0x1b, 0xc0, 0xba, 0x83, 0x7a, 0xb6, 0x1f, 0xb5, 0x7a,
0xaf, 0x74, 0xa9, 0x6e, 0xa8, 0x6d, 0xa2, 0x68, 0x9b, 0x62, 0x08, 0x9a, 0x62, 0x93, 0x5e, 0x5a,
0x1a, 0xfb, 0x09, 0x07, 0x5b, 0x83, 0x5f, 0x7c, 0x62, 0x1e, 0x7b, 0x62, 0x74, 0x67, 0x6e, 0x6e,
0x6e, 0x6d, 0x67, 0x74, 0x61, 0x7a, 0x08, 0x7a, 0x61, 0x5c, 0x83, 0x56, 0x1b, 0x56, 0x5b, 0x93,
0x9c, 0x61, 0x1f, 0x60, 0x9c, 0x67, 0xa2, 0x6e, 0xa9, 0x6d, 0xa8, 0x74, 0xaf, 0x7b, 0xb4, 0x08,
0x7b, 0xb4, 0x83, 0xb7, 0xbb, 0x1a, 0xf7, 0x37, 0x16, 0x6f, 0x8f, 0x71, 0x92, 0x74, 0x1e, 0x92,
0x73, 0x97, 0x76, 0x9a, 0x7a, 0x9a, 0x7a, 0x9d, 0x7d, 0xa2, 0x81, 0x08, 0x81, 0xa2, 0xa5, 0x86,
0xaa, 0x1b, 0xa8, 0xa5, 0x90, 0x95, 0xa2, 0x1f, 0xa1, 0x95, 0x9d, 0x99, 0x9a, 0x9c, 0x9a, 0x9c,
0x96, 0xa0, 0x93, 0xa3, 0x08, 0x92, 0xa2, 0x8f, 0xa5, 0xa7, 0x1a, 0xf7, 0x09, 0x07, 0xa6, 0x87,
0xa5, 0x84, 0xa3, 0x1e, 0x83, 0xa2, 0x80, 0xa0, 0x7c, 0x9d, 0x7c, 0x9c, 0x78, 0x99, 0x75, 0x95,
0x08, 0x95, 0x74, 0x71, 0x90, 0x6d, 0x1b, 0x6d, 0x71, 0x86, 0x81, 0x75, 0x1f, 0x74, 0x81, 0x79,
0x7d, 0x7c, 0x7a, 0x7c, 0x79, 0x7f, 0x76, 0x84, 0x74, 0x08, 0x84, 0x73, 0x87, 0x71, 0x70, 0x1a,
0x0e, 0xf8, 0x07, 0xf9, 0x7f, 0x49, 0x0a, 0xf9, 0xb7, 0x1c, 0xfa, 0x4f, 0x15, 0xfc, 0xaf, 0xec,
0x06, 0xf7, 0x97, 0xf7, 0x88, 0x9d, 0x9c, 0x9b, 0x9b, 0x98, 0x99, 0x19, 0x99, 0x9a, 0x96, 0x99,
0x93, 0x97, 0x95, 0x9a, 0x93, 0x98, 0x8f, 0x97, 0x08, 0x90, 0x98, 0x8d, 0x97, 0x96, 0x1a, 0x9a,
0x88, 0x99, 0x86, 0x97, 0x1e, 0x85, 0x97, 0x84, 0x96, 0x81, 0x94, 0x82, 0x93, 0x7f, 0x92, 0x7e,
0x8f, 0x08, 0x90, 0x7d, 0x7c, 0x8d, 0x79, 0x1b, 0x76, 0x78, 0x88, 0x85, 0x7b, 0x1f, 0x7a, 0x86,
0x7e, 0x83, 0x80, 0x81, 0x80, 0x80, 0x82, 0x7e, 0x86, 0x7c, 0x08, 0x85, 0x7d, 0x88, 0x7a, 0x79,
0x1a, 0xfb, 0x22, 0x06, 0xac, 0x91, 0xa9, 0x98, 0xa8, 0x1e, 0x97, 0xa8, 0x9d, 0xa4, 0xa3, 0xa1,
0xa2, 0xa0, 0xa7, 0x9b, 0xad, 0x98, 0x08, 0x97, 0xac, 0xb0, 0x91, 0xb5, 0x1b, 0xb2, 0xaf, 0x86,
0x81, 0xab, 0x1f, 0xab, 0x81, 0xa6, 0x7d, 0xa1, 0x78, 0xa1, 0x79, 0x9c, 0x74, 0x97, 0x71, 0x08,
0x97, 0x71, 0x91, 0x6e, 0x6a, 0x1a, 0x73, 0x87, 0x74, 0x83, 0x76, 0x1e, 0x83, 0x75, 0x7f, 0x77,
0x7c, 0x76, 0x7c, 0x76, 0x78, 0x76, 0x76, 0x76, 0x76, 0x75, 0x73, 0x75, 0x71, 0x74, 0xfb, 0x31,
0xfb, 0x17, 0x18, 0xf7, 0xfb, 0x06, 0xfd, 0xd4, 0xf5, 0x30, 0x1d, 0xf8, 0x13, 0xf9, 0x83, 0x49,
0x0a, 0xf9, 0x41, 0x1c, 0xfb, 0x58, 0x6d, 0x1d, 0xfc, 0x92, 0xfb, 0xaf, 0x30, 0x1d, 0xfa, 0xe1,
0xf7, 0xa1, 0x6d, 0x1d, 0xfd, 0x68, 0xf9, 0x21, 0x15, 0xd6, 0x06, 0xa0, 0x9d, 0x8d, 0x8f, 0x9b,
0x1f, 0x9a, 0x90, 0x99, 0x91, 0x96, 0x92, 0x97, 0x94, 0x94, 0x95, 0x91, 0x98, 0x08, 0x91, 0x98,
0x8f, 0x99, 0x9a, 0x1a, 0x98, 0x88, 0x97, 0x87, 0x96, 0x1e, 0x86, 0x96, 0x85, 0x94, 0x82, 0x93,
0x81, 0x94, 0x7e, 0x92, 0x7c, 0x90, 0x08, 0x90, 0x7b, 0x79, 0x8e, 0x76, 0x1b, 0x78, 0x79, 0x89,
0x86, 0x7b, 0x1f, 0x7b, 0x86, 0x7e, 0x84, 0x80, 0x83, 0x83, 0x84, 0x85, 0x82, 0x86, 0x82, 0x08,
0x86, 0x82, 0x89, 0x81, 0x7f, 0x1a, 0xfb, 0x21, 0x06, 0xaa, 0x91, 0xa6, 0x99, 0xa4, 0x1e, 0x98,
0xa4, 0x9e, 0xa0, 0xa2, 0x9c, 0xa2, 0x9c, 0xa6, 0x98, 0xaa, 0x94, 0x08, 0x94, 0xab, 0xac, 0x90,
0xaf, 0x1b, 0xb2, 0xae, 0x87, 0x82, 0xab, 0x1f, 0xac, 0x82, 0xa7, 0x7f, 0xa2, 0x7a, 0xa2, 0x79,
0x9e, 0x76, 0x97, 0x72, 0x08, 0x98, 0x72, 0x92, 0x6e, 0x6a, 0x1a, 0x77, 0x87, 0x78, 0x84, 0x79,
0x1e, 0x83, 0x7a, 0x80, 0x7b, 0x7e, 0x7c, 0x80, 0x81, 0x80, 0x82, 0x7e, 0x82, 0x7d, 0x83, 0x7d,
0x84, 0x7a, 0x85, 0x9f, 0x85, 0x9d, 0x84, 0x9a, 0x83, 0x9a, 0x83, 0x98, 0x81, 0x96, 0x80, 0x9a,
0x7d, 0x95, 0x7a, 0x93, 0x77, 0x08, 0x92, 0x78, 0x8e, 0x75, 0x73, 0x1a, 0x69, 0x84, 0x6e, 0x7d,
0x71, 0x1e, 0x7d, 0x71, 0x78, 0x76, 0x72, 0x79, 0x72, 0x7a, 0x6e, 0x7d, 0x69, 0x26, 0x1d, 0x69,
0x67, 0x86, 0x65, 0x1b, 0x69, 0x6a, 0x8f, 0x93, 0x54, 0x1d, 0x9d, 0x71, 0x9b, 0x77, 0xa1, 0x7c,
0xa5, 0x08, 0x7b, 0xa6, 0x84, 0xaa, 0xb0, 0x1a, 0xf7, 0x22, 0x06, 0x7f, 0x8d, 0x80, 0x90, 0x80,
0x1e, 0x90, 0x81, 0x92, 0x81, 0x94, 0x84, 0x96, 0x80, 0x9a, 0x83, 0x9c, 0x85, 0x08, 0x85, 0x9d,
0x9e, 0x88, 0xa2, 0x1b, 0xa0, 0x9e, 0x8e, 0x90, 0x9c, 0x1f, 0x9b, 0x90, 0x99, 0x92, 0x97, 0x95,
0x94, 0x93, 0x92, 0x96, 0x91, 0x97, 0x08, 0x90, 0x97, 0x8d, 0x98, 0x99, 0x1a, 0x9d, 0x88, 0x9b,
0x85, 0x98, 0x1e, 0x85, 0x97, 0x83, 0x96, 0x7f, 0x93, 0x7f, 0x94, 0x7b, 0x91, 0x79, 0x8f, 0x08,
0x90, 0x78, 0x77, 0x8d, 0x74, 0x1b, 0x40, 0x06, 0xf7, 0x8c, 0xfd, 0xd5, 0x30, 0x1d, 0x5a, 0x0a,
0x4c, 0x0a, 0x1c, 0x04, 0xa6, 0x16, 0xfc, 0x40, 0x06, 0x62, 0x86, 0x60, 0x87, 0x5f, 0x87, 0x08,
0x86, 0x5f, 0x5e, 0x89, 0x5d, 0x1b, 0x4a, 0x51, 0x96, 0xa2, 0x58, 0x1f, 0x57, 0xa1, 0x5f, 0xac,
0x67, 0xb7, 0x66, 0xb7, 0x6f, 0xc2, 0x78, 0xcc, 0x08, 0x77, 0xcc, 0x81, 0xd6, 0xe0, 0x1a, 0xf8,
0x57, 0x07, 0xe0, 0x95, 0xd7, 0x9e, 0xcc, 0x1e, 0x9e, 0xcc, 0xa7, 0xc1, 0xaf, 0xb7, 0xaf, 0xb7,
0xb7, 0xac, 0xbf, 0xa2, 0x08, 0xa2, 0xbe, 0xc5, 0x96, 0xcc, 0x1b, 0xb9, 0xb8, 0x89, 0x87, 0xb8,
0x1f, 0xb8, 0x87, 0xb6, 0x86, 0xb4, 0x86, 0x08, 0xf8, 0x36, 0xfb, 0x2c, 0xfc, 0x21, 0xfc, 0x70,
0xf7, 0xec, 0xfb, 0x2c, 0xfb, 0xec, 0xfc, 0xa1, 0xf8, 0x2b, 0x06, 0xfd, 0x47, 0x77, 0x15, 0x9b,
0x9c, 0x8b, 0x8c, 0x9b, 0x1f, 0x9c, 0x9b, 0x8c, 0x8c, 0x9c, 0x1f, 0x1c, 0x04, 0xa2, 0x07, 0x7a,
0x8c, 0x7b, 0x8c, 0x7a, 0x8c, 0x08, 0x8c, 0x7a, 0x7a, 0x8b, 0x7a, 0x1b, 0x65, 0x69, 0x85, 0x7f,
0x6e, 0x1f, 0x6e, 0x7e, 0x72, 0x77, 0x78, 0x6e, 0x78, 0x6e, 0x7c, 0x66, 0x81, 0x5c, 0x08, 0x81,
0x5c, 0x86, 0x50, 0x45, 0x1a, 0xfc, 0x59, 0x07, 0x45, 0x90, 0x50, 0x95, 0x5c, 0x1e, 0x95, 0x5b,
0x9a, 0x65, 0x9f, 0x6e, 0x9f, 0x6e, 0xa4, 0x77, 0xa8, 0x7f, 0x08, 0x7e, 0xa8, 0xad, 0x85, 0xb1,
0x1b, 0x0e, 0xb9, 0xf9, 0x13, 0x15, 0xd1, 0x93, 0xca, 0x9a, 0xc4, 0x1e, 0x9a, 0xc4, 0xa1, 0xbb,
0xa8, 0xb4, 0xa8, 0xb4, 0xae, 0xaa, 0xb6, 0xa1, 0x08, 0xa1, 0xb6, 0xbb, 0x96, 0xc2, 0x1b, 0xb0,
0xac, 0x86, 0x82, 0xaa, 0x1f, 0xaa, 0x81, 0xa6, 0x7d, 0xa4, 0x79, 0x99, 0x82, 0x98, 0x80, 0x97,
0x7f, 0x97, 0x7e, 0x96, 0x7e, 0x95, 0x7c, 0x96, 0x9b, 0x98, 0x9a, 0x98, 0x98, 0x98, 0x98, 0x98,
0x97, 0x9a, 0x95, 0xa2, 0x9c, 0xa3, 0x97, 0xa6, 0x94, 0x08, 0x93, 0xa6, 0xa6, 0x8f, 0xa8, 0x1b,
0xc2, 0xbb, 0x80, 0x76, 0xb4, 0x1f, 0xb3, 0x76, 0xac, 0x6d, 0xa6, 0x65, 0xa5, 0x65, 0x9e, 0x5e,
0x98, 0x57, 0x08, 0x98, 0x57, 0x91, 0x53, 0x4e, 0x1a, 0xfb, 0x49, 0xfc, 0x5e, 0x4b, 0x07, 0x71,
0x8c, 0x72, 0x8d, 0x74, 0x1e, 0x8c, 0x73, 0x8f, 0x75, 0x90, 0x76, 0x92, 0x70, 0x93, 0x73, 0x95,
0x76, 0x95, 0x76, 0x96, 0x7a, 0x98, 0x7e, 0x97, 0x7e, 0x99, 0x82, 0x9a, 0x85, 0x08, 0x84, 0x9a,
0x9d, 0x88, 0x9e, 0x1b, 0xa2, 0xa1, 0x8d, 0x8f, 0x9e, 0x1f, 0x9e, 0x8f, 0x9d, 0x90, 0x9a, 0x92,
0x9a, 0x92, 0x99, 0x92, 0x97, 0x93, 0x97, 0x93, 0x96, 0x94, 0x96, 0x94, 0xc2, 0xfb, 0x12, 0x18,
0x80, 0x7f, 0x7e, 0x7f, 0x7c, 0x80, 0x7c, 0x80, 0x79, 0x81, 0x77, 0x82, 0x77, 0x82, 0x74, 0x84,
0x72, 0x86, 0x08, 0x86, 0x72, 0x6e, 0x88, 0x6b, 0x1b, 0x65, 0x68, 0x90, 0x94, 0x6b, 0x1f, 0x6a,
0x94, 0x6e, 0x99, 0x72, 0x9e, 0x7e, 0x94, 0x7e, 0x96, 0x7f, 0x97, 0x7f, 0x97, 0x80, 0x98, 0x81,
0x99, 0x80, 0x7c, 0x80, 0x7d, 0x7e, 0x7e, 0x7e, 0x7e, 0x7d, 0x80, 0x7d, 0x81, 0x72, 0x7a, 0x70,
0x7f, 0x6e, 0x26, 0x1d, 0x6d, 0x6b, 0x87, 0x68, 0x1b, 0x54, 0x5a, 0x96, 0xa1, 0x60, 0x1f, 0x60,
0xa1, 0x67, 0xaa, 0x6e, 0xb3, 0x6e, 0xb3, 0x75, 0xbb, 0x7c, 0xc4, 0x08, 0x7c, 0xc4, 0x83, 0xca,
0xd1, 0x1a, 0xf7, 0x4e, 0x16, 0x5e, 0x8e, 0x61, 0x91, 0x65, 0x1e, 0x90, 0x64, 0x94, 0x6a, 0x98,
0x70, 0x98, 0x70, 0x9b, 0x75, 0x9f, 0x27, 0x0a, 0x9f, 0xa3, 0x83, 0xa8, 0x1b, 0x9c, 0x9b, 0x8e,
0x92, 0x9a, 0x1f, 0x9a, 0x91, 0x97, 0x93, 0x94, 0x96, 0x9b, 0x9c, 0x98, 0x9f, 0x95, 0xa0, 0x94,
0xa0, 0x92, 0x9f, 0x8e, 0x9e, 0x8f, 0xa2, 0x8f, 0xa3, 0x8e, 0xa6, 0x08, 0x8e, 0xa6, 0x8c, 0xa7,
0xa8, 0x1a, 0xf7, 0x5a, 0x07, 0xa2, 0x8a, 0xa2, 0x8a, 0xa1, 0x1e, 0x89, 0xa0, 0x89, 0x9f, 0x88,
0x9e, 0x88, 0x9d, 0x87, 0x9c, 0x86, 0x9c, 0x86, 0x9b, 0x86, 0x9a, 0x85, 0x98, 0x7e, 0xa6, 0x7b,
0xa1, 0x77, 0x2b, 0x1d, 0x76, 0x73, 0x93, 0x6f, 0x1b, 0x6f, 0x73, 0x83, 0x7c, 0x78, 0x1f, 0x77,
0x7b, 0x7b, 0x75, 0x7f, 0x70, 0x7e, 0x70, 0x82, 0x6a, 0x85, 0x65, 0x08, 0x85, 0x64, 0x88, 0x62,
0x5e, 0x1a, 0xf9, 0x1b, 0xf7, 0xcb, 0x15, 0x7e, 0x7f, 0x89, 0x86, 0x80, 0x1f, 0x80, 0x86, 0x80,
0x83, 0x81, 0x81, 0x7d, 0x7c, 0x7f, 0x77, 0x81, 0x71, 0x80, 0x71, 0x84, 0x6f, 0x86, 0x6d, 0x88,
0x79, 0x89, 0x78, 0x89, 0x76, 0x08, 0x89, 0x76, 0x8a, 0x75, 0x74, 0x1a, 0x87, 0xf7, 0xa5, 0xe0,
0x07, 0xa7, 0x89, 0xa6, 0x86, 0xa5, 0x1e, 0x86, 0xa5, 0x83, 0xa2, 0x80, 0xa0, 0x80, 0x9f, 0x7d,
0x9b, 0x7a, 0x98, 0x08, 0x97, 0x7a, 0x76, 0x91, 0x72, 0x1b, 0x0e, 0xf9, 0xe1, 0x1c, 0x05, 0x06,
0x15, 0xd0, 0x3c, 0xc2, 0x2d, 0xb2, 0xfb, 0x01, 0x08, 0xb2, 0xfb, 0x02, 0x9e, 0xfb, 0x10, 0xfb,
0x1d, 0x1a, 0x4d, 0x07, 0x54, 0x87, 0x58, 0x82, 0x5b, 0x1e, 0x82, 0x5a, 0x7e, 0x5f, 0x7a, 0x62,
0x75, 0x58, 0x6f, 0x5e, 0x6a, 0x63, 0x6a, 0x63, 0x66, 0x6a, 0x61, 0x71, 0x66, 0x75, 0x64, 0x7a,
0x60, 0x80, 0x08, 0x7f, 0x60, 0x5e, 0x85, 0x5c, 0x1b, 0x43, 0x49, 0x98, 0xa4, 0x4f, 0x1f, 0x4e,
0xa4, 0x57, 0xad, 0x60, 0xb7, 0x5f, 0xb7, 0x69, 0xbf, 0x73, 0xc6, 0x08, 0x73, 0xc6, 0x7f, 0xcb,
0xcf, 0x1a, 0xd8, 0x97, 0xd0, 0xa4, 0xca, 0x1e, 0xa3, 0xca, 0xad, 0xc0, 0xb7, 0xb8, 0xb6, 0xb8,
0xbf, 0xad, 0xc7, 0xa4, 0x08, 0xa3, 0xc6, 0xcc, 0x97, 0xd1, 0x1b, 0xc6, 0xc2, 0x80, 0x74, 0xbe,
0x1f, 0xbe, 0x74, 0xb7, 0x6d, 0xb1, 0x66, 0x7c, 0xd4, 0x74, 0xcc, 0x6d, 0xc3, 0x6d, 0xc3, 0x67,
0xbc, 0x62, 0xb5, 0xfb, 0x9e, 0xfb, 0x2c, 0x18, 0x42, 0xee, 0xf7, 0x83, 0xf7, 0x1d, 0x70, 0x9d,
0x6f, 0x9b, 0x6e, 0x99, 0x19, 0x6e, 0x98, 0x6d, 0x97, 0x6c, 0x96, 0xc4, 0xf7, 0x33, 0x18, 0xc0,
0x7c, 0xbe, 0x78, 0xbb, 0x73, 0xba, 0x72, 0xb8, 0x6e, 0xb5, 0x69, 0xf7, 0x7a, 0xf7, 0x18, 0x18,
0xd4, 0x27, 0x05, 0xfc, 0x7b, 0x1c, 0xfb, 0x03, 0x15, 0xa9, 0xa7, 0x8f, 0x94, 0xa6, 0x1f, 0xa5,
0x93, 0xa3, 0x97, 0xa1, 0x9b, 0xa5, 0x9d, 0xa2, 0xa3, 0xa0, 0xa7, 0x9f, 0xa8, 0x9c, 0xad, 0x99,
0xb1, 0x96, 0xaa, 0x93, 0xae, 0x91, 0xb0, 0x08, 0x91, 0xb0, 0x8e, 0xb3, 0xb4, 0x1a, 0xcb, 0x07,
0x94, 0x8b, 0x93, 0x93, 0x1a, 0x8a, 0x93, 0x8b, 0x93, 0x94, 0x1a, 0x74, 0xaf, 0x65, 0xab, 0x56,
0xa8, 0x08, 0xa8, 0x56, 0x46, 0x99, 0x38, 0x1b, 0x5d, 0x61, 0x82, 0x78, 0x66, 0x1f, 0x66, 0x78,
0x6b, 0x71, 0x71, 0x6a, 0x70, 0x6a, 0x77, 0x65, 0x7d, 0x60, 0x08, 0x7d, 0x60, 0x84, 0x5d, 0x5a,
0x1a, 0x62, 0x92, 0x62, 0x99, 0x63, 0x1e, 0x99, 0x62, 0x9f, 0x67, 0xa6, 0x6c, 0xa5, 0x6b, 0xab,
0x71, 0xb2, 0x78, 0x08, 0x77, 0xb1, 0xb7, 0x81, 0xbc, 0x1b, 0x0e, 0xf7, 0xf5, 0x1c, 0x05, 0xb0,
0x15, 0xfb, 0xb9, 0xf7, 0xa9, 0x07, 0xd9, 0xd0, 0x81, 0x76, 0xc8, 0x1f, 0xc7, 0x76, 0xbe, 0x6d,
0xb5, 0x66, 0xb4, 0x65, 0x47, 0x1d, 0x52, 0x4d, 0x1a, 0x4d, 0x80, 0x52, 0x76, 0x57, 0x1e, 0x75,
0x57, 0x6b, 0x5e, 0x62, 0x66, 0x61, 0x46, 0x1d, 0x3d, 0x1b, 0xfb, 0xa9, 0xfb, 0xcd, 0xfb, 0x4d,
0x21, 0x1d, 0x06, 0xf7, 0x4d, 0xfc, 0x51, 0x15, 0xfc, 0xb6, 0xf7, 0xa9, 0x07, 0xbf, 0xb8, 0x93,
0x9a, 0xb1, 0x1f, 0xb1, 0x9a, 0xab, 0x9f, 0xa4, 0xa4, 0xa4, 0xa4, 0x9d, 0xa7, 0x97, 0xac, 0x08,
0x97, 0xac, 0x91, 0xad, 0xae, 0x1a, 0xaf, 0x85, 0xae, 0x7f, 0xac, 0x1e, 0x7f, 0xac, 0x79, 0xa8,
0x72, 0xa5, 0x72, 0xa4, 0x6c, 0xa0, 0x65, 0x2b, 0x1d, 0x64, 0x5e, 0x92, 0x57, 0x1b, 0x0e, 0xfa,
0xd3, 0xf8, 0xa5, 0x15, 0x3e, 0x82, 0x43, 0x79, 0x48, 0x1e, 0x79, 0x48, 0x70, 0x50, 0x68, 0x5a,
0x67, 0x5a, 0x5f, 0x64, 0x57, 0x6f, 0x08, 0x6f, 0x57, 0x4f, 0x7d, 0x47, 0x1b, 0x64, 0x66, 0x8f,
0x93, 0x69, 0x1f, 0x69, 0x92, 0x6c, 0x96, 0x6e, 0x9a, 0x77, 0x95, 0x78, 0x97, 0x7a, 0x99, 0x79,
0x98, 0x7a, 0x9b, 0x7c, 0x9c, 0x08, 0xfc, 0x9f, 0xfb, 0x4d, 0x1c, 0x07, 0xb6, 0xf7, 0x4d, 0xfc,
0xe0, 0x07, 0x9a, 0x9d, 0x9c, 0x9b, 0x9d, 0x9a, 0x9c, 0x99, 0x9e, 0x97, 0x9f, 0x96, 0xa7, 0x9a,
0xaa, 0x97, 0xad, 0x93, 0x08, 0x92, 0xac, 0xaf, 0x8f, 0xb2, 0x1b, 0xd0, 0xc8, 0x7d, 0x70, 0xc0,
0x1f, 0xc0, 0x70, 0xb7, 0x65, 0xae, 0x5a, 0xae, 0x5a, 0xa6, 0x51, 0x9d, 0x48, 0x08, 0x9d, 0x47,
0x94, 0x41, 0x3a, 0x1a, 0xfb, 0x4d, 0x16, 0xc0, 0x85, 0xbd, 0x80, 0xbb, 0x1e, 0x80, 0xba, 0x79,
0xb5, 0x74, 0xb0, 0x73, 0xaf, 0x6d, 0xa8, 0x66, 0xa0, 0x08, 0xa0, 0x66, 0x5f, 0x96, 0x58, 0x1b,
0x6c, 0x6e, 0x87, 0x84, 0x71, 0x1f, 0x70, 0x83, 0x74, 0x80, 0x76, 0x7d, 0x77, 0x7e, 0x79, 0x7c,
0x7c, 0x79, 0x7b, 0x79, 0x7d, 0x77, 0x7f, 0x76, 0x08, 0xfc, 0x9a, 0x07, 0x97, 0x77, 0x98, 0x79,
0x9a, 0x7a, 0x9a, 0x7a, 0x9b, 0x7c, 0x9e, 0x7e, 0xa0, 0x7c, 0xa4, 0x80, 0xa6, 0x83, 0x08, 0x82,
0xa6, 0xaa, 0x87, 0xac, 0x1b, 0xbe, 0xb6, 0x96, 0xa1, 0xb0, 0x1f, 0xb0, 0xa0, 0xa9, 0xa8, 0xa2,
0xb0, 0xa2, 0xb0, 0x9d, 0xb5, 0x96, 0x90, 0x1d, 0xf7, 0xf5, 0x16, 0xfb, 0x4c, 0xfa, 0xd3, 0x06,
0xd6, 0x95, 0xcd, 0x9f, 0xc6, 0x1e, 0x9e, 0xc6, 0xa7, 0xbc, 0xae, 0xb3, 0xae, 0xb3, 0xb4, 0xaa,
0xbb, 0xa0, 0x08, 0xa0, 0xbb, 0xbf, 0x95, 0xc4, 0x1b, 0xbd, 0xba, 0x84, 0x7e, 0xb6, 0x1f, 0xb6,
0x7d, 0xb1, 0x76, 0xac, 0x6f, 0xac, 0x6f, 0xa4, 0x68, 0x9e, 0x61, 0x08, 0x9e, 0x60, 0x94, 0x59,
0x52, 0x1a, 0x56, 0x84, 0x5f, 0x7e, 0x68, 0x1e, 0x7e, 0x67, 0x7c, 0x6b, 0x7b, 0x6f, 0x7b, 0x6f,
0x7d, 0x70, 0x7e, 0x72, 0x08, 0x7e, 0x71, 0x84, 0x6d, 0x6a, 0x1a, 0x6c, 0x93, 0x70, 0x9a, 0x72,
0x1e, 0x9a, 0x72, 0x9d, 0x73, 0xa2, 0x74, 0xa2, 0x74, 0xa3, 0x73, 0xa6, 0x74, 0xa6, 0x74, 0xa3,
0x71, 0xa2, 0x70, 0xa2, 0x70, 0x9e, 0x6c, 0x9a, 0x6a, 0x08, 0x9a, 0x6a, 0x92, 0x64, 0x60, 0x1a,
0x52, 0x83, 0x5a, 0x7a, 0x61, 0x1e, 0x7a, 0x61, 0x73, 0x68, 0x6c, 0x6f, 0x6c, 0x6f, 0x67, 0x76,
0x61, 0x7d, 0x08, 0x7d, 0x60, 0x5d, 0x84, 0x58, 0x1b, 0x70, 0x6e, 0x8d, 0x8f, 0x6e, 0x1f, 0x6e,
0x8e, 0x6f, 0x90, 0x70, 0x92, 0x70, 0x91, 0x72, 0x92, 0x74, 0x94, 0x74, 0x94, 0x79, 0x94, 0x7e,
0x96, 0xb5, 0xf7, 0x2f, 0x18, 0x97, 0x84, 0x9a, 0x83, 0x9d, 0x82, 0x9c, 0x82, 0x9f, 0x82, 0xa0,
0x84, 0xa0, 0x83, 0xa1, 0x85, 0xa2, 0x86, 0x08, 0x86, 0xa2, 0xa1, 0x88, 0xa2, 0x1b, 0xaa, 0xa6,
0x90, 0x94, 0xa2, 0x1f, 0xa2, 0x94, 0x9d, 0x97, 0x9a, 0x9b, 0x9a, 0x9b, 0x96, 0x9e, 0x92, 0xa0,
0x08, 0x92, 0xa0, 0x8e, 0xa3, 0xa4, 0x1a, 0xaa, 0x84, 0xa8, 0x7c, 0xa5, 0x1e, 0x7c, 0xa4, 0x78,
0xa4, 0x74, 0xa2, 0x74, 0xa2, 0x73, 0xa2, 0x70, 0xa3, 0x70, 0xa2, 0x73, 0xa5, 0x74, 0xa7, 0x74,
0xa6, 0x78, 0xaa, 0x7c, 0xae, 0x08, 0x7c, 0xad, 0x83, 0xb3, 0xb8, 0x1a, 0xa5, 0x8e, 0xa3, 0x92,
0xa1, 0x1e, 0x92, 0xa1, 0x93, 0xa0, 0x96, 0x9f, 0x95, 0x9e, 0x96, 0x9e, 0x97, 0x9e, 0x97, 0x9d,
0x96, 0x9e, 0x96, 0x9f, 0x95, 0x9e, 0x93, 0xa0, 0x92, 0xa0, 0x08, 0x92, 0xa0, 0x8e, 0xa2, 0xa4,
0x1a, 0xac, 0x86, 0xa9, 0x81, 0xa4, 0x1e, 0x81, 0xa4, 0x7e, 0xa0, 0x7b, 0x9c, 0x7a, 0x9c, 0x79,
0x97, 0x76, 0x28, 0x0a, 0x76, 0x75, 0x8f, 0x76, 0x1b, 0x49, 0x56, 0x70, 0x54, 0x64, 0x1f, 0x63,
0x54, 0x77, 0x3c, 0x8a, 0x24, 0x08, 0x0e, 0xfa, 0x1f, 0xf8, 0x0b, 0x15, 0xa9, 0x86, 0xa7, 0x81,
0xa5, 0x1e, 0x80, 0xa4, 0x7b, 0xa3, 0x74, 0xa1, 0x74, 0xa1, 0x6e, 0xa0, 0x67, 0x9e, 0x67, 0x9e,
0x60, 0x9c, 0x5a, 0x9b, 0x4d, 0x9e, 0x53, 0xa2, 0x59, 0xa4, 0x59, 0xa4, 0x60, 0xaa, 0x68, 0xae,
0x67, 0xae, 0x6f, 0xb3, 0x78, 0xb8, 0x08, 0x78, 0xb8, 0x81, 0xc0, 0xc6, 0x1a, 0xc3, 0x94, 0xbe,
0x9c, 0xb8, 0x1e, 0x9c, 0xb8, 0xa3, 0xb3, 0xaa, 0xad, 0xaa, 0xac, 0xb0, 0xa6, 0xb8, 0xa0, 0xb7,
0xa0, 0xbc, 0x98, 0xc1, 0x92, 0x08, 0xf7, 0x70, 0xf7, 0x29, 0xfb, 0x70, 0x07, 0xbc, 0x84, 0xb7,
0x7f, 0xb3, 0x78, 0xb3, 0x78, 0xae, 0x72, 0xa8, 0x6d, 0xb1, 0x63, 0xa8, 0x5a, 0x9f, 0x50, 0x9f,
0x50, 0x95, 0x47, 0x8c, 0x3e, 0x08, 0xfb, 0x4c, 0x06, 0xb8, 0x86, 0xb4, 0x80, 0xb1, 0x1e, 0x80,
0xb0, 0x7b, 0xac, 0x76, 0xa6, 0x76, 0xa6, 0x71, 0xa0, 0x6c, 0x9a, 0x08, 0x9a, 0x6c, 0x68, 0x93,
0x64, 0x1b, 0x60, 0x66, 0x85, 0x7f, 0x6c, 0x1f, 0x6b, 0x7f, 0x71, 0x7a, 0x77, 0x75, 0x78, 0x77,
0x7d, 0x73, 0x82, 0x70, 0x08, 0x81, 0x6f, 0x86, 0x6c, 0x69, 0x1a, 0x6a, 0x90, 0x6d, 0x96, 0x71,
0x1e, 0x96, 0x71, 0x9c, 0x73, 0xa2, 0x76, 0xa2, 0x76, 0xa8, 0x77, 0xb0, 0x79, 0xaf, 0x78, 0xb7,
0x79, 0xbe, 0x7a, 0xca, 0x76, 0xc3, 0x74, 0xbd, 0x72, 0xbd, 0x72, 0xb5, 0x6d, 0xae, 0x69, 0xae,
0x69, 0xa5, 0x64, 0x9e, 0x5e, 0x08, 0x9d, 0x5e, 0x94, 0x57, 0x50, 0x1a, 0x51, 0x82, 0x57, 0x79,
0x5d, 0x1e, 0x78, 0x5d, 0x71, 0x64, 0x6a, 0x6a, 0x6a, 0x6a, 0x62, 0x70, 0x5c, 0x77, 0x5b, 0x77,
0x56, 0x7e, 0x51, 0x85, 0x08, 0xfb, 0x54, 0xfb, 0x29, 0xf7, 0x53, 0x07, 0x57, 0x90, 0x59, 0x97,
0x5c, 0x9e, 0x5b, 0x9e, 0x61, 0xa6, 0x66, 0xaf, 0x66, 0xae, 0x6e, 0xb8, 0x75, 0xc1, 0x08, 0x75,
0xc1, 0x80, 0xcc, 0xd6, 0x1a, 0xf7, 0x4d, 0x06, 0x53, 0x93, 0x5d, 0x9c, 0x66, 0x1e, 0x9c, 0x66,
0xa0, 0x6d, 0xa6, 0x75, 0xa5, 0x75, 0xa9, 0x7b, 0xac, 0x82, 0x08, 0x82, 0xac, 0xad, 0x86, 0xad,
0x1b, 0xb6, 0xb2, 0x90, 0x96, 0xae, 0x1f, 0xae, 0x96, 0xa8, 0x9a, 0xa3, 0xa0, 0xa3, 0x9f, 0x9e,
0xa4, 0x98, 0xa8, 0x08, 0x98, 0xa8, 0x91, 0xab, 0xb0, 0x1a, 0x0e, 0xf9, 0x13, 0xf7, 0x16, 0x15,
0xac, 0xac, 0x90, 0x96, 0xab, 0x1f, 0xaa, 0x96, 0xa7, 0x9a, 0xa4, 0x9e, 0xa4, 0x9e, 0x9f, 0xa1,
0x9a, 0xa5, 0x9a, 0xa4, 0x92, 0xa7, 0x8c, 0xa9, 0x08, 0xf7, 0x43, 0x06, 0x8a, 0x60, 0x81, 0x63,
0x78, 0x64, 0x78, 0x64, 0x71, 0x67, 0x6a, 0x6c, 0x6a, 0x6b, 0x65, 0x70, 0x60, 0x75, 0x5f, 0x75,
0x5d, 0x7c, 0x5a, 0x83, 0x08, 0xfb, 0x7c, 0xfb, 0x4d, 0xf7, 0x7f, 0x07, 0x4b, 0x97, 0x53, 0xa2,
0x5b, 0xac, 0x5a, 0xac, 0x63, 0xb3, 0x6b, 0xba, 0x6b, 0xba, 0x73, 0xc0, 0x7b, 0xc6, 0x08, 0x7a,
0xc6, 0x83, 0xc8, 0xca, 0x1a, 0xb5, 0x07, 0xca, 0x93, 0xc8, 0x9c, 0xc6, 0x1e, 0x9b, 0xc5, 0xa3,
0xc0, 0xab, 0xbb, 0xab, 0xba, 0xb3, 0xb4, 0xbc, 0xac, 0xbb, 0xac, 0xc3, 0xa1, 0xcb, 0x97, 0x08,
0xf7, 0x76, 0xf7, 0x4d, 0xfb, 0x72, 0x07, 0xc0, 0x83, 0xbc, 0x7c, 0xb7, 0x74, 0xb7, 0x74, 0xb1,
0x6e, 0xab, 0x69, 0xab, 0x69, 0xa4, 0x64, 0x9d, 0x60, 0x08, 0x9c, 0x60, 0x94, 0x5d, 0x5a, 0x1a,
0xfb, 0x43, 0x06, 0x8a, 0xac, 0x84, 0xaa, 0x7e, 0xa8, 0x7d, 0xa8, 0x78, 0xa4, 0x74, 0xa1, 0x74,
0xa1, 0x6f, 0x9c, 0x6b, 0x98, 0x08, 0x98, 0x6a, 0x68, 0x91, 0x66, 0x1b, 0x52, 0x5b, 0x68, 0x0a,
0x73, 0x66, 0x73, 0x66, 0x7a, 0x61, 0x81, 0x5d, 0x08, 0x80, 0x5d, 0x86, 0x5d, 0x5c, 0x1a, 0x61,
0x07, 0x5c, 0x90, 0x5c, 0x96, 0x5d, 0x1e, 0x95, 0x5c, 0x9c, 0x62, 0xa3, 0x66, 0xa2, 0x66, 0xab,
0x6d, 0xb2, 0x74, 0x08, 0x74, 0xb2, 0xbb, 0x7f, 0xc5, 0x1b, 0x0e, 0xf8, 0x63, 0xf9, 0x06, 0x15,
0x93, 0xfb, 0x76, 0x05, 0x6f, 0x89, 0x6f, 0x88, 0x70, 0x1e, 0x87, 0x6f, 0x85, 0x71, 0x84, 0x72,
0x86, 0x7b, 0x86, 0x7c, 0x85, 0x7c, 0x84, 0x7c, 0x84, 0x7e, 0x82, 0x7e, 0x7d, 0x1d, 0x98, 0x9e,
0x97, 0x9e, 0x95, 0xa0, 0x92, 0xa4, 0x92, 0xa3, 0x90, 0xa5, 0x8e, 0xa6, 0x08, 0x8e, 0xa6, 0x8c,
0xa3, 0xa0, 0x1a, 0x83, 0xf7, 0x76, 0x05, 0xfb, 0x39, 0xf7, 0x2c, 0xf7, 0x34, 0x06, 0x82, 0xf7,
0x99, 0x05, 0xcf, 0x96, 0xc8, 0xa2, 0xc1, 0x1e, 0xa1, 0xc1, 0xaa, 0xb9, 0xb2, 0xb1, 0xb2, 0xb0,
0xba, 0xa8, 0xc2, 0x9f, 0x08, 0x9f, 0xc2, 0xc6, 0x95, 0xcb, 0x1b, 0xcb, 0xc4, 0x82, 0x78, 0xbe,
0x1f, 0xbe, 0x78, 0xb6, 0x71, 0xae, 0x69, 0xae, 0x69, 0xa5, 0x6b, 0x0a, 0x56, 0x51, 0x1a, 0xfb,
0x4e, 0x06, 0xb5, 0x85, 0xaf, 0x7e, 0xa9, 0x1e, 0x7e, 0xa8, 0x79, 0xa4, 0x75, 0x9e, 0x74, 0x9e,
0x72, 0x99, 0x6e, 0x28, 0x0a, 0x6e, 0x6c, 0x8f, 0x6b, 0x1b, 0x69, 0x6b, 0x85, 0x7e, 0x6e, 0x1f,
0x6d, 0x7e, 0x71, 0x78, 0x76, 0x73, 0x76, 0x72, 0x7a, 0x6d, 0x7f, 0x68, 0x08, 0x7e, 0x67, 0x85,
0x63, 0x5e, 0x1a, 0x93, 0xfb, 0x99, 0x05, 0xf7, 0xd4, 0xfb, 0x2c, 0x06, 0x0e, 0xf8, 0x9a, 0x16,
0xf7, 0xda, 0xfc, 0x10, 0xf7, 0x0c, 0xf8, 0x10, 0xf7, 0x3d, 0xfc, 0x10, 0xf7, 0x0d, 0xf7, 0xd0,
0x07, 0xfc, 0x39, 0xf9, 0x64, 0x40, 0x0a, 0xf7, 0xd6, 0xfc, 0xe2, 0xb9, 0x35, 0x05, 0x8d, 0x06,
0xb9, 0xe0, 0xf7, 0xd6, 0xf8, 0xe3, 0x40, 0x0a, 0xfc, 0x39, 0xfd, 0x64, 0x05, 0xf7, 0xd2, 0xfb,
0x0d, 0xfc, 0x19, 0xfb, 0x3d, 0xf8, 0x19, 0xfb, 0x0c, 0xfc, 0x19, 0xfb, 0xda, 0x06, 0x0e, 0xfa,
0x13, 0xfa, 0x3f, 0x15, 0xfb, 0x68, 0xfe, 0x73, 0x06, 0x4d, 0x83, 0x54, 0x7a, 0x5b, 0x1e, 0x7a,
0x5b, 0x74, 0x63, 0x6c, 0x6b, 0x6c, 0x6a, 0x65, 0x73, 0x5e, 0x7a, 0x08, 0x7a, 0x5e, 0x58, 0x82,
0x52, 0x1b, 0x70, 0x70, 0x8e, 0x90, 0x70, 0x1f, 0x70, 0x90, 0x71, 0x95, 0x71, 0x98, 0x99, 0xf7,
0x28, 0x18, 0x9e, 0x80, 0xa5, 0x83, 0xab, 0x86, 0x08, 0x86, 0xaa, 0xa2, 0x88, 0x9a, 0x1b, 0xa2,
0xa0, 0x8f, 0x92, 0x9e, 0x1f, 0x9e, 0x92, 0x9b, 0x94, 0x99, 0x98, 0xa0, 0x9f, 0x9c, 0xa5, 0x96,
0xac, 0x96, 0xac, 0x90, 0xb1, 0x8c, 0xb6, 0x08, 0xfa, 0x73, 0xfb, 0x45, 0xf7, 0x23, 0xf7, 0x45,
0xee, 0x07, 0xcb, 0x95, 0xc4, 0x9e, 0xbd, 0x1e, 0x9e, 0xbc, 0xa7, 0xb5, 0xb0, 0xad, 0xaf, 0xac,
0xb7, 0xa5, 0xbe, 0x9c, 0x08, 0x9c, 0xbe, 0xc5, 0x94, 0xcb, 0x1b, 0xaa, 0xaa, 0x87, 0x84, 0xa9,
0x1f, 0xa8, 0x84, 0xaa, 0x81, 0xaa, 0x80, 0x74, 0xfb, 0x27, 0x18, 0x7a, 0x94, 0x76, 0x92, 0x74,
0x90, 0x08, 0x90, 0x73, 0x72, 0x8e, 0x70, 0x1b, 0x60, 0x8a, 0x65, 0x86, 0x6a, 0x81, 0x6a, 0x80,
0x71, 0x7c, 0x76, 0x76, 0x76, 0x77, 0x7b, 0x72, 0x81, 0x6d, 0x08, 0x81, 0x6d, 0x86, 0x69, 0x64,
0x1a, 0x8c, 0x28, 0x40, 0x0a, 0x0e, 0xfa, 0x37, 0xdf, 0x15, 0x62, 0x6a, 0x5d, 0x71, 0x59, 0x79,
0x08, 0x79, 0x59, 0x56, 0x82, 0x52, 0x1b, 0x52, 0x56, 0x94, 0x9d, 0x5a, 0x1f, 0x59, 0x9d, 0x5d,
0xa4, 0x62, 0xab, 0x23, 0xfb, 0x00, 0x18, 0xfb, 0x17, 0xf7, 0x1b, 0xf7, 0x04, 0xf7, 0x07, 0x72,
0xb5, 0x77, 0xb9, 0x7e, 0xbc, 0x19, 0x7e, 0xbc, 0x84, 0xbe, 0xc1, 0x1a, 0xc4, 0x92, 0xc2, 0x9a,
0xbe, 0x1e, 0x9a, 0xbe, 0xa0, 0xbb, 0xa7, 0xb6, 0xfb, 0x0c, 0xf7, 0x10, 0x18, 0xf7, 0x17, 0xf7,
0x1b, 0xf7, 0x09, 0xfb, 0x0e, 0xb3, 0xa8, 0xb7, 0xa2, 0xbb, 0x9b, 0x19, 0x9b, 0xba, 0xbe, 0x93,
0xc0, 0x1b, 0xc0, 0xbe, 0x83, 0x7b, 0xbb, 0x1f, 0xbb, 0x7a, 0xb7, 0x74, 0xb3, 0x6d, 0xf7, 0x0c,
0xf7, 0x11, 0x18, 0xf7, 0x18, 0xfb, 0x1c, 0xfb, 0x10, 0xfb, 0x14, 0xa6, 0x60, 0x9f, 0x5d, 0x9a,
0x58, 0x19, 0x9a, 0x58, 0x92, 0x56, 0x52, 0x1a, 0x56, 0x84, 0x58, 0x7e, 0x5b, 0x1e, 0x7e, 0x5a,
0x78, 0x5e, 0x73, 0x62, 0xf7, 0x08, 0xfb, 0x0b, 0x18, 0xfb, 0x18, 0xfb, 0x1c, 0x05, 0xfd, 0x6d,
0xf8, 0xb2, 0x15, 0x5a, 0x93, 0x5c, 0x9c, 0x5f, 0x1e, 0x9c, 0x5f, 0xa2, 0x65, 0xa8, 0x6a, 0xa8,
0x6a, 0xad, 0x70, 0xb3, 0x78, 0x08, 0x77, 0xb2, 0xb6, 0x81, 0xb9, 0x1b, 0xb9, 0xb6, 0x95, 0x9f,
0xb2, 0x1f, 0xb2, 0x9e, 0xae, 0xa6, 0xa8, 0xac, 0xa8, 0xac, 0xa1, 0xb1, 0x9c, 0xb7, 0x08, 0x9b,
0xb7, 0x93, 0xba, 0xbc, 0x1a, 0xbc, 0x83, 0xba, 0x7b, 0xb7, 0x1e, 0x7a, 0xb7, 0x75, 0xb2, 0x6e,
0xac, 0x6e, 0xac, 0x68, 0xa5, 0x64, 0x9e, 0x08, 0x9e, 0x64, 0x60, 0x95, 0x5d, 0x1b, 0x5d, 0x60,
0x81, 0x78, 0x64, 0x1f, 0x63, 0x78, 0x69, 0x71, 0x6e, 0x6a, 0x6e, 0x6a, 0x74, 0x64, 0x7a, 0x5f,
0x08, 0x7a, 0x5f, 0x83, 0x5c, 0x5a, 0x1a, 0x0e, 0xf9, 0x46, 0xf8, 0x6b, 0x5c, 0x0a, 0xf8, 0x9e,
0xf8, 0xf7, 0x15, 0xf7, 0x4d, 0xfe, 0x6b, 0xfb, 0x4d, 0x06, 0xf7, 0x62, 0x1c, 0x05, 0x52, 0x15,
0x6c, 0x81, 0x72, 0x4a, 0x0a, 0xa4, 0xaa, 0x1a, 0xab, 0x95, 0xa6, 0x9e, 0xa1, 0x1e, 0xa0, 0x9e,
0xa8, 0x96, 0xb1, 0x1b, 0xb0, 0xa8, 0x80, 0x76, 0x9f, 0x1f, 0x9e, 0x75, 0x95, 0x70, 0x6b, 0x1a,
0x0e, 0xf8, 0x93, 0xf8, 0x2e, 0x15, 0x8c, 0xbb, 0x8d, 0xb3, 0x8e, 0xaa, 0x8e, 0xaa, 0x92, 0xa6,
0x96, 0xa4, 0x96, 0xa3, 0x9a, 0xa2, 0x9f, 0xa2, 0x9f, 0xa1, 0xa6, 0xa5, 0xac, 0xaa, 0xa2, 0xa2,
0xa2, 0xa3, 0xa3, 0xa4, 0xa2, 0xa4, 0xa1, 0xa5, 0x9f, 0xa6, 0x9e, 0xa6, 0x9b, 0xa7, 0x98, 0xa9,
0x08, 0x98, 0xa9, 0x91, 0xab, 0xac, 0x1a, 0xae, 0x86, 0xaa, 0x82, 0xa6, 0x1e, 0x81, 0xa6, 0x7d,
0xa1, 0x78, 0x9e, 0x76, 0xa0, 0x71, 0x9a, 0x6c, 0x96, 0x08, 0x96, 0x6c, 0x67, 0x90, 0x62, 0x1b,
0x6c, 0x6c, 0x87, 0x84, 0x6e, 0x1f, 0x6d, 0x83, 0x71, 0x7f, 0x74, 0x7b, 0x74, 0x7a, 0x78, 0x77,
0x7d, 0x72, 0x08, 0x7d, 0x72, 0x84, 0x6d, 0x68, 0x1a, 0xfb, 0x4d, 0x06, 0x8c, 0xc3, 0x96, 0xbd,
0xa2, 0xb8, 0xa2, 0xb8, 0xa9, 0xb1, 0xb2, 0xaa, 0xb1, 0xaa, 0xb8, 0xa2, 0xc0, 0x9c, 0x08, 0x9b,
0xbf, 0xc3, 0x93, 0xc8, 0x1b, 0xce, 0xc8, 0x83, 0x7a, 0xc0, 0x1f, 0xc0, 0x7a, 0xb7, 0x72, 0xb0,
0x6a, 0xb0, 0x6a, 0xa7, 0x64, 0x9e, 0x5c, 0x08, 0x9e, 0x5c, 0x95, 0x56, 0x4f, 0x1a, 0x5b, 0x83,
0x5e, 0x7a, 0x61, 0x1e, 0x7a, 0x60, 0x76, 0x63, 0x71, 0x66, 0x71, 0x65, 0x6e, 0x68, 0x6b, 0x6a,
0x6a, 0x6a, 0x6b, 0x6d, 0x6c, 0x6f, 0x77, 0x78, 0x7c, 0x78, 0x80, 0x7a, 0x80, 0x7a, 0x82, 0x79,
0x86, 0x79, 0x86, 0x79, 0x87, 0x78, 0x8a, 0x77, 0x08, 0x8a, 0x76, 0x8a, 0x74, 0x71, 0x1a, 0xfb,
0x62, 0xfb, 0xcd, 0x15, 0x31, 0x1d, 0xa7, 0x96, 0xb1, 0x1b, 0xb1, 0xa8, 0x80, 0x76, 0x9f, 0x1f,
0x9e, 0x76, 0x6c, 0x0a, 0x77, 0x6e, 0x81, 0x65, 0x1b, 0x65, 0x6f, 0x95, 0xa0, 0x78, 0x1f, 0x78,
0xa0, 0x81, 0xa4, 0xaa, 0x1a, 0x0e, 0xf9, 0x68, 0xf9, 0x35, 0x15, 0x8a, 0x5c, 0x8a, 0x64, 0x88,
0x6c, 0x88, 0x6c, 0x84, 0x70, 0x81, 0x73, 0x81, 0x73, 0x7c, 0x74, 0x78, 0x75, 0x77, 0x74, 0x71,
0x71, 0x6a, 0x6d, 0x76, 0x74, 0x76, 0x73, 0x75, 0x72, 0x75, 0x72, 0x77, 0x70, 0x79, 0x70, 0x78,
0x70, 0x7c, 0x6e, 0x80, 0x6d, 0x08, 0x7f, 0x6d, 0x85, 0x6b, 0x69, 0x1a, 0x68, 0x90, 0x6b, 0x94,
0x70, 0x1e, 0x94, 0x70, 0x98, 0x74, 0x9d, 0x78, 0x9e, 0x77, 0xa3, 0x7c, 0xa8, 0x81, 0x08, 0x80,
0xa8, 0xac, 0x86, 0xb0, 0x1b, 0xa8, 0xa7, 0x8f, 0x93, 0xa6, 0x1f, 0xa6, 0x92, 0xa3, 0x97, 0xa0,
0x9c, 0xa0, 0x9b, 0x9b, 0xa0, 0x98, 0xa4, 0x08, 0x98, 0xa4, 0x91, 0xa8, 0xae, 0x1a, 0xf7, 0x4d,
0x06, 0x8a, 0x53, 0x81, 0x59, 0x76, 0x5e, 0x76, 0x5e, 0x6e, 0x66, 0x66, 0x6c, 0x66, 0x6c, 0x60,
0x73, 0x5a, 0x7b, 0x08, 0x7a, 0x59, 0x55, 0x83, 0x51, 0x1b, 0x4a, 0x52, 0x94, 0x9c, 0x58, 0x1f,
0x58, 0x9c, 0x60, 0xa3, 0x68, 0xac, 0x68, 0xac, 0x70, 0xb2, 0x79, 0xba, 0x08, 0x78, 0xba, 0x82,
0xc0, 0xc7, 0x1a, 0xbb, 0x93, 0xb8, 0x9b, 0xb6, 0x1e, 0x9a, 0xb6, 0x9f, 0xb3, 0xa4, 0xb1, 0xa3,
0xb0, 0xa6, 0xaf, 0xaa, 0xac, 0xa9, 0xac, 0xa9, 0xa9, 0xa9, 0xa8, 0x9e, 0x9e, 0x9a, 0x9d, 0x96,
0x9c, 0x96, 0x9c, 0x93, 0x9c, 0x90, 0x9d, 0x90, 0x9c, 0x8e, 0x9e, 0x8c, 0x9f, 0x08, 0x8c, 0x9f,
0x8b, 0xa2, 0xa5, 0x1a, 0x6d, 0xf7, 0xcf, 0x4b, 0x0a, 0xa1, 0x1e, 0xa0, 0x9e, 0xa8, 0x33, 0x1d,
0x75, 0x3a, 0x0a, 0xf9, 0x17, 0xb6, 0x15, 0x48, 0x7b, 0x47, 0x6c, 0x46, 0x1e, 0x6c, 0x46, 0x60,
0x50, 0x56, 0x5c, 0xfb, 0x07, 0xca, 0x18, 0xab, 0xba, 0xa2, 0xbc, 0x98, 0xc0, 0x08, 0x98, 0xc0,
0x92, 0xc1, 0xc4, 0x1a, 0xf7, 0x47, 0xf7, 0x5d, 0x07, 0x0e, 0xf8, 0x84, 0x42, 0x1d, 0x0e, 0xf8,
0xb6, 0x42, 0x1d, 0xfa, 0x00, 0x04, 0x39, 0x1d, 0x0e, 0xf8, 0xad, 0xfa, 0x78, 0x15, 0x39, 0x1d,
0xf7, 0x82, 0xfe, 0x4d, 0x2d, 0x0a, 0xf7, 0x9d, 0x42, 0x1d, 0xf8, 0x17, 0x16, 0x39, 0x1d, 0xf8,
0x0a, 0x16, 0x39, 0x1d, 0x0e, 0xf8, 0x8c, 0xf9, 0x6d, 0x4b, 0x0a, 0xa0, 0x67, 0x0a, 0x76, 0x36,
0x1d, 0x71, 0x4a, 0x0a, 0xa5, 0xaa, 0x1a, 0x0e, 0xf8, 0x2e, 0xf9, 0xaa, 0x15, 0xa8, 0x90, 0xa5,
0x95, 0xa4, 0x1e, 0x94, 0xa3, 0x99, 0xa0, 0x9c, 0x9c, 0x9c, 0x9c, 0xa1, 0x99, 0xa4, 0x95, 0x08,
0x95, 0xa4, 0xa7, 0x90, 0xaa, 0x1b, 0xaa, 0xa8, 0x86, 0x81, 0xa4, 0x1f, 0xa4, 0x81, 0xa1, 0x7d,
0x9d, 0x7a, 0x9c, 0x7a, 0x99, 0x76, 0x94, 0x73, 0x08, 0x94, 0x72, 0x90, 0x71, 0x6e, 0x1a, 0x51,
0x07, 0x6e, 0x86, 0x71, 0x82, 0x73, 0x1e, 0x82, 0x73, 0x7d, 0x76, 0x7a, 0x7a, 0x79, 0x79, 0x76,
0x7d, 0x72, 0x82, 0x08, 0x81, 0x72, 0x6e, 0x86, 0x6c, 0x1b, 0x6c, 0x6f, 0x90, 0x95, 0x72, 0x1f,
0x72, 0x94, 0x75, 0x99, 0x7a, 0x9d, 0x79, 0x9c, 0x7d, 0xa0, 0x82, 0xa3, 0x08, 0x81, 0xa3, 0x86,
0xa5, 0xa8, 0x1a, 0x0e, 0xfa, 0xc4, 0xfb, 0x2b, 0x6f, 0x0a, 0x85, 0x1d, 0x1c, 0x04, 0x87, 0x8a,
0x1d, 0x82, 0x1d, 0x7a, 0x1d, 0x6b, 0x1d, 0xf8, 0x80, 0x1c, 0x04, 0xa1, 0x47, 0x0a, 0x0e, 0x66,
0x1d, 0xf9, 0x67, 0xd7, 0x55, 0x1d, 0x69, 0x6c, 0x1d, 0x0e, 0xf7, 0xdd, 0x1c, 0x04, 0xa1, 0x47,
0x0a, 0xf7, 0xd9, 0xf7, 0x26, 0x47, 0x0a, 0x0e, 0xf8, 0xd4, 0x4f, 0x1d, 0xf7, 0xe0, 0x46, 0x0a,
0xf8, 0xda, 0xd6, 0x5e, 0x0a, 0xf7, 0xb6, 0xfb, 0x28, 0x5e, 0x0a, 0x0e, 0xf7, 0xf9, 0xf8, 0xe3,
0x15, 0xea, 0x93, 0xe5, 0x9a, 0xdf, 0x1e, 0x9a, 0xdf, 0x9f, 0xd9, 0xa4, 0xd3, 0xa4, 0xd2, 0xa9,
0xcd, 0xac, 0xc6, 0xac, 0xc6, 0xad, 0xc0, 0xb0, 0xb9, 0xaf, 0xb9, 0xaf, 0xb2, 0xb0, 0xac, 0xb0,
0xac, 0xae, 0xa4, 0xac, 0x9e, 0xb2, 0xfb, 0x0e, 0x18, 0x76, 0x7b, 0x75, 0x78, 0x76, 0x74, 0x75,
0x74, 0x76, 0x72, 0x76, 0x6f, 0x6c, 0x60, 0x6e, 0x58, 0x6f, 0x51, 0x6f, 0x50, 0x74, 0x4b, 0x78,
0x46, 0x79, 0x4c, 0x7d, 0x46, 0x81, 0x40, 0x08, 0x81, 0x40, 0x86, 0x3a, 0x34, 0x1a, 0x7d, 0x07,
0x38, 0x90, 0x3d, 0x94, 0x42, 0x1e, 0x94, 0x42, 0x98, 0x48, 0x9b, 0x4e, 0x9d, 0x4d, 0x9f, 0x51,
0xa1, 0x56, 0xa1, 0x56, 0xa3, 0x5c, 0xa4, 0x61, 0xa4, 0x63, 0xa6, 0x68, 0xa6, 0x6c, 0xa6, 0x6c,
0xa6, 0x70, 0xa6, 0x75, 0x64, 0xfb, 0x05, 0x18, 0x6a, 0x9e, 0x68, 0xa4, 0x66, 0xac, 0x66, 0xab,
0x66, 0xb2, 0x67, 0xba, 0x66, 0xb9, 0x69, 0xc0, 0x6a, 0xc6, 0x6a, 0xc6, 0x6e, 0xcc, 0x72, 0xd3,
0x72, 0xd2, 0x77, 0xd9, 0x7c, 0xdf, 0x08, 0x7c, 0xdf, 0x83, 0xe5, 0xea, 0x1a, 0x0e, 0xf9, 0xe5,
0xf8, 0xd9, 0x15, 0x2c, 0x84, 0x31, 0x7c, 0x37, 0x1e, 0x7c, 0x37, 0x76, 0x3d, 0x72, 0x44, 0x72,
0x43, 0x6e, 0x4a, 0x6a, 0x50, 0x6a, 0x50, 0x68, 0x56, 0x67, 0x5d, 0x66, 0x5c, 0x67, 0x64, 0x66,
0x6b, 0x66, 0x6a, 0x67, 0x72, 0x6a, 0x78, 0x64, 0xf7, 0x05, 0x18, 0xa7, 0xa0, 0xa7, 0xa5, 0xa8,
0xac, 0xa8, 0xac, 0xa6, 0xb0, 0xa5, 0xb6, 0xa4, 0xb6, 0xa2, 0xbc, 0xa2, 0xc2, 0xa2, 0xc1, 0x9e,
0xc7, 0x9a, 0xcb, 0x9a, 0xc7, 0x97, 0xcc, 0x94, 0xd1, 0x08, 0x93, 0xd0, 0x8f, 0xd6, 0xda, 0x1a,
0x99, 0x07, 0xe5, 0x86, 0xdd, 0x80, 0xd4, 0x1e, 0x80, 0xd4, 0x7e, 0xca, 0x7e, 0xbe, 0x78, 0xd4,
0x73, 0xcd, 0x70, 0xc6, 0x70, 0xc5, 0x6f, 0xbe, 0x6e, 0xb6, 0x75, 0xad, 0x74, 0xa9, 0x74, 0xa5,
0x74, 0xa4, 0x74, 0xa1, 0x75, 0x9d, 0xb2, 0xf7, 0x05, 0x18, 0xac, 0x78, 0xaf, 0x72, 0xb0, 0x6a,
0xb0, 0x6a, 0xb0, 0x64, 0xaf, 0x5d, 0xb0, 0x5c, 0xae, 0x56, 0xac, 0x51, 0xac, 0x51, 0xa7, 0x4a,
0xa4, 0x42, 0xa3, 0x45, 0x9f, 0x3f, 0x9b, 0x3a, 0x08, 0x9a, 0x39, 0x93, 0x2f, 0x25, 0x1a, 0x0e,
0xf9, 0xca, 0x1c, 0x05, 0xe8, 0x15, 0xfb, 0x71, 0x1c, 0xf9, 0x78, 0xf7, 0x71, 0xfb, 0x2c, 0xfc,
0x20, 0x1c, 0x07, 0xb8, 0xf8, 0x20, 0x06, 0x0e, 0xf8, 0x29, 0x1c, 0x06, 0x80, 0x15, 0xf8, 0x21,
0x1c, 0xf8, 0x48, 0xfc, 0x21, 0xf7, 0x2c, 0xf7, 0x72, 0x1c, 0x06, 0x88, 0xfb, 0x72, 0x06, 0x0e,
0xfa, 0x66, 0xfc, 0x02, 0x15, 0x4a, 0x8d, 0x53, 0x9a, 0x5c, 0xa7, 0x5c, 0xa7, 0x63, 0xb0, 0x6c,
0xb9, 0x6d, 0xb7, 0x74, 0xbc, 0x7c, 0xc2, 0x08, 0x7c, 0xc1, 0x83, 0xc1, 0xc0, 0x1a, 0xf7, 0x3d,
0x07, 0xeb, 0x74, 0xd1, 0x5e, 0xb6, 0x1e, 0x5d, 0xb6, 0x45, 0xa1, 0x2d, 0x8c, 0x08, 0xf7, 0x25,
0x07, 0xe9, 0xd1, 0xa1, 0xb6, 0xb9, 0x1f, 0xb8, 0xb6, 0xa2, 0xd0, 0xec, 0x1a, 0xf7, 0x3e, 0x07,
0xc1, 0x92, 0xc2, 0x9a, 0xc4, 0x1e, 0x99, 0xc3, 0xa2, 0xbd, 0xaa, 0xb8, 0xa8, 0xb6, 0xb2, 0xae,
0xba, 0xa6, 0xba, 0xa6, 0xc5, 0x99, 0xce, 0x8d, 0xa0, 0xfb, 0x07, 0x18, 0x5b, 0x8a, 0x65, 0x7f,
0x6f, 0x76, 0x6e, 0x76, 0x76, 0x70, 0x7d, 0x6a, 0x7c, 0x6a, 0x82, 0x65, 0x87, 0x62, 0x08, 0x87,
0x62, 0x89, 0x62, 0x62, 0x1a, 0xfb, 0x3e, 0x07, 0x3b, 0x79, 0x45, 0x66, 0x4f, 0x1e, 0x66, 0x4e,
0x51, 0x5d, 0x3e, 0x6c, 0xd8, 0x6c, 0xc4, 0x5e, 0xb0, 0x4f, 0xb0, 0x4e, 0x9d, 0x45, 0x8c, 0x3c,
0x08, 0xfb, 0x3d, 0x07, 0x62, 0x8e, 0x62, 0x92, 0x62, 0x1e, 0x92, 0x62, 0x96, 0x66, 0x9c, 0x6a,
0x9b, 0x6a, 0xa1, 0x6f, 0xa6, 0x76, 0xa6, 0x76, 0xad, 0x7f, 0xb4, 0x8a, 0x08, 0x0e, 0xf7, 0xd7,
0xfb, 0x8f, 0x15, 0xb4, 0x8c, 0xad, 0x97, 0xa6, 0xa0, 0xa6, 0xa0, 0xa1, 0xa7, 0x9c, 0xac, 0x9b,
0xac, 0x97, 0xb0, 0x92, 0xb4, 0x08, 0x92, 0xb4, 0x8e, 0xb4, 0xb4, 0x1a, 0xf7, 0x3d, 0x07, 0xc0,
0x93, 0xbb, 0x9b, 0xb8, 0x1e, 0x9a, 0xb8, 0xa3, 0xb1, 0xac, 0xac, 0x9c, 0x9c, 0x9f, 0x9b, 0xa1,
0x99, 0xa0, 0x99, 0xa3, 0x97, 0xa5, 0x96, 0x70, 0x96, 0x73, 0x97, 0x75, 0x9a, 0x74, 0x9a, 0x78,
0x9b, 0x7a, 0x9d, 0x6b, 0xac, 0x73, 0xb2, 0x7c, 0xb8, 0x08, 0x7c, 0xb7, 0x83, 0xbb, 0xbf, 0x1a,
0xf7, 0x3e, 0x07, 0xb4, 0x89, 0xb4, 0x87, 0xb4, 0x1e, 0x86, 0xb4, 0x82, 0xb1, 0x7d, 0xac, 0x7c,
0xac, 0x76, 0xa6, 0x6f, 0xa0, 0x6f, 0xa0, 0x65, 0x97, 0x5b, 0x8c, 0x9f, 0xf7, 0x07, 0x18, 0xcc,
0x89, 0xc2, 0x7d, 0xba, 0x72, 0xb9, 0x72, 0xb1, 0x6a, 0xa9, 0x62, 0xad, 0x5d, 0xa4, 0x57, 0x9a,
0x52, 0x08, 0x9a, 0x52, 0x92, 0x52, 0x53, 0x1a, 0xfb, 0x3e, 0x07, 0x63, 0x8f, 0x68, 0x93, 0x6d,
0x1e, 0x92, 0x6c, 0x97, 0x71, 0x9a, 0x75, 0xa1, 0x6c, 0xaa, 0x74, 0xb2, 0x7d, 0x08, 0x7c, 0xb2,
0xb9, 0x84, 0xc2, 0x1b, 0xfb, 0x25, 0x07, 0x5b, 0x8a, 0x61, 0x86, 0x68, 0x80, 0x67, 0x80, 0x6e,
0x79, 0x74, 0x74, 0x75, 0x74, 0x7b, 0x6f, 0x80, 0x69, 0x08, 0x80, 0x69, 0x86, 0x63, 0x5c, 0x1a,
0xfb, 0x3d, 0x07, 0x56, 0x84, 0x55, 0x7c, 0x55, 0x1e, 0x7c, 0x54, 0x75, 0x5a, 0x6c, 0x5e, 0x6c,
0x5e, 0x63, 0x67, 0x5c, 0x6e, 0x5c, 0x6e, 0x52, 0x7c, 0x4a, 0x8a, 0x08, 0x0e, 0xf8, 0xd2, 0xf8,
0xba, 0x75, 0x1d, 0xf8, 0xae, 0xfa, 0x49, 0x15, 0xf7, 0xba, 0xfc, 0x19, 0x05, 0x78, 0x07, 0xfb,
0xba, 0xfc, 0x19, 0x05, 0xfb, 0x22, 0x06, 0xf7, 0x96, 0xf8, 0x22, 0xfb, 0x96, 0xf8, 0x23, 0x05,
0x0e, 0xf9, 0x5a, 0xf9, 0xa1, 0x15, 0xf8, 0x2b, 0xfb, 0x4c, 0xfc, 0x2b, 0xfc, 0x57, 0xfb, 0x4d,
0xf8, 0x57, 0xfc, 0x2a, 0xf7, 0x4c, 0xf8, 0x2a, 0xf8, 0x3d, 0xf7, 0x4d, 0x06, 0x0e, 0xfa, 0x80,
0xf9, 0x1f, 0x3e, 0x0a, 0xf9, 0x59, 0xf9, 0xeb, 0x15, 0xf7, 0xff, 0xfb, 0x2c, 0xfb, 0xff, 0xfc,
0x32, 0xfb, 0x3c, 0xf8, 0x32, 0xfc, 0x15, 0xf7, 0x2c, 0xf8, 0x15, 0xf8, 0x30, 0xf7, 0x3c, 0x06,
0xf7, 0xd5, 0x1c, 0xfb, 0x0e, 0x3e, 0x0a, 0xf7, 0x49, 0xf7, 0xdd, 0x15, 0xf7, 0xde, 0xf7, 0xe5,
0xfb, 0xdb, 0xf7, 0xe2, 0xf7, 0x0b, 0xf7, 0x0f, 0xf7, 0xdc, 0xfb, 0xe3, 0xf7, 0xdd, 0xf7, 0xe3,
0xf7, 0x0b, 0xfb, 0x0f, 0xfb, 0xdc, 0xfb, 0xe2, 0xf7, 0xdf, 0xfb, 0xe5, 0xfb, 0x0b, 0xfb, 0x0f,
0xfb, 0xe0, 0xf7, 0xe5, 0xfb, 0xdf, 0xfb, 0xe5, 0x05, 0x0e, 0xfa, 0xed, 0xf8, 0xec, 0x15, 0xfe,
0x7a, 0xf7, 0x4c, 0xfa, 0x7a, 0x06, 0xfc, 0xf2, 0xf7, 0xcd, 0x15, 0xa9, 0x94, 0xa4, 0x9e, 0xa0,
0x1e, 0xa0, 0x9d, 0xa6, 0x95, 0xaf, 0x1b, 0xaf, 0xa6, 0x81, 0x76, 0x3f, 0x1d, 0x89, 0xfd, 0xc3,
0x67, 0x1d, 0xfa, 0xbe, 0xf9, 0xa0, 0x15, 0xfe, 0x11, 0xf7, 0x35, 0xfa, 0x11, 0x06, 0xfc, 0xd4,
0x04, 0xfe, 0x11, 0xf7, 0x34, 0xfa, 0x11, 0x06, 0x0e, 0xfa, 0xba, 0xf8, 0x01, 0x15, 0xfc, 0x98,
0x06, 0x2f, 0xfb, 0x4c, 0x3d, 0xbe, 0xcd, 0xf7, 0x19, 0x05, 0xfb, 0xa5, 0xf7, 0x34, 0xf7, 0xf6,
0x06, 0xf7, 0x14, 0xf7, 0x93, 0x05, 0xfc, 0x76, 0xf7, 0x35, 0xf8, 0xc7, 0x06, 0xd5, 0xf7, 0x28,
0xd8, 0x58, 0x5a, 0x2a, 0x05, 0xf7, 0x78, 0xfb, 0x35, 0xfb, 0xc8, 0x06, 0xfb, 0x14, 0xfb, 0x93,
0x05, 0xf8, 0x48, 0x06, 0x0e, 0xfa, 0x8e, 0xf7, 0x58, 0x15, 0xfd, 0xe4, 0xf8, 0x0f, 0x05, 0xf7,
0x26, 0x07, 0xf9, 0xe4, 0xf8, 0x0e, 0x05, 0xfb, 0x58, 0x07, 0xfc, 0xf8, 0xfb, 0x84, 0x56, 0x7a,
0xc0, 0x79, 0xf8, 0xf8, 0xfb, 0x80, 0x05, 0x0e, 0xf7, 0x46, 0xf7, 0x59, 0x15, 0xf7, 0x54, 0x07,
0xf9, 0x1b, 0xf7, 0x88, 0xc7, 0x9c, 0x4f, 0x9e, 0xfd, 0x1b, 0xf7, 0x84, 0x05, 0xf7, 0x53, 0x07,
0xfa, 0x07, 0xfc, 0x0e, 0x05, 0xfb, 0x26, 0x07, 0x0e, 0xfa, 0xa1, 0xf8, 0x00, 0x15, 0xfd, 0xe4,
0xf7, 0xea, 0x05, 0xf7, 0x17, 0x07, 0xf9, 0xe4, 0xf7, 0xe8, 0x05, 0xfb, 0x44, 0x07, 0xfc, 0xf8,
0xfb, 0x6c, 0x56, 0x7b, 0xc0, 0x7b, 0xf8, 0xf8, 0xfb, 0x68, 0x05, 0x7c, 0xfc, 0xa8, 0x3e, 0x0a,
0xf7, 0x56, 0xf8, 0x14, 0x15, 0xf7, 0x41, 0x07, 0xf9, 0x1b, 0xf7, 0x70, 0xc7, 0x9a, 0x4f, 0x9c,
0xfd, 0x1b, 0xf7, 0x6c, 0x05, 0xf7, 0x40, 0x07, 0xfa, 0x07, 0xfb, 0xe8, 0x05, 0xfb, 0x18, 0x07,
0x5c, 0xfd, 0x62, 0x3e, 0x0a, 0xfa, 0x8f, 0xf8, 0x0b, 0x15, 0xfb, 0x4d, 0xf7, 0x9c, 0xfd, 0x19,
0xf7, 0x35, 0xf9, 0xd2, 0x06, 0x0e, 0xf8, 0x36, 0xfb, 0x11, 0x15, 0xfb, 0x3a, 0x06, 0xf8, 0xf4,
0x1c, 0x06, 0x2d, 0x05, 0xf7, 0x39, 0x06, 0x0e, 0xf7, 0x7b, 0x2a, 0x0a, 0xf7, 0x3b, 0x06, 0xf8,
0xf4, 0x1c, 0xf9, 0xd3, 0x05, 0xfb, 0x3b, 0x06, 0x0e, 0xb7, 0x1c, 0x04, 0xaa, 0x15, 0xb1, 0x91,
0xaf, 0x97, 0xae, 0x1e, 0x96, 0xad, 0x9c, 0xa9, 0xa2, 0xa5, 0xa1, 0x66, 0x0a, 0xad, 0x1f, 0xac,
0x7c, 0xa7, 0x76, 0xa2, 0x71, 0xa1, 0x71, 0x9c, 0x6d, 0x97, 0x69, 0x08, 0x96, 0x68, 0x91, 0x67,
0x65, 0x1a, 0x3e, 0x07, 0x65, 0x85, 0x67, 0x80, 0x69, 0x1e, 0x7f, 0x69, 0x7a, 0x6d, 0x75, 0x72,
0x74, 0x71, 0x6f, 0x77, 0x6a, 0x27, 0x0a, 0x6a, 0x64, 0x83, 0x60, 0x1b, 0x60, 0x64, 0x93, 0x9a,
0x6a, 0x1f, 0x69, 0x9a, 0x6f, 0x9f, 0x74, 0xa5, 0x74, 0xa4, 0x7a, 0xa9, 0x80, 0xad, 0x08, 0x7f,
0xad, 0x85, 0xaf, 0xb1, 0x1a, 0xf7, 0x1e, 0x16, 0x76, 0x8d, 0x78, 0x90, 0x78, 0x1e, 0x90, 0x78,
0x92, 0x7a, 0x96, 0x7c, 0x96, 0x7c, 0x98, 0x7f, 0x9c, 0x26, 0x1d, 0x9b, 0x9f, 0x86, 0xa3, 0x1b,
0xa2, 0x9f, 0x90, 0x94, 0x9c, 0x1f, 0x9b, 0x94, 0x98, 0x97, 0x95, 0x9a, 0x95, 0x9a, 0x93, 0x9c,
0x90, 0x9e, 0x08, 0x90, 0x9e, 0x8d, 0x9e, 0xa0, 0x1a, 0xd8, 0x07, 0xa0, 0x89, 0x9f, 0x86, 0x9f,
0x1e, 0x86, 0x9e, 0x83, 0x9d, 0x81, 0x9a, 0x80, 0x9a, 0x7e, 0x97, 0x7b, 0x28, 0x0a, 0x7a, 0x77,
0x8f, 0x73, 0x1b, 0x74, 0x7c, 0x1d, 0x77, 0x89, 0x77, 0x76, 0x1a, 0xf8, 0x63, 0xfd, 0xec, 0x15,
0xb1, 0x91, 0xaf, 0x97, 0xad, 0x1e, 0x96, 0xad, 0x9c, 0xa9, 0xa2, 0xa5, 0xa2, 0x66, 0x0a, 0xac,
0x1f, 0xac, 0x7c, 0xa7, 0x76, 0xa2, 0x71, 0xa2, 0x71, 0x9c, 0x6d, 0x97, 0x69, 0x08, 0x96, 0x69,
0x91, 0x67, 0x65, 0x1a, 0x3d, 0x07, 0x65, 0x85, 0x67, 0x80, 0x69, 0x1e, 0x7f, 0x69, 0x7a, 0x6d,
0x74, 0x72, 0x74, 0x71, 0x70, 0x77, 0x6a, 0x27, 0x0a, 0x6a, 0x64, 0x83, 0x60, 0x1b, 0x5f, 0x64,
0x93, 0x9a, 0x6a, 0x1f, 0x69, 0x9a, 0x6f, 0x9f, 0x74, 0xa5, 0x74, 0xa4, 0x7a, 0xa9, 0x80, 0xad,
0x08, 0x7f, 0xad, 0x85, 0xaf, 0xb1, 0x1a, 0xf7, 0x1e, 0x16, 0x76, 0x8e, 0x77, 0x90, 0x78, 0x1e,
0x90, 0x78, 0x92, 0x7a, 0x96, 0x7c, 0x95, 0x7c, 0x98, 0x7f, 0x9c, 0x26, 0x1d, 0x9c, 0x9f, 0x86,
0xa3, 0x1b, 0xa2, 0x9f, 0x90, 0x94, 0x9c, 0x1f, 0x9b, 0x94, 0x98, 0x97, 0x95, 0x9a, 0x95, 0x9a,
0x92, 0x9c, 0x90, 0x9e, 0x08, 0x90, 0x9e, 0x8d, 0x9f, 0xa0, 0x1a, 0xd9, 0x07, 0xa0, 0x89, 0x9f,
0x86, 0x9e, 0x1e, 0x86, 0x9e, 0x84, 0x9d, 0x81, 0x9a, 0x80, 0x9a, 0x7e, 0x97, 0x7a, 0x28, 0x0a,
0x7a, 0x77, 0x8f, 0x74, 0x1b, 0x73, 0x7c, 0x1d, 0x78, 0x89, 0x77, 0x76, 0x1a, 0xfc, 0x15, 0xfb,
0x2a, 0x15, 0xfb, 0x03, 0xc9, 0xf8, 0xcb, 0xfa, 0xa1, 0xf7, 0x03, 0x4d, 0x05, 0x0e, 0xf7, 0xea,
0xf7, 0xc3, 0x15, 0xb0, 0x90, 0xaf, 0x96, 0xad, 0x1e, 0x95, 0xac, 0x64, 0x0a, 0xa1, 0xa0, 0x89,
0x86, 0x9e, 0x1f, 0x9e, 0x86, 0x9c, 0x85, 0x9b, 0x82, 0x97, 0x84, 0x96, 0x84, 0x96, 0x83, 0x96,
0x82, 0x94, 0x82, 0x94, 0x81, 0x93, 0x94, 0x94, 0x94, 0x94, 0x93, 0x94, 0x92, 0x95, 0x92, 0x96,
0x92, 0x9c, 0x94, 0x9d, 0x93, 0x9f, 0x90, 0x08, 0x90, 0x9f, 0xa1, 0x8e, 0xa2, 0x1b, 0xb4, 0xae,
0x83, 0x7c, 0xaa, 0x1f, 0xa9, 0x7c, 0xa4, 0x76, 0xa0, 0x72, 0xa0, 0x71, 0x9a, 0x6d, 0x96, 0x6a,
0x88, 0x1d, 0x81, 0x69, 0x1e, 0x80, 0x69, 0x7c, 0x6d, 0x77, 0x72, 0x76, 0x71, 0x72, 0x77, 0x6d,
0x7c, 0x08, 0x7c, 0x6c, 0x68, 0x83, 0x63, 0x1b, 0x71, 0x73, 0x8e, 0x92, 0x75, 0x1f, 0x75, 0x91,
0x77, 0x94, 0x79, 0x96, 0x82, 0x90, 0x83, 0x92, 0x84, 0x92, 0x83, 0x92, 0x84, 0x92, 0x84, 0x92,
0x84, 0x82, 0x83, 0x83, 0x82, 0x84, 0x82, 0x84, 0x82, 0x84, 0x81, 0x85, 0x7a, 0x81, 0x79, 0x83,
0x76, 0x86, 0x08, 0x85, 0x76, 0x75, 0x88, 0x73, 0x1b, 0x62, 0x68, 0x93, 0x9a, 0x6c, 0x1f, 0x6c,
0x9a, 0x72, 0x9f, 0x76, 0xa5, 0x76, 0xa4, 0x7c, 0xa9, 0x81, 0xad, 0x08, 0x80, 0xad, 0x86, 0xaf,
0xb0, 0x1a, 0xfb, 0xb4, 0xfa, 0x3d, 0x15, 0xb0, 0x90, 0xaf, 0x96, 0xad, 0x1e, 0x95, 0xad, 0x64,
0x0a, 0xb4, 0xae, 0x83, 0x7c, 0xaa, 0x1f, 0xa9, 0x7c, 0xa4, 0x76, 0xa0, 0x72, 0xa0, 0x71, 0x9a,
0x6d, 0x96, 0x69, 0x88, 0x1d, 0x80, 0x6a, 0x1e, 0x80, 0x69, 0x7c, 0x6d, 0x77, 0x72, 0x76, 0x72,
0x72, 0x76, 0x6d, 0x7c, 0x08, 0x7c, 0x6d, 0x68, 0x83, 0x63, 0x1b, 0x63, 0x68, 0x93, 0x9a, 0x6c,
0x1f, 0x6c, 0x9a, 0x72, 0xa0, 0x76, 0xa4, 0x76, 0xa4, 0x7c, 0xa9, 0x80, 0xad, 0x08, 0x80, 0xac,
0x86, 0xaf, 0xb0, 0x1a, 0xf8, 0x3f, 0xfe, 0x11, 0x87, 0x1d, 0x93, 0x5d, 0x0a, 0x7e, 0x7a, 0x90,
0x77, 0x1b, 0x78, 0x63, 0x0a, 0xfb, 0xb4, 0xf9, 0xe5, 0x15, 0x77, 0x8d, 0x78, 0x8f, 0x78, 0x1e,
0x8e, 0x78, 0x91, 0x7a, 0x94, 0x7c, 0x94, 0x7c, 0x96, 0x7f, 0x98, 0x26, 0x1d, 0x98, 0x9c, 0x86,
0x9f, 0x1b, 0x9e, 0x9b, 0x90, 0x94, 0x98, 0x1f, 0x98, 0x94, 0x96, 0x97, 0x94, 0x6d, 0x0a, 0x9e,
0x79, 0x1d, 0x7e, 0x7a, 0x90, 0x77, 0x1b, 0x78, 0x63, 0x0a, 0xf9, 0x14, 0xfe, 0x3d, 0x87, 0x1d,
0x94, 0x5d, 0x0a, 0x7d, 0x7a, 0x90, 0x78, 0x1b, 0x77, 0x7a, 0x86, 0x82, 0x7e, 0x1f, 0x7e, 0x82,
0x80, 0x7f, 0x83, 0x7c, 0x82, 0x7c, 0x85, 0x7a, 0x88, 0x78, 0x08, 0x87, 0x78, 0x89, 0x77, 0x77,
0x1a, 0xfd, 0x26, 0xf7, 0x24, 0x15, 0x47, 0xdf, 0xf9, 0xa4, 0xf9, 0x15, 0xcf, 0x37, 0x05, 0x0e,
0xf9, 0x45, 0xfc, 0x22, 0x15, 0xfb, 0x29, 0x1c, 0x07, 0x3e, 0xf7, 0x29, 0x06, 0x0e, 0xf8, 0x93,
0xfb, 0xa2, 0x15, 0xf9, 0xab, 0xf7, 0x4d, 0xfd, 0xab, 0x07, 0xfa, 0x5c, 0x04, 0xfb, 0x4d, 0xf9,
0x8a, 0xf7, 0x4d, 0x06, 0x0e, 0xfa, 0xe9, 0xfa, 0x35, 0x15, 0xfc, 0x29, 0xfe, 0x35, 0xfb, 0x4d,
0xfa, 0x35, 0xfc, 0x24, 0xf7, 0x2d, 0xf8, 0x24, 0xf8, 0x0a, 0xf7, 0x4d, 0xfc, 0x0a, 0xf8, 0x29,
0x06, 0x0e, 0xfa, 0xea, 0x16, 0xfc, 0x2b, 0xfc, 0x34, 0xfb, 0x4d, 0xf8, 0x34, 0xfc, 0x21, 0xf7,
0x2b, 0xf8, 0x21, 0xf9, 0x9e, 0xfc, 0x21, 0xf7, 0x2d, 0xf8, 0x21, 0xf8, 0x0a, 0xf7, 0x4d, 0xfc,
0x0a, 0xf8, 0x2b, 0xfb, 0x2d, 0xfc, 0x2b, 0xfd, 0x9e, 0xf8, 0x2b, 0x06, 0x0e, 0xf9, 0xf2, 0xf8,
0x4f, 0x15, 0x66, 0x86, 0x6b, 0x81, 0x6e, 0x1e, 0x81, 0x6e, 0x7c, 0x73, 0x78, 0x78, 0x76, 0x76,
0x70, 0x7b, 0x6b, 0x80, 0x08, 0x80, 0x6b, 0x66, 0x85, 0x62, 0x1b, 0x62, 0x66, 0x92, 0x9a, 0x6b,
0x1f, 0x6b, 0x9a, 0x70, 0x9f, 0x75, 0xa5, 0x75, 0xa4, 0x7a, 0xaa, 0x7f, 0xae, 0x08, 0x7f, 0xae,
0x85, 0xb2, 0xb5, 0x1a, 0xe2, 0x07, 0xb4, 0x91, 0xb2, 0x97, 0xaf, 0x1e, 0x97, 0xae, 0x9c, 0xaa,
0xa1, 0xa5, 0xa1, 0xa5, 0xa6, 0x9f, 0xab, 0x2b, 0x1d, 0xab, 0xb0, 0x92, 0xb4, 0x1b, 0xb5, 0xb0,
0x85, 0x80, 0xac, 0x1f, 0xab, 0x80, 0xa6, 0x7a, 0xa0, 0x75, 0x9e, 0x77, 0x99, 0x73, 0x95, 0x6f,
0x08, 0x95, 0x6f, 0x90, 0x6b, 0x67, 0x1a, 0xfb, 0x02, 0x06, 0xa2, 0x88, 0x53, 0x1d, 0x99, 0x80,
0x96, 0x80, 0x97, 0x7c, 0x94, 0x79, 0x91, 0x08, 0x90, 0x79, 0x76, 0x8e, 0x72, 0x1b, 0x72, 0x75,
0x86, 0x81, 0x78, 0x1f, 0x78, 0x81, 0x7b, 0x7e, 0x7e, 0x7a, 0x7e, 0x7a, 0x82, 0x76, 0x85, 0x74,
0x08, 0x85, 0x73, 0x88, 0x72, 0x70, 0x1a, 0x33, 0x07, 0x70, 0x8e, 0x71, 0x91, 0x74, 0x1e, 0x91,
0x74, 0x94, 0x76, 0x98, 0x7a, 0x98, 0x7a, 0x9b, 0x7d, 0x9e, 0x81, 0x08, 0x81, 0x9e, 0xa1, 0x86,
0xa4, 0x1b, 0xa4, 0xa0, 0x8e, 0x91, 0x9d, 0x1f, 0x9d, 0x90, 0x99, 0x94, 0x96, 0x97, 0x96, 0x96,
0x93, 0x9a, 0x90, 0x9c, 0x08, 0x90, 0x9c, 0x8e, 0x9f, 0xa2, 0x1a, 0xfc, 0xd3, 0xee, 0x15, 0x4a,
0x96, 0x4d, 0xa2, 0x52, 0x1e, 0xa2, 0x51, 0xaa, 0x59, 0xb3, 0x60, 0xb3, 0x60, 0xba, 0x69, 0xc2,
0x72, 0x08, 0x72, 0xc1, 0xc6, 0x7f, 0xca, 0x1b, 0xca, 0xc5, 0x98, 0xa4, 0xc2, 0x1f, 0xc1, 0xa4,
0xba, 0xad, 0xb3, 0xb6, 0xb3, 0xb6, 0xaa, 0xbd, 0xa2, 0xc4, 0x08, 0xa2, 0xc4, 0x96, 0xc9, 0xcc,
0x1a, 0xcc, 0x80, 0xc8, 0x74, 0xc4, 0x1e, 0x74, 0xc4, 0x6c, 0xbc, 0x63, 0xb6, 0x63, 0xb6, 0x7b,
0x1d, 0x60, 0x63, 0x60, 0x6c, 0x5a, 0x74, 0x52, 0x08, 0x74, 0x52, 0x80, 0x4e, 0x4a, 0x1a, 0x34,
0x16, 0x8c, 0xdc, 0x99, 0xd7, 0xa8, 0xd0, 0xa8, 0xd0, 0xb1, 0xc6, 0xbc, 0xbc, 0xbb, 0xbc, 0xc3,
0xb2, 0xcc, 0xa7, 0x08, 0xa6, 0xcc, 0xcf, 0x99, 0xd2, 0x1b, 0xd6, 0xd1, 0x7c, 0x6e, 0xcc, 0x1f,
0xcc, 0x6e, 0xc3, 0x63, 0xbb, 0x59, 0xba, 0x58, 0xb1, 0x50, 0xa6, 0x47, 0x08, 0xa6, 0x47, 0x81,
0x1d, 0x58, 0x5b, 0x58, 0x53, 0x62, 0x4a, 0x6e, 0x08, 0x6e, 0x4a, 0x45, 0x7c, 0x40, 0x1b, 0x40,
0x45, 0x9a, 0xa8, 0x4a, 0x1f, 0x4a, 0xa8, 0x52, 0xb4, 0x5c, 0xbe, 0x5b, 0xbe, 0x65, 0xc6, 0x70,
0xd0, 0x08, 0x70, 0xcf, 0x7d, 0xd4, 0xd9, 0x1a, 0x0e, 0xe2, 0xf8, 0xb0, 0x15, 0xd9, 0x99, 0xd4,
0xa6, 0xd0, 0x1e, 0xa6, 0xcf, 0xb1, 0xc6, 0xbb, 0xbe, 0xba, 0xbe, 0xc4, 0xb3, 0xcc, 0xa8, 0x08,
0xa8, 0xcc, 0xd1, 0x99, 0xd6, 0x1b, 0xd6, 0xd1, 0x7d, 0x6e, 0xcc, 0x1f, 0xcc, 0x6e, 0xc3, 0x63,
0xbb, 0x58, 0xba, 0x58, 0xb1, 0x50, 0xa6, 0x47, 0x08, 0xa6, 0x46, 0x81, 0x1d, 0x59, 0x5b, 0x58,
0x53, 0x63, 0x4a, 0x6e, 0x08, 0x6e, 0x4a, 0x45, 0x7c, 0x40, 0x1b, 0x40, 0x45, 0x9a, 0xa8, 0x4a,
0x1f, 0x4a, 0xa8, 0x52, 0xb3, 0x5c, 0xbe, 0x5b, 0xbd, 0x65, 0xc6, 0x70, 0xd0, 0x08, 0x70, 0xcf,
0x7d, 0xd4, 0xd9, 0x1a, 0xe2, 0x16, 0x4a, 0x96, 0x4e, 0xa2, 0x52, 0x1e, 0xa2, 0x52, 0xaa, 0x59,
0xb3, 0x60, 0xb3, 0x60, 0xba, 0x6a, 0xc2, 0x72, 0x08, 0x72, 0xc1, 0xc6, 0x7f, 0xca, 0x1b, 0xca,
0xc5, 0x97, 0xa4, 0xc2, 0x1f, 0xc1, 0xa4, 0xba, 0xac, 0xb3, 0xb6, 0xb3, 0xb6, 0xaa, 0xbd, 0xa2,
0xc4, 0x08, 0xa2, 0xc4, 0x96, 0xc8, 0xcc, 0x1a, 0xcc, 0x80, 0xc9, 0x74, 0xc4, 0x1e, 0x74, 0xc4,
0x6c, 0xbd, 0x63, 0xb6, 0x63, 0xb5, 0x7b, 0x1d, 0x61, 0x63, 0x60, 0x6c, 0x59, 0x74, 0x52, 0x08,
0x74, 0x52, 0x80, 0x4d, 0x4a, 0x1a, 0xf7, 0xe2, 0x54, 0x15, 0xfb, 0x91, 0x20, 0xf9, 0x0f, 0xf7,
0x67, 0x07, 0xd4, 0xc5, 0x7b, 0x6b, 0xb6, 0x1f, 0xb7, 0x6c, 0xa1, 0x5b, 0x4a, 0x1a, 0x66, 0x7f,
0x6b, 0x74, 0x71, 0x1e, 0x74, 0x71, 0x69, 0x77, 0x5f, 0x7c, 0xf7, 0x27, 0xfb, 0xb3, 0x18, 0xfb,
0x02, 0x06, 0xfb, 0x0c, 0xf7, 0x91, 0x05, 0xfb, 0x11, 0xec, 0x15, 0xf7, 0x0b, 0x06, 0x9b, 0x8c,
0x9a, 0x8d, 0x9a, 0x8f, 0x9a, 0x8f, 0x97, 0x91, 0x96, 0x92, 0x95, 0x93, 0x93, 0x94, 0x92, 0x96,
0x08, 0x91, 0x96, 0x8e, 0x97, 0x99, 0x1a, 0xb0, 0x81, 0xa4, 0x77, 0x9a, 0x1e, 0x9a, 0x77, 0x69,
0x92, 0x5a, 0x1b, 0x23, 0x06, 0x0e, 0xfa, 0x71, 0x1c, 0x05, 0x21, 0x15, 0xfb, 0x20, 0xfc, 0x1e,
0x05, 0x57, 0x06, 0xfb, 0x1f, 0xf8, 0x1d, 0x05, 0xfc, 0x1d, 0x31, 0xf8, 0xad, 0xf7, 0x04, 0x07,
0xf7, 0x23, 0xfc, 0x23, 0xf7, 0x24, 0xf8, 0x23, 0x05, 0xf7, 0x04, 0xfc, 0xad, 0x31, 0x06, 0xfc,
0x88, 0xf8, 0x5c, 0x15, 0xfb, 0x28, 0xfc, 0x5c, 0x30, 0xf8, 0x5c, 0xfb, 0x27, 0xdc, 0xf8, 0x16,
0x06, 0x0e, 0xf7, 0xfd, 0x1c, 0x04, 0xc0, 0x15, 0xae, 0x92, 0xad, 0x99, 0xab, 0x1e, 0x98, 0xaa,
0x9e, 0xa7, 0xa2, 0xa3, 0xa2, 0xa2, 0xa6, 0x9e, 0xaa, 0x99, 0x08, 0x98, 0xaa, 0xab, 0x92, 0xae,
0x1b, 0xad, 0xab, 0x84, 0x7e, 0xaa, 0x1f, 0xa9, 0x7d, 0xa5, 0x78, 0xa2, 0x74, 0xa2, 0x73, 0x9d,
0x6f, 0x98, 0x6c, 0x08, 0x98, 0x6b, 0x92, 0x69, 0x68, 0x1a, 0x68, 0x84, 0x69, 0x7e, 0x6c, 0x1e,
0x7e, 0x6c, 0x79, 0x70, 0x74, 0x74, 0x74, 0x74, 0x71, 0x78, 0x6d, 0x7e, 0x08, 0x7e, 0x6c, 0x6b,
0x84, 0x69, 0x1b, 0x68, 0x6b, 0x92, 0x98, 0x6c, 0x1f, 0x6c, 0x98, 0x70, 0x9e, 0x74, 0xa2, 0x74,
0xa2, 0x78, 0xa6, 0x7e, 0xaa, 0x08, 0x7d, 0xaa, 0x84, 0xac, 0xaf, 0x1a, 0xf7, 0x10, 0x16, 0x79,
0x8f, 0x7a, 0x92, 0x7c, 0x1e, 0x92, 0x7b, 0x94, 0x7d, 0x97, 0x80, 0x96, 0x7f, 0x99, 0x82, 0x9b,
0x85, 0x08, 0x84, 0x9b, 0x9c, 0x88, 0x9d, 0x1b, 0x9d, 0x9c, 0x8e, 0x92, 0x9a, 0x1f, 0x9a, 0x91,
0x99, 0x94, 0x97, 0x97, 0x96, 0x96, 0x94, 0x99, 0x92, 0x9b, 0x08, 0x91, 0x9a, 0x8e, 0x9c, 0x9d,
0x1a, 0x9e, 0x88, 0x9c, 0x85, 0x9c, 0x1e, 0x84, 0x9b, 0x82, 0x99, 0x80, 0x97, 0x7f, 0x97, 0x7d,
0x94, 0x7c, 0x92, 0x08, 0x92, 0x7c, 0x7a, 0x8e, 0x79, 0x1b, 0x79, 0x7a, 0x88, 0x84, 0x7b, 0x1f,
0x7b, 0x84, 0x7d, 0x82, 0x80, 0x7f, 0x7f, 0x7f, 0x82, 0x7d, 0x84, 0x7b, 0x08, 0x84, 0x7a, 0x87,
0x7a, 0x78, 0x1a, 0x0e, 0xf8, 0xad, 0xfa, 0x27, 0x15, 0xfc, 0x0d, 0xeb, 0xc1, 0xf7, 0x43, 0xf8,
0x01, 0xfb, 0x2b, 0x72, 0xf8, 0x39, 0x05, 0xf7, 0x46, 0x06, 0x6e, 0xfc, 0x3f, 0xf7, 0xff, 0xf7,
0x2a, 0xc1, 0xfb, 0x46, 0xfc, 0x12, 0x2d, 0xf7, 0x94, 0xfb, 0xd8, 0xfb, 0x26, 0xfb, 0x02, 0xfb,
0x6a, 0xf7, 0xff, 0xfb, 0x68, 0xfb, 0xf6, 0xfb, 0x26, 0xf5, 0x05, 0x0e, 0xf9, 0x57, 0xf8, 0x2e,
0x15, 0xfb, 0x9c, 0x06, 0x3b, 0xfc, 0x2e, 0x05, 0xfb, 0x23, 0x06, 0xdb, 0xf8, 0x2e, 0x05, 0xfb,
0x83, 0xf7, 0x1d, 0xf7, 0x9d, 0x06, 0xd0, 0xf7, 0xf6, 0x05, 0xfb, 0x96, 0xf7, 0x1f, 0xf7, 0xb1,
0x6a, 0x0a, 0xf7, 0x9c, 0x6a, 0x0a, 0xf7, 0x61, 0xfb, 0x1f, 0xfb, 0x7c, 0x06, 0x46, 0xfb, 0xf6,
0x05, 0xf7, 0x76, 0xfb, 0x1d, 0xfb, 0x90, 0x06, 0x3b, 0xfc, 0x2e, 0x05, 0xfb, 0x23, 0x06, 0xfb,
0x32, 0xf8, 0xb7, 0x15, 0xf7, 0x9c, 0x06, 0xd0, 0xf7, 0xf6, 0x05, 0xfb, 0x9c, 0x06, 0x0e, 0xf6,
0xf8, 0x09, 0x15, 0xb8, 0x92, 0xb4, 0x98, 0xb1, 0x1e, 0x98, 0xb1, 0x9e, 0xaf, 0xa3, 0xac, 0xa0,
0xa7, 0xa3, 0xa6, 0xa6, 0xa4, 0xa6, 0xa4, 0xa8, 0xa4, 0xac, 0xa4, 0xaf, 0xa5, 0x18, 0x72, 0xac,
0x75, 0xac, 0x78, 0xaa, 0x78, 0xaa, 0x7b, 0xa9, 0x7e, 0xa9, 0x81, 0xa4, 0x83, 0xa4, 0x86, 0xa4,
0x08, 0x85, 0xa4, 0x88, 0xa5, 0xa6, 0x1a, 0xc4, 0x94, 0xbd, 0x9c, 0xb7, 0x1e, 0x9c, 0xb6, 0xa3,
0xb0, 0xaa, 0xa9, 0xaa, 0xa8, 0xb1, 0xa2, 0xb7, 0x9a, 0x08, 0x9a, 0xb7, 0xbc, 0x93, 0xc2, 0x1b,
0xba, 0xb6, 0x83, 0x7a, 0xb2, 0x1f, 0xb2, 0x7a, 0xac, 0x75, 0xa6, 0x6f, 0xa6, 0x6e, 0x9f, 0x6a,
0x9a, 0x66, 0x08, 0x9a, 0x66, 0x92, 0x63, 0x62, 0x1a, 0x68, 0x86, 0x6b, 0x81, 0x6e, 0x1e, 0x80,
0x6e, 0x7d, 0x6f, 0x79, 0x72, 0x78, 0x72, 0x75, 0x73, 0x72, 0x74, 0x72, 0x74, 0x6f, 0x75, 0x6e,
0x75, 0x2d, 0x3b, 0x18, 0xf7, 0xc7, 0xfc, 0x27, 0xa2, 0xb6, 0x9e, 0xb9, 0x98, 0xbe, 0x19, 0x98,
0xbe, 0x92, 0xc1, 0x8c, 0xc6, 0x08, 0xf7, 0x3b, 0x06, 0x36, 0x7f, 0x3c, 0x73, 0x42, 0x1e, 0x72,
0x42, 0x68, 0x49, 0x5c, 0x50, 0xf7, 0x49, 0xfb, 0x81, 0x18, 0xfb, 0x71, 0x06, 0x38, 0xf7, 0x02,
0x78, 0x7b, 0x78, 0x7c, 0x77, 0x7e, 0x19, 0x76, 0x7e, 0x76, 0x7f, 0x76, 0x81, 0x68, 0x7a, 0x66,
0x7f, 0x65, 0x82, 0x08, 0x82, 0x64, 0x64, 0x87, 0x62, 0x1b, 0x49, 0x4f, 0x95, 0x9e, 0x56, 0x1f,
0x56, 0x9e, 0x5d, 0xa6, 0x66, 0xae, 0x66, 0xae, 0x6e, 0xb4, 0x77, 0xbc, 0x08, 0x76, 0xbb, 0x81,
0xc0, 0xc4, 0x1a, 0xf8, 0x44, 0xfb, 0x87, 0x15, 0xa6, 0xa6, 0x8e, 0x91, 0xa6, 0x1f, 0xa6, 0x91,
0xa4, 0x94, 0xa4, 0x96, 0x9d, 0x93, 0x9d, 0x95, 0x9c, 0x96, 0x9c, 0x96, 0x9b, 0x97, 0x9b, 0x98,
0xfb, 0xd7, 0xf8, 0x43, 0x18, 0x6f, 0x73, 0x6a, 0x70, 0x70, 0x70, 0x76, 0x71, 0x19, 0x76, 0x71,
0x7c, 0x73, 0x80, 0x74, 0x80, 0x74, 0x83, 0x76, 0x88, 0x78, 0x08, 0x87, 0x78, 0x89, 0x7b, 0x7e,
0x1a, 0x69, 0x90, 0x6b, 0x96, 0x6e, 0x1e, 0x96, 0x6e, 0x9a, 0x71, 0xa0, 0x75, 0xa0, 0x75, 0xa4,
0x7a, 0xaa, 0x7e, 0x08, 0x7e, 0xaa, 0xae, 0x85, 0xb4, 0x1b, 0xfb, 0x0b, 0xfa, 0x7a, 0x15, 0x7a,
0x8d, 0x7b, 0x8e, 0x7a, 0x1e, 0x8e, 0x7a, 0x90, 0x7a, 0x92, 0x7a, 0x93, 0x75, 0x95, 0x75, 0x98,
0x74, 0x98, 0x74, 0x99, 0x74, 0x9c, 0x73, 0xf7, 0x09, 0xe8, 0x18, 0xa0, 0x99, 0x9c, 0x9a, 0x98,
0x9a, 0x98, 0x9a, 0x96, 0x9b, 0x92, 0x9b, 0x92, 0x9a, 0x91, 0x9b, 0x8e, 0x9b, 0x08, 0x8e, 0x9b,
0x8c, 0x9b, 0x9a, 0x1a, 0x9f, 0x88, 0x9f, 0x85, 0x9e, 0x1e, 0x84, 0x9e, 0x82, 0x9b, 0x7f, 0x9a,
0x7e, 0x99, 0x7c, 0x97, 0x7a, 0x28, 0x0a, 0x7a, 0x77, 0x8f, 0x75, 0x1b, 0x6e, 0x72, 0x86, 0x80,
0x76, 0x1f, 0x75, 0x80, 0x79, 0x7d, 0x7d, 0x79, 0x7c, 0x79, 0x80, 0x76, 0x84, 0x74, 0x08, 0x84,
0x73, 0x87, 0x72, 0x70, 0x1a, 0x0e, 0x1c, 0x04, 0x87, 0xf9, 0xa9, 0x15, 0x89, 0x56, 0x85, 0x54,
0x80, 0x54, 0x80, 0x53, 0x7b, 0x58, 0x76, 0x5e, 0x75, 0x5e, 0x6f, 0x66, 0x69, 0x6e, 0x08, 0x6e,
0x69, 0x61, 0x7d, 0x5a, 0x1b, 0x73, 0x75, 0x8f, 0x92, 0x78, 0x1f, 0x78, 0x92, 0x7a, 0x96, 0x7d,
0x99, 0x81, 0x95, 0x82, 0x97, 0x84, 0x98, 0x84, 0x98, 0x85, 0x99, 0x86, 0x9b, 0x80, 0x7a, 0x80,
0x7c, 0x7e, 0x7d, 0x7e, 0x7d, 0x7d, 0x7f, 0x7c, 0x80, 0x79, 0x7f, 0x78, 0x82, 0x76, 0x28, 0x1d,
0x76, 0x76, 0x88, 0x74, 0x1b, 0x6a, 0x6f, 0x94, 0x9c, 0x73, 0x1f, 0x73, 0x9c, 0x78, 0xa4, 0x7c,
0xaa, 0x7c, 0xaa, 0x80, 0xb1, 0x86, 0xb6, 0x85, 0xb6, 0x8a, 0xbb, 0x8f, 0xbf, 0x91, 0xd5, 0x97,
0xce, 0x9e, 0xc7, 0x9e, 0xc6, 0xa3, 0xbe, 0xa9, 0xb5, 0xa8, 0xb4, 0xae, 0xab, 0xb2, 0xa2, 0x08,
0xa1, 0xb2, 0xb7, 0x96, 0xba, 0x1b, 0xb8, 0xb0, 0x82, 0x7a, 0xa8, 0x1f, 0xa8, 0x79, 0xa3, 0x76,
0x9c, 0x73, 0x5f, 0xfc, 0x8c, 0x18, 0x89, 0x70, 0x8c, 0x75, 0x8e, 0x7a, 0x8e, 0x7a, 0x90, 0x7d,
0x92, 0x82, 0x91, 0x81, 0x93, 0x84, 0x94, 0x88, 0x08, 0x88, 0x94, 0x95, 0x89, 0x96, 0x1b, 0xa4,
0xa1, 0x95, 0x9e, 0x9e, 0x1f, 0x9e, 0x9e, 0x9a, 0xa4, 0x98, 0xac, 0x98, 0xab, 0x94, 0xb1, 0x92,
0xb6, 0x92, 0xb6, 0x8e, 0xb9, 0x8c, 0xbc, 0x8e, 0xe0, 0x84, 0xd7, 0x7a, 0xce, 0x7a, 0xce, 0x72,
0xc4, 0x69, 0xba, 0x68, 0xba, 0x61, 0xae, 0x59, 0xa4, 0x08, 0xa4, 0x59, 0x52, 0x97, 0x4b, 0x1b,
0x4a, 0x51, 0x7d, 0x6e, 0x56, 0x1f, 0x56, 0x6e, 0x5b, 0x61, 0x61, 0x56, 0x5e, 0x52, 0x69, 0x46,
0x72, 0x3a, 0x72, 0x3a, 0x7e, 0x32, 0x88, 0x2a, 0x88, 0x30, 0x91, 0x3b, 0x9b, 0x44, 0x9b, 0x44,
0xa5, 0x50, 0xae, 0x5a, 0xae, 0x5a, 0xb9, 0x65, 0xc2, 0x72, 0x08, 0x71, 0xc2, 0xcb, 0x7e, 0xd6,
0x1b, 0x9f, 0x9f, 0x8d, 0x8e, 0xa0, 0x1f, 0xa0, 0x8e, 0x9f, 0x8f, 0x9f, 0x91, 0x9f, 0x90, 0x9e,
0x92, 0x9d, 0x93, 0x9d, 0x93, 0x9b, 0x94, 0x9a, 0x95, 0xab, 0xfb, 0x09, 0x18, 0x7a, 0x7e, 0x78,
0x80, 0x76, 0x82, 0x76, 0x82, 0x74, 0x83, 0x74, 0x85, 0x74, 0x84, 0x73, 0x87, 0x73, 0x88, 0x08,
0x88, 0x73, 0x74, 0x89, 0x76, 0x1b, 0x29, 0x37, 0x9c, 0xae, 0x45, 0x1f, 0x44, 0xad, 0x52, 0xbb,
0x5f, 0xc9, 0x5e, 0xc9, 0x6b, 0xd5, 0x78, 0xe1, 0x77, 0xe0, 0x83, 0xe9, 0x8e, 0xf1, 0x8f, 0xf6,
0x9d, 0xf0, 0xab, 0xeb, 0xaa, 0xeb, 0xb6, 0xde, 0xc0, 0xd1, 0xbe, 0xce, 0xc7, 0xbf, 0xd0, 0xb1,
0x08, 0xb1, 0xd0, 0xd7, 0x9e, 0xde, 0x1b, 0xdc, 0xd4, 0x7b, 0x6c, 0xca, 0x1f, 0xca, 0x6b, 0xc1,
0x5e, 0xb6, 0x50, 0xb6, 0x50, 0xab, 0x45, 0xa0, 0x39, 0xa0, 0x38, 0x95, 0x30, 0x88, 0x26, 0x08,
0xfd, 0x45, 0xfb, 0x07, 0x15, 0x8a, 0x69, 0x8b, 0x6d, 0x8e, 0x70, 0x8e, 0x70, 0x90, 0x74, 0x92,
0x79, 0x92, 0x78, 0x95, 0x7d, 0x97, 0x82, 0x08, 0x81, 0x96, 0x99, 0x86, 0x9b, 0x1b, 0x9f, 0x9e,
0x8e, 0x92, 0x9e, 0x1f, 0x9d, 0x92, 0x9c, 0x95, 0x9a, 0x9a, 0x94, 0x94, 0x94, 0x96, 0x94, 0x98,
0x94, 0x97, 0x93, 0x99, 0x92, 0x9b, 0x8c, 0x95, 0x18, 0xb1, 0xf8, 0x47, 0x82, 0x90, 0x81, 0x8e,
0x82, 0x8d, 0x19, 0x8d, 0x81, 0x81, 0x8c, 0x81, 0x1b, 0x68, 0x6c, 0x83, 0x7a, 0x71, 0x1f, 0x70,
0x7a, 0x75, 0x73, 0x79, 0x6c, 0x79, 0x6c, 0x7d, 0x65, 0x80, 0x5f, 0x80, 0x5e, 0x82, 0x5a, 0x86,
0x54, 0x08, 0x0e, 0x1c, 0x04, 0x74, 0xf8, 0x43, 0x15, 0x60, 0x84, 0x64, 0x7c, 0x68, 0x1e, 0x7c,
0x68, 0x76, 0x6d, 0x70, 0x70, 0x7d, 0x7e, 0x7c, 0x7f, 0x7a, 0x80, 0x7a, 0x80, 0x78, 0x81, 0x78,
0x82, 0x9e, 0x7e, 0x9d, 0x7c, 0x9b, 0x7c, 0x9a, 0x7b, 0x99, 0x7a, 0x96, 0x78, 0x9b, 0x72, 0x97,
0x6f, 0x94, 0x6c, 0x08, 0x93, 0x6c, 0x8f, 0x68, 0x64, 0x1a, 0x50, 0x7f, 0x57, 0x74, 0x5e, 0x1e,
0x73, 0x5e, 0x6a, 0x64, 0x60, 0x6c, 0x60, 0x6c, 0x57, 0x73, 0x50, 0x7b, 0x08, 0x7a, 0x4f, 0x49,
0x83, 0x42, 0x1b, 0x4a, 0x4b, 0x93, 0x9a, 0x4d, 0x1f, 0x4c, 0x9a, 0x54, 0xa3, 0x5a, 0xad, 0x5a,
0xac, 0x64, 0xb8, 0x6d, 0xc2, 0x08, 0x6d, 0xc2, 0x7c, 0xce, 0xdb, 0x1a, 0xf7, 0x4d, 0x8d, 0x05,
0x57, 0x95, 0x5f, 0x9f, 0x68, 0x1e, 0x9f, 0x67, 0xa5, 0x6e, 0xab, 0x75, 0xab, 0x74, 0xaf, 0x7b,
0xb3, 0x82, 0x08, 0x81, 0xb3, 0xb3, 0x86, 0xb3, 0x1b, 0xba, 0xb5, 0x90, 0x96, 0xb0, 0x1f, 0xb0,
0x96, 0xab, 0x99, 0xa6, 0x9e, 0xa5, 0x9e, 0x9f, 0xa1, 0x99, 0xa5, 0x08, 0x99, 0xa5, 0x92, 0xa8,
0xaa, 0x1a, 0xab, 0x85, 0xa7, 0x7e, 0xa2, 0x1e, 0x7e, 0xa2, 0x77, 0xa1, 0x6f, 0x9e, 0x76, 0x9a,
0x70, 0x99, 0x6c, 0x98, 0x6c, 0x98, 0x66, 0x99, 0x61, 0x99, 0x63, 0x98, 0x60, 0x99, 0x5c, 0x98,
0x5c, 0x98, 0x60, 0x99, 0x64, 0x9b, 0x6c, 0x98, 0x6d, 0x98, 0x70, 0x9a, 0x6f, 0x9a, 0x72, 0x9b,
0x75, 0x9d, 0x08, 0x62, 0xac, 0x6c, 0xb1, 0x75, 0xb8, 0x08, 0x75, 0xb8, 0x80, 0xc1, 0xca, 0x1a,
0xb4, 0x92, 0xb0, 0x99, 0xad, 0x1e, 0x98, 0xac, 0x9f, 0xa9, 0xa4, 0xa6, 0x98, 0x99, 0x9b, 0x98,
0x9d, 0x97, 0x9c, 0x97, 0x9e, 0x96, 0x9f, 0x95, 0x7c, 0x96, 0x7d, 0x98, 0x7e, 0x98, 0x7e, 0x98,
0x7f, 0x98, 0x80, 0x99, 0x78, 0xa6, 0x7c, 0xaa, 0x81, 0xad, 0x08, 0x81, 0xad, 0x86, 0xb2, 0xb6,
0x1a, 0xc3, 0x97, 0xbe, 0xa3, 0xb8, 0x1e, 0xa2, 0xb8, 0xac, 0xb1, 0xb6, 0xab, 0xb6, 0xab, 0xbe,
0xa4, 0xc7, 0x9c, 0x08, 0x9c, 0xc7, 0xcd, 0x93, 0xd4, 0x1b, 0xd7, 0xcf, 0x82, 0x78, 0xc8, 0x1f,
0xc8, 0x78, 0xbe, 0x6f, 0xb6, 0x67, 0xb5, 0x66, 0xac, 0x5e, 0xa2, 0x56, 0x08, 0xa2, 0x55, 0x96,
0x4d, 0x46, 0x1a, 0xfb, 0x4d, 0x06, 0xb2, 0x84, 0xaf, 0x7e, 0xae, 0x1e, 0x7d, 0xad, 0x77, 0xa9,
0x71, 0xa4, 0x71, 0xa4, 0x6b, 0x9e, 0x65, 0x2b, 0x1d, 0x64, 0x60, 0x92, 0x5a, 0x1b, 0x59, 0x5f,
0x86, 0x80, 0x66, 0x1f, 0x65, 0x80, 0x6b, 0x7c, 0x72, 0x78, 0x71, 0x78, 0x78, 0x74, 0x7e, 0x71,
0x08, 0x7e, 0x71, 0x85, 0x6f, 0x6d, 0x1a, 0x68, 0x91, 0x6e, 0x96, 0x73, 0x1e, 0x96, 0x73, 0x9f,
0x76, 0xa6, 0x78, 0x99, 0x81, 0x9c, 0x81, 0x9e, 0x82, 0x9e, 0x82, 0xa1, 0x81, 0xa3, 0x82, 0xa1,
0x83, 0xa3, 0x83, 0xa6, 0x83, 0xa5, 0x83, 0xa8, 0x83, 0xaa, 0x82, 0xaf, 0x81, 0xad, 0x81, 0xac,
0x80, 0xab, 0x80, 0xa9, 0x80, 0xa8, 0x7f, 0x08, 0xa8, 0x7f, 0xa5, 0x7e, 0xa4, 0x7e, 0xa4, 0x7d,
0xa1, 0x7c, 0xa0, 0x7b, 0xb4, 0x6b, 0xaa, 0x65, 0xa1, 0x5f, 0x08, 0xa0, 0x5e, 0x96, 0x56, 0x4c,
0x1a, 0xfc, 0xb2, 0xf7, 0x98, 0x15, 0x6d, 0x93, 0x6f, 0x93, 0x70, 0x94, 0x70, 0x93, 0x71, 0x94,
0x72, 0x94, 0x75, 0x86, 0x77, 0x84, 0x7a, 0x82, 0x79, 0x82, 0x7c, 0x80, 0x7e, 0x7e, 0x7a, 0x7a,
0x7e, 0x77, 0x82, 0x74, 0x08, 0x82, 0x74, 0x87, 0x72, 0x70, 0x1a, 0x5a, 0x97, 0x64, 0xa2, 0x6e,
0x1e, 0xa2, 0x6e, 0xb2, 0x70, 0xc4, 0x72, 0xa4, 0x80, 0xa9, 0x80, 0xac, 0x80, 0xac, 0x80, 0xb1,
0x80, 0xb4, 0x80, 0xa8, 0x82, 0xa7, 0x83, 0xa6, 0x83, 0xa6, 0x83, 0xa4, 0x82, 0xa4, 0x82, 0xa1,
0x91, 0x9f, 0x93, 0x9e, 0x95, 0x9d, 0x94, 0x9b, 0x97, 0x98, 0x98, 0x08, 0x9c, 0x9c, 0x99, 0x9e,
0x94, 0xa2, 0x94, 0xa1, 0x90, 0xa3, 0x8c, 0xa6, 0x08, 0xab, 0x84, 0xa7, 0x7e, 0xa4, 0x1e, 0x7e,
0xa3, 0x76, 0xa1, 0x6e, 0x9f, 0x7e, 0x94, 0x7c, 0x94, 0x7a, 0x94, 0x7a, 0x94, 0x79, 0x93, 0x77,
0x93, 0x73, 0x95, 0x71, 0x95, 0x6e, 0x95, 0x6e, 0x94, 0x6b, 0x95, 0x68, 0x96, 0x08, 0x0e, 0xf9,
0xaa, 0x16, 0xf8, 0x9c, 0x34, 0x07, 0x3c, 0x46, 0x97, 0xa2, 0x4e, 0x1f, 0x4e, 0xa2, 0x57, 0xac,
0x61, 0xb4, 0x61, 0xb4, 0x6b, 0xbd, 0x76, 0xc4, 0x08, 0x75, 0xc4, 0x80, 0xca, 0xcf, 0x1a, 0xce,
0x96, 0xca, 0xa1, 0xc4, 0x1e, 0xa0, 0xc4, 0xab, 0xbc, 0xb5, 0xb5, 0xb5, 0xb4, 0xbf, 0xac, 0xc8,
0xa3, 0x08, 0xa2, 0xc8, 0xd0, 0x97, 0xda, 0x1b, 0xf7, 0xa5, 0x1c, 0xfa, 0x50, 0x06, 0x0e, 0xf7,
0x7b, 0xf9, 0x39, 0x15, 0xf7, 0xd4, 0xf9, 0x9f, 0x05, 0xf7, 0x13, 0x06, 0xf7, 0xd3, 0xfd, 0x9f,
0x05, 0xfb, 0x3f, 0x06, 0xfb, 0x5a, 0xf8, 0x7a, 0x7c, 0xcf, 0x7c, 0x47, 0xfb, 0x57, 0xfc, 0x7a,
0x05, 0x0e, 0x1c, 0x04, 0x9c, 0xf9, 0x78, 0x15, 0x5f, 0x84, 0x61, 0x7c, 0x62, 0x1e, 0x7c, 0x62,
0x77, 0x67, 0x70, 0x6c, 0x70, 0x6c, 0x6c, 0x72, 0x66, 0x78, 0x08, 0x78, 0x66, 0x63, 0x82, 0x5e,
0x1b, 0x6c, 0x6e, 0x8e, 0x91, 0x70, 0x1f, 0x70, 0x91, 0x70, 0x94, 0x72, 0x97, 0x71, 0x97, 0x72,
0x9a, 0x72, 0x9c, 0x72, 0x9c, 0x71, 0x9f, 0x70, 0xa2, 0x75, 0x9d, 0x76, 0x9b, 0x77, 0x99, 0x76,
0x98, 0x77, 0x96, 0x77, 0x93, 0x7d, 0x91, 0x7d, 0x8f, 0x7d, 0x8e, 0x08, 0x8e, 0x7c, 0x7c, 0x8c,
0x7c, 0x1b, 0x74, 0x75, 0x86, 0x82, 0x77, 0x1f, 0x76, 0x81, 0x7a, 0x7e, 0x7c, 0x7b, 0x7c, 0x7a,
0x80, 0x78, 0x82, 0x75, 0x08, 0x82, 0x74, 0x87, 0x73, 0x72, 0x1a, 0xfb, 0x1a, 0x9c, 0x05, 0xb7,
0x92, 0xb5, 0x9a, 0xb3, 0x1e, 0x9a, 0xb3, 0x9f, 0xae, 0xa6, 0xa9, 0xa5, 0xa9, 0xaa, 0xa3, 0xb0,
0x9d, 0x08, 0x9c, 0xb0, 0xb3, 0x94, 0xb8, 0x1b, 0xaa, 0xa8, 0x88, 0x85, 0xa7, 0x1f, 0xa6, 0x84,
0xa6, 0x82, 0xa5, 0x7f, 0xa5, 0x7f, 0xa5, 0x7c, 0xa4, 0x7a, 0xa4, 0x7a, 0xa4, 0x77, 0xa5, 0x76,
0x9c, 0x7c, 0x9c, 0x7e, 0x9b, 0x80, 0x9b, 0x7f, 0x9b, 0x81, 0x9a, 0x83, 0x9d, 0x81, 0x9d, 0x84,
0x9e, 0x86, 0x9e, 0x86, 0x9e, 0x88, 0x9f, 0x8c, 0x08, 0xa2, 0xa1, 0x90, 0x96, 0xa0, 0x1f, 0x9f,
0x96, 0x9d, 0x99, 0x9a, 0x9d, 0x9a, 0x9c, 0x96, 0xa0, 0x94, 0xa2, 0x08, 0x94, 0xa2, 0x8f, 0xa4,
0xa4, 0x1a, 0x0e, 0x20, 0x0a, 0xee, 0xf9, 0x22, 0x20, 0x1d, 0x20, 0x0a, 0xf7, 0xc5, 0xf8, 0x5a,
0x23, 0x1d, 0x20, 0x0a, 0xfb, 0xda, 0xf8, 0xb8, 0x22, 0x1d, 0x20, 0x0a, 0xdd, 0xf8, 0x1b, 0x25,
0x1d, 0x20, 0x0a, 0xfb, 0x60, 0xf8, 0xc6, 0x35, 0x1d, 0x20, 0x0a, 0xf7, 0xed, 0xf9, 0x36, 0x21,
0x0a, 0x2e, 0x0a, 0xfb, 0x8c, 0xfc, 0x4a, 0x32, 0x1d, 0x22, 0x0a, 0xfb, 0x96, 0xfa, 0x76, 0x20,
0x1d, 0x22, 0x0a, 0x57, 0xf9, 0xae, 0x23, 0x1d, 0x22, 0x0a, 0xfd, 0x3f, 0xfa, 0x0c, 0x22, 0x1d,
0x22, 0x0a, 0xfb, 0xa7, 0xf9, 0x6f, 0x25, 0x1d, 0x53, 0x0a, 0x25, 0x0a, 0xf8, 0x7f, 0xf8, 0xa5,
0x20, 0x1d, 0x25, 0x0a, 0xf9, 0x4d, 0xf7, 0xdd, 0x15, 0x72, 0xfb, 0x2e, 0x07, 0xfb, 0x2a, 0xf7,
0x2b, 0xfb, 0x29, 0xfb, 0x2b, 0x05, 0xfb, 0x2c, 0xa5, 0x06, 0xf7, 0x89, 0xf7, 0x83, 0x05, 0xf7,
0x04, 0x06, 0x0e, 0x25, 0x0a, 0xce, 0xf8, 0x3b, 0x22, 0x1d, 0x25, 0x0a, 0xf8, 0x6e, 0xf7, 0x9e,
0x15, 0xfb, 0x2a, 0x06, 0xfb, 0x8c, 0xf7, 0x9e, 0x37, 0x1d, 0x0e, 0x35, 0x0a, 0xfb, 0x2c, 0xf8,
0x18, 0x21, 0x0a, 0x23, 0x0a, 0xfb, 0x63, 0x1c, 0x04, 0xb1, 0x20, 0x1d, 0x23, 0x0a, 0x8a, 0xfa,
0x7d, 0x23, 0x1d, 0x23, 0x0a, 0xfd, 0x0c, 0xfa, 0xdb, 0x22, 0x1d, 0x23, 0x0a, 0xfb, 0x74, 0xfa,
0x3e, 0x25, 0x1d, 0x4e, 0x0a, 0x0e, 0x23, 0x0a, 0xb2, 0x1c, 0x04, 0xc5, 0x21, 0x0a, 0x2c, 0x1d,
0xfb, 0x2c, 0xf7, 0xf8, 0x20, 0x1d, 0x2c, 0x1d, 0xc1, 0xf7, 0x30, 0x15, 0x72, 0xfb, 0x2e, 0x07,
0xfb, 0x2a, 0xf7, 0x2b, 0xfb, 0x29, 0xfb, 0x2b, 0x05, 0xfb, 0x2c, 0xa5, 0x06, 0xf7, 0x89, 0xf7,
0x83, 0x05, 0xf7, 0x04, 0x06, 0x0e, 0x2c, 0x1d, 0xfc, 0xd5, 0xf7, 0x8e, 0x15, 0xa9, 0x94, 0xa4,
0x9e, 0xa0, 0x1e, 0x9f, 0x9d, 0xa6, 0x95, 0xaf, 0x1b, 0xaf, 0xa6, 0x81, 0x77, 0x3f, 0x1d, 0xf8,
0x42, 0x89, 0x15, 0xa9, 0x94, 0xa4, 0x9e, 0xa0, 0x1e, 0xa0, 0x9d, 0xa6, 0x95, 0xaf, 0x1b, 0xaf,
0x3f, 0x0a, 0x72, 0x6d, 0x1a, 0x6e, 0x40, 0x1d, 0x67, 0x1b, 0x67, 0x70, 0x3d, 0x0a, 0xa8, 0x1a,
0x0e, 0x2c, 0x1d, 0xfb, 0x3d, 0xe8, 0x15, 0xfb, 0x2a, 0x06, 0xfb, 0x8c, 0xf7, 0x9e, 0x37, 0x1d,
0x0e, 0x2b, 0x0a, 0xf8, 0x47, 0xf8, 0x03, 0x20, 0x1d, 0x2b, 0x0a, 0x96, 0xf7, 0x99, 0x22, 0x1d,
0x24, 0x1d, 0xf7, 0x39, 0x1c, 0x05, 0x51, 0x20, 0x1d, 0x24, 0x1d, 0xf8, 0x07, 0x1c, 0x04, 0x89,
0x23, 0x1d, 0x24, 0x1d, 0xfb, 0x98, 0x1c, 0x04, 0xe7, 0x22, 0x1d, 0x24, 0x1d, 0xf7, 0x28, 0xfa,
0xde, 0x15, 0xfb, 0x2a, 0x06, 0xfb, 0x8c, 0xf7, 0x9e, 0x37, 0x1d, 0x0e, 0x24, 0x1d, 0xfb, 0x1e,
0x1c, 0x04, 0xf5, 0x35, 0x1d, 0x24, 0x1d, 0xf8, 0x2f, 0x1c, 0x05, 0x65, 0x21, 0x0a, 0x2f, 0x0a,
0xd1, 0xfb, 0x16, 0x32, 0x1d, 0x27, 0x1d, 0xe5, 0xf8, 0xbd, 0x20, 0x1d, 0x27, 0x1d, 0xf7, 0xbc,
0xf7, 0xf5, 0x23, 0x1d, 0x27, 0x1d, 0xfb, 0xe3, 0xf8, 0x53, 0x22, 0x1d, 0x27, 0x1d, 0xd4, 0xf7,
0xb6, 0x25, 0x1d, 0x2f, 0x1d, 0xf8, 0xc5, 0xf8, 0xc4, 0x20, 0x1d, 0x2f, 0x1d, 0xf9, 0x93, 0xf7,
0xfc, 0x23, 0x1d, 0x2f, 0x1d, 0xf7, 0x1c, 0xf8, 0x5a, 0x22, 0x1d, 0x2f, 0x1d, 0xf8, 0xb4, 0xf7,
0xbd, 0x25, 0x1d, 0x34, 0x0a, 0xf8, 0xe2, 0x1c, 0x05, 0xf2, 0x21, 0x0a, 0x24, 0x0a, 0xf8, 0x29,
0xfa, 0x4b, 0x20, 0x1d, 0x24, 0x0a, 0xf8, 0xf7, 0xf9, 0x83, 0x23, 0x1d, 0x24, 0x0a, 0x77, 0xf9,
0xe1, 0x22, 0x1d, 0x24, 0x0a, 0xf8, 0x18, 0xf9, 0x44, 0x25, 0x1d, 0x4f, 0x0a, 0x0e, 0x24, 0x0a,
0xf9, 0x1f, 0xfa, 0x5f, 0x21, 0x0a, 0x2d, 0x1d, 0xfb, 0xec, 0x1c, 0x05, 0xca, 0x20, 0x1d, 0x2d,
0x1d, 0xfb, 0x1e, 0x1c, 0x05, 0x02, 0x23, 0x1d, 0x2d, 0x1d, 0xfd, 0x94, 0x1c, 0x05, 0x60, 0x22,
0x1d, 0x2d, 0x1d, 0xfb, 0xfd, 0x1c, 0x04, 0xc3, 0x25, 0x1d, 0x29, 0x0a, 0xf8, 0x6a, 0x1c, 0x07,
0x7f, 0x20, 0x1d, 0x29, 0x0a, 0xb8, 0x1c, 0x07, 0x15, 0x22, 0x1d, 0xf9, 0xc1, 0x1c, 0x04, 0xbf,
0x15, 0xfb, 0x2a, 0x06, 0xfb, 0x8c, 0xf7, 0x9e, 0x37, 0x1d, 0x0e, 0xf8, 0xe6, 0x1c, 0x05, 0xc9,
0x20, 0x1d, 0xf9, 0xb2, 0x1c, 0x04, 0xfd, 0x23, 0x1d, 0xf9, 0xce, 0x1c, 0x05, 0xd3, 0x21, 0x0a,
0xfa, 0x5f, 0x1c, 0x05, 0x21, 0x29, 0x1d, 0xf7, 0xb3, 0x1c, 0x05, 0x5b, 0x22, 0x1d, 0xf9, 0x0a,
0x16, 0x7f, 0x57, 0x9e, 0x88, 0x9e, 0x85, 0x9e, 0x83, 0x19, 0x9d, 0x83, 0x9b, 0x80, 0x9a, 0x7e,
0x99, 0x7e, 0x96, 0x7a, 0x94, 0x77, 0x08, 0x94, 0x76, 0x8f, 0x73, 0x6e, 0x1a, 0x66, 0x82, 0x6a,
0x79, 0x6e, 0x1e, 0x79, 0x6e, 0x71, 0x74, 0x6a, 0x79, 0x72, 0x7e, 0x6e, 0x81, 0x6a, 0x28, 0x1d,
0x69, 0x66, 0x87, 0x62, 0x1b, 0x84, 0xf6, 0x05, 0xa2, 0xa0, 0x8d, 0x8f, 0x9f, 0x1f, 0x9f, 0x8e,
0x9d, 0x91, 0x9a, 0x93, 0x9a, 0x93, 0x97, 0x95, 0x94, 0x98, 0x08, 0x94, 0x97, 0x8f, 0x9a, 0x9d,
0x1a, 0x9c, 0x88, 0x99, 0x84, 0x96, 0x1e, 0x84, 0x96, 0x81, 0x95, 0x7e, 0x92, 0x7d, 0x92, 0x7a,
0x90, 0x77, 0x8f, 0x77, 0x8f, 0x74, 0x8e, 0x70, 0x8d, 0xaa, 0xf7, 0x1a, 0x18, 0x0e, 0xf8, 0x1a,
0xf8, 0x97, 0x15, 0xf7, 0x96, 0xfc, 0x21, 0x05, 0xfb, 0x21, 0x06, 0xfb, 0xbb, 0xf8, 0x18, 0x05,
0x9e, 0x07, 0xf7, 0xbb, 0xf8, 0x19, 0x05, 0xf7, 0x21, 0x06, 0xd8, 0xfc, 0x23, 0x75, 0x1d, 0x56,
0x0a, 0xf8, 0x13, 0xfa, 0x49, 0x15, 0xf7, 0xba, 0xfc, 0x19, 0x05, 0x78, 0x07, 0xfb, 0xba, 0xfc,
0x19, 0x05, 0xfb, 0x22, 0x06, 0xf7, 0x96, 0xf8, 0x22, 0xfb, 0x96, 0xf8, 0x23, 0x05, 0xf8, 0x7b,
0x16, 0xf7, 0xba, 0xfc, 0x19, 0x05, 0x78, 0x07, 0xfb, 0xba, 0xfc, 0x19, 0x05, 0xfb, 0x22, 0x06,
0xf7, 0x96, 0xf8, 0x22, 0xfb, 0x96, 0xf8, 0x23, 0x05, 0x0e, 0x2f, 0x1d, 0x0e, 0xfa, 0x02, 0xf8,
0xb3, 0x15, 0xfc, 0x16, 0x86, 0x06, 0x4d, 0x94, 0x51, 0x9e, 0x55, 0x1e, 0x9d, 0x55, 0xa2, 0x60,
0xa8, 0x6a, 0xa9, 0x68, 0xaf, 0x71, 0xb6, 0x7a, 0x08, 0x7a, 0xb6, 0xba, 0x82, 0xc0, 0x1b, 0xb2,
0xb1, 0x8e, 0x91, 0xb0, 0x1f, 0xb0, 0x90, 0xae, 0x94, 0xae, 0x96, 0x9d, 0xfb, 0x2e, 0x18, 0x66,
0x81, 0x64, 0x83, 0x63, 0x86, 0x08, 0x86, 0x63, 0x62, 0x88, 0x61, 0x1b, 0x3d, 0x44, 0x97, 0xa3,
0x4a, 0x1f, 0x4a, 0xa3, 0x53, 0xaf, 0x5c, 0xba, 0x5e, 0xb8, 0x66, 0xc7, 0x6e, 0xd4, 0x08, 0x6e,
0xd4, 0x7d, 0xdb, 0xe0, 0x1a, 0x90, 0xfb, 0x47, 0xf7, 0x0e, 0xf7, 0x47, 0xf7, 0x1e, 0xfb, 0x47,
0xf7, 0x0f, 0xf7, 0x47, 0x8d, 0x07, 0xda, 0x9a, 0xd8, 0xa8, 0xd5, 0x1e, 0xa8, 0xd5, 0xb0, 0xc7,
0xb9, 0xb8, 0xba, 0xb9, 0xc2, 0xae, 0xcb, 0xa2, 0x08, 0xa2, 0xcb, 0xd2, 0x97, 0xd8, 0x1b, 0xb5,
0xb4, 0x88, 0x86, 0xb2, 0x1f, 0xb2, 0x85, 0xb2, 0x83, 0xb4, 0x82, 0x79, 0xfb, 0x2f, 0x18, 0x68,
0x96, 0x68, 0x93, 0x66, 0x92, 0x08, 0x91, 0x66, 0x64, 0x8e, 0x63, 0x1b, 0x57, 0x5c, 0x83, 0x7a,
0x61, 0x1f, 0x61, 0x7a, 0x67, 0x73, 0x6d, 0x6a, 0x6d, 0x6a, 0x73, 0x60, 0x79, 0x54, 0x08, 0x79,
0x54, 0x82, 0x53, 0x52, 0x1a, 0x8a, 0xf8, 0x16, 0xfb, 0x0f, 0xfc, 0x16, 0xfb, 0x1e, 0xf8, 0x16,
0x07, 0x0e, 0x1c, 0x04, 0x9a, 0xf8, 0xde, 0x15, 0x73, 0x8a, 0x73, 0x88, 0x74, 0x1e, 0x88, 0x74,
0x86, 0x74, 0x85, 0x76, 0x81, 0x68, 0x7e, 0x6b, 0x7a, 0x6e, 0x7a, 0x6e, 0x74, 0x72, 0x70, 0x76,
0x74, 0x7a, 0x72, 0x7e, 0x72, 0x26, 0x1d, 0x72, 0x6e, 0x86, 0x6b, 0x1b, 0x68, 0x6c, 0x92, 0x9a,
0x6e, 0x1f, 0x6e, 0x9a, 0x72, 0x9e, 0x74, 0xa2, 0x74, 0xa2, 0x76, 0xa5, 0x7a, 0xa8, 0x79, 0xa8,
0x7c, 0xa7, 0x7e, 0xa7, 0x7e, 0x6f, 0x7c, 0x6f, 0x7a, 0x6e, 0x7a, 0x6e, 0x77, 0x71, 0x74, 0x74,
0x74, 0x74, 0x71, 0x78, 0x6e, 0x27, 0x0a, 0x6e, 0x6c, 0x84, 0x68, 0x1b, 0x6c, 0x6e, 0x90, 0x94,
0x71, 0x1f, 0x70, 0x94, 0x74, 0x97, 0x76, 0x9b, 0x75, 0x9d, 0x77, 0xa1, 0x79, 0xa6, 0x79, 0xa6,
0x7d, 0xa8, 0x80, 0xaa, 0x83, 0xa3, 0x85, 0xa4, 0x87, 0xa6, 0x08, 0x87, 0xa6, 0x89, 0xa6, 0xa6,
0x1a, 0xb5, 0x07, 0xa1, 0x8c, 0xa1, 0x8e, 0xa1, 0x1e, 0x8e, 0xa1, 0x8f, 0xa0, 0x90, 0x9f, 0x94,
0xaf, 0x99, 0xac, 0x9d, 0xaa, 0x9c, 0xa9, 0xa1, 0xa5, 0xa4, 0xa0, 0xa0, 0x9c, 0xa4, 0x99, 0xa6,
0x95, 0x08, 0x94, 0xa6, 0xa8, 0x90, 0xac, 0x1b, 0xae, 0xab, 0x84, 0x7c, 0xa8, 0x1f, 0xa8, 0x7c,
0xa5, 0x78, 0xa2, 0x74, 0xa2, 0x74, 0x9f, 0x71, 0x9c, 0x6e, 0x9c, 0x6e, 0x9a, 0x6f, 0x98, 0x6f,
0x92, 0x9a, 0x92, 0x9b, 0x94, 0x9a, 0x93, 0x9a, 0x94, 0x9a, 0x95, 0x9a, 0x99, 0xa2, 0x9b, 0xa0,
0x9e, 0xa0, 0x9e, 0x9f, 0x9f, 0x9c, 0xa2, 0x99, 0x08, 0x9c, 0x96, 0x9e, 0x93, 0x9f, 0x92, 0x08,
0x91, 0x9e, 0xa0, 0x8e, 0xa2, 0x1b, 0xb0, 0xad, 0x85, 0x7e, 0xaa, 0x1f, 0xa9, 0x7e, 0xa5, 0x79,
0xa2, 0x74, 0x98, 0x7e, 0x98, 0x7b, 0x97, 0x79, 0x96, 0x78, 0x95, 0x78, 0x94, 0x77, 0x96, 0x70,
0x94, 0x6d, 0x91, 0x6c, 0x08, 0x90, 0x6c, 0x8e, 0x6b, 0x6b, 0x1a, 0xfb, 0x10, 0x16, 0xa1, 0x8a,
0xa1, 0x89, 0xa0, 0x1e, 0x88, 0xa0, 0x87, 0x9e, 0x85, 0x9d, 0x87, 0x9a, 0x85, 0x9a, 0x84, 0x9a,
0x84, 0x99, 0x81, 0x97, 0x80, 0x95, 0x7f, 0x97, 0x7d, 0x94, 0x7b, 0x92, 0x08, 0x92, 0x7a, 0x79,
0x8e, 0x76, 0x1b, 0x77, 0x78, 0x86, 0x82, 0x79, 0x1f, 0x79, 0x82, 0x7b, 0x7e, 0x7c, 0x7c, 0x7c,
0x7c, 0x7d, 0x7a, 0x7f, 0x78, 0x7e, 0x78, 0x80, 0x79, 0x82, 0x79, 0x82, 0x78, 0x83, 0x7a, 0x86,
0x7b, 0x85, 0x7a, 0x87, 0x7e, 0x89, 0x81, 0x08, 0x6e, 0x07, 0x8d, 0x81, 0x8f, 0x7e, 0x91, 0x7b,
0x90, 0x7a, 0x93, 0x7a, 0x94, 0x79, 0x94, 0x78, 0x96, 0x79, 0x97, 0x78, 0x97, 0x78, 0x99, 0x7b,
0x9a, 0x7c, 0x9a, 0x7c, 0x9c, 0x7e, 0x9d, 0x82, 0x08, 0x81, 0x9c, 0x9e, 0x86, 0x9f, 0x1b, 0x9f,
0x9d, 0x8e, 0x91, 0x9a, 0x1f, 0x9a, 0x90, 0x99, 0x93, 0x96, 0x95, 0x9a, 0x97, 0x97, 0x9a, 0x94,
0x9f, 0x94, 0x9e, 0x92, 0x9f, 0x90, 0xa1, 0x8e, 0x9b, 0x8e, 0x9c, 0x8d, 0x9c, 0x08, 0x8c, 0x9c,
0x8c, 0x9d, 0x9d, 0x1a, 0xfe, 0x01, 0x16, 0x78, 0x8c, 0x78, 0x8d, 0x78, 0x1e, 0x8d, 0x78, 0x8e,
0x7a, 0x8f, 0x7a, 0x90, 0x76, 0x92, 0x77, 0x94, 0x7a, 0x94, 0x7a, 0x96, 0x7c, 0x98, 0x80, 0x97,
0x81, 0x99, 0x83, 0x9a, 0x86, 0x08, 0x85, 0x9a, 0x9d, 0x88, 0x9f, 0x1b, 0x9f, 0x9e, 0x90, 0x95,
0x9d, 0x1f, 0x9c, 0x94, 0x9c, 0x98, 0x9a, 0x9a, 0x9a, 0x9a, 0x98, 0x9b, 0x98, 0x9e, 0x97, 0x9e,
0x96, 0x9d, 0x94, 0x9e, 0x94, 0x9d, 0x92, 0x9c, 0x91, 0x9b, 0x90, 0x9b, 0x8f, 0x98, 0x8d, 0x96,
0x08, 0xa8, 0x07, 0x89, 0x95, 0x87, 0x98, 0x86, 0x9c, 0x85, 0x9b, 0x84, 0x9c, 0x82, 0x9e, 0x82,
0x9d, 0x80, 0x9d, 0x7f, 0x9e, 0x7e, 0x9e, 0x7e, 0x9c, 0x7c, 0x9a, 0x7c, 0x9a, 0x7a, 0x98, 0x79,
0x94, 0x08, 0x94, 0x79, 0x78, 0x90, 0x77, 0x1b, 0x76, 0x79, 0x88, 0x85, 0x7c, 0x1f, 0x7b, 0x84,
0x7d, 0x82, 0x7f, 0x80, 0x7e, 0x7e, 0x81, 0x7c, 0x82, 0x7a, 0x82, 0x7a, 0x85, 0x78, 0x86, 0x77,
0x87, 0x7b, 0x88, 0x7a, 0x8a, 0x7a, 0x08, 0x89, 0x79, 0x8a, 0x79, 0x78, 0x1a, 0x0e, 0xf8, 0xf6,
0x1c, 0x06, 0x52, 0x15, 0xf8, 0xe1, 0xfe, 0x63, 0xfc, 0xe1, 0xfe, 0x63, 0xfc, 0xe7, 0xfa, 0x63,
0x05, 0xf9, 0x4e, 0xfb, 0x8f, 0x15, 0x9c, 0x8c, 0x9a, 0x8d, 0x98, 0x1e, 0x8d, 0x98, 0x8e, 0x96,
0x8f, 0x96, 0x8f, 0x95, 0x90, 0x95, 0x91, 0x95, 0x90, 0x94, 0x92, 0x95, 0x92, 0x96, 0x9a, 0xa0,
0x9a, 0x9e, 0x9a, 0x9e, 0x9a, 0x9d, 0x98, 0x9e, 0x97, 0x9e, 0x97, 0x9e, 0x95, 0x9f, 0x93, 0xa0,
0x08, 0x92, 0xa0, 0x8f, 0xa4, 0xa6, 0x1a, 0xb6, 0x85, 0xb1, 0x7f, 0xae, 0x1e, 0x7e, 0xad, 0x7a,
0xa8, 0x74, 0xa4, 0x74, 0xa3, 0x6e, 0x9e, 0x69, 0x98, 0x08, 0x98, 0x69, 0x65, 0x91, 0x60, 0x1b,
0x66, 0x68, 0x86, 0x81, 0x6b, 0x1f, 0x6a, 0x81, 0x6f, 0x7b, 0x73, 0x76, 0x72, 0x75, 0x78, 0x6f,
0x7d, 0x6a, 0x7c, 0x69, 0x84, 0x63, 0x8a, 0x5c, 0x08, 0xf7, 0x5f, 0x06, 0x8c, 0xb0, 0x93, 0xa5,
0x99, 0x9b, 0x08, 0x9b, 0x98, 0x9a, 0x93, 0x9b, 0x1b, 0xa4, 0x9c, 0x80, 0x76, 0x96, 0x1f, 0x96,
0x76, 0x90, 0x6f, 0x68, 0x1a, 0x7a, 0x88, 0x7a, 0x86, 0x7a, 0x1e, 0x85, 0x7a, 0x84, 0x7a, 0x83,
0x7c, 0x83, 0x7b, 0x83, 0x7d, 0x82, 0x7e, 0x82, 0x7e, 0x83, 0x80, 0x84, 0x82, 0x78, 0x73, 0x7b,
0x78, 0x80, 0x7e, 0x7f, 0x7e, 0x82, 0x7e, 0x84, 0x7e, 0x84, 0x7e, 0x86, 0x7d, 0x88, 0x7a, 0x08,
0x88, 0x7a, 0x8a, 0x73, 0x6b, 0x1a, 0xf7, 0x5e, 0x30, 0x15, 0xfb, 0x5e, 0xfb, 0x3e, 0xf7, 0x5e,
0x06, 0xfb, 0x00, 0xfd, 0x3e, 0x15, 0x8f, 0x87, 0x87, 0x06, 0x89, 0x1c, 0x0a, 0x8d, 0x15, 0x8f,
0x87, 0x87, 0x06, 0x0e, 0x0e, 0x85, 0x1d, 0x56, 0x0a, 0x1c, 0x04, 0xcd, 0x14, 0x91, 0x13, 0x00,
0x50, 0x02, 0x00, 0x01, 0x00, 0x2e, 0x00, 0xbc, 0x00, 0xc1, 0x00, 0xc6, 0x00, 0xe7, 0x00, 0xf0,
0x00, 0xf4, 0x00, 0xf8, 0x00, 0xfc, 0x01, 0x74, 0x01, 0x78, 0x01, 0x9c, 0x01, 0xa0, 0x01, 0xc4,
0x02, 0xcb, 0x02, 0xfc, 0x03, 0x01, 0x03, 0x1a, 0x03, 0x20, 0x03, 0x89, 0x04, 0x00, 0x04, 0x21,
0x04, 0x42, 0x04, 0x50, 0x04, 0xda, 0x05, 0x5b, 0x05, 0x67, 0x05, 0x84, 0x05, 0x9f, 0x05, 0xa8,
0x05, 0xb1, 0x05, 0xba, 0x05, 0xbf, 0x05, 0xfb, 0x06, 0x00, 0x06, 0x06, 0x06, 0x09, 0x06, 0x0c,
0x06, 0x10, 0x06, 0x3f, 0x06, 0x44, 0x06, 0x58, 0x06, 0x63, 0x06, 0x69, 0x06, 0x6c, 0x06, 0x71,
0x07, 0x9c, 0x08, 0x47, 0x08, 0xe5, 0x09, 0xb9, 0x0a, 0x65, 0x0a, 0xf1, 0x0a, 0xf4, 0x0b, 0x48,
0x0b, 0xbc, 0x0b, 0xbf, 0x0c, 0x30, 0x0c, 0x33, 0x0c, 0x36, 0x0c, 0x77, 0x0c, 0x7a, 0x0c, 0x96,
0x0c, 0x9c, 0x0c, 0xbf, 0x0c, 0xda, 0x0c, 0xf5, 0x0d, 0x0e, 0x0d, 0x27, 0x0d, 0x38, 0x0d, 0x4a,
0x0d, 0x5a, 0x0d, 0x69, 0x0d, 0x72, 0x0d, 0x78, 0x0d, 0x85, 0x0d, 0x8d, 0x0d, 0x99, 0x0d, 0xa5,
0x0d, 0xb0, 0x0d, 0xb9, 0xf9, 0xf9, 0xf8, 0x0d, 0x15, 0xfc, 0x7a, 0x06, 0xfb, 0x09, 0xfc, 0x0d,
0x05, 0xfb, 0x4d, 0x06, 0xf8, 0x6a, 0x21, 0x1d, 0x05, 0xf7, 0x2f, 0x06, 0xf8, 0x62, 0x30, 0x0a,
0xfb, 0x4c, 0x06, 0xfc, 0xbb, 0xf8, 0xae, 0x15, 0xf8, 0x17, 0x06, 0xfb, 0x54, 0xf9, 0x0c, 0x05,
0x0b, 0x15, 0x6d, 0x86, 0x6e, 0x81, 0x70, 0x1e, 0x80, 0x70, 0x7d, 0x73, 0x79, 0x77, 0x79, 0x76,
0x75, 0x7b, 0x72, 0x7f, 0x08, 0x7f, 0x72, 0x6f, 0x85, 0x6d, 0x1b, 0x75, 0x77, 0x8d, 0x90, 0x7a,
0x1f, 0x7a, 0x90, 0x7b, 0x91, 0x7d, 0x92, 0x7c, 0x92, 0x7e, 0x92, 0x7e, 0x94, 0x7e, 0x93, 0x7f,
0x93, 0x7e, 0x92, 0x7e, 0x92, 0x7d, 0x90, 0x32, 0x0a, 0x7b, 0x8d, 0x79, 0x1b, 0x6e, 0x73, 0x80,
0x76, 0x78, 0x1f, 0x78, 0x75, 0x81, 0x71, 0x8a, 0x6c, 0x23, 0xa3, 0x18, 0xa9, 0x90, 0xa8, 0x96,
0xa7, 0x1e, 0x95, 0xa6, 0x99, 0xa4, 0x9d, 0xa0, 0x9d, 0xa0, 0xa1, 0x9b, 0xa4, 0x2c, 0x0a, 0xa4,
0xa6, 0x91, 0xaa, 0x1b, 0xa7, 0xa4, 0x86, 0x81, 0xa2, 0x1f, 0xa1, 0x81, 0xa1, 0x80, 0xa0, 0x80,
0xa0, 0x7f, 0xa0, 0x80, 0xa1, 0x81, 0x08, 0x81, 0xa0, 0xa3, 0x86, 0xa5, 0x1b, 0x99, 0x98, 0x8e,
0x91, 0x98, 0x1f, 0x98, 0x91, 0x96, 0x93, 0x94, 0x95, 0x94, 0x95, 0x92, 0x44, 0x1d, 0x0e, 0xfa,
0x63, 0x72, 0x1d, 0x0b, 0xfa, 0xf5, 0x4d, 0x0a, 0x0b, 0xf7, 0x0e, 0xf8, 0xbb, 0x3c, 0x0a, 0xd8,
0xd0, 0x7d, 0x6f, 0xc8, 0x1f, 0xc8, 0x6e, 0xbe, 0x64, 0xb6, 0x5a, 0xb5, 0x5a, 0xab, 0x51, 0xa2,
0x48, 0x08, 0xa2, 0x48, 0x96, 0x42, 0x3d, 0x41, 0x0a, 0x0b, 0xf7, 0x42, 0x7e, 0x1d, 0xfe, 0x04,
0x51, 0x1d, 0x0b, 0xfa, 0xce, 0x15, 0x0b, 0x7c, 0x08, 0x7c, 0x0b, 0x94, 0x08, 0x94, 0x0b, 0xf7,
0x99, 0xfc, 0x49, 0x15, 0x7a, 0x76, 0x8d, 0x8f, 0x74, 0x1f, 0x74, 0x8f, 0x79, 0x8e, 0x7f, 0x8e,
0xa9, 0xf7, 0x2b, 0x18, 0x9c, 0x8a, 0x9b, 0x8a, 0x9c, 0x8a, 0x08, 0x8a, 0x9b, 0x98, 0x8a, 0x94,
0x1b, 0xa4, 0xa3, 0x92, 0x99, 0xa0, 0x1f, 0xa0, 0x99, 0x9d, 0x9c, 0x9c, 0x9e, 0x9b, 0x9e, 0x99,
0x9f, 0x97, 0xa0, 0x96, 0xa0, 0x94, 0x9c, 0x92, 0x98, 0xd5, 0xf7, 0x24, 0x18, 0xfc, 0x66, 0xfa,
0x9b, 0x05, 0xf7, 0x63, 0x06, 0xf7, 0xbd, 0xfd, 0x4e, 0xbb, 0xfb, 0x17, 0xbe, 0xf7, 0x13, 0xf7,
0xab, 0xf9, 0x52, 0x05, 0xf7, 0x63, 0x06, 0xfc, 0xb9, 0x1c, 0xfb, 0x1f, 0x7e, 0x6f, 0x7b, 0x6d,
0x78, 0x6c, 0x19, 0x77, 0x6c, 0x73, 0x6e, 0x6f, 0x70, 0x6f, 0x70, 0x6a, 0x75, 0x66, 0x79, 0x08,
0x79, 0x66, 0x60, 0x82, 0x5a, 0x1b, 0x0b, 0x21, 0x1d, 0x15, 0x0b, 0xf8, 0xef, 0xf9, 0x69, 0x15,
0xf7, 0xe0, 0xf9, 0x6f, 0x05, 0xf7, 0x66, 0x06, 0xfc, 0x59, 0xfe, 0x25, 0x88, 0xfc, 0xb3, 0x05,
0xfb, 0x40, 0x06, 0x88, 0xf8, 0xb3, 0xfc, 0x59, 0xfa, 0x25, 0x05, 0xf7, 0x67, 0x06, 0x0b, 0x98,
0x08, 0x98, 0x0b, 0x15, 0x48, 0x7b, 0x47, 0x6c, 0x46, 0x1e, 0x6c, 0x46, 0x60, 0x50, 0x56, 0x5c,
0xfb, 0x07, 0xca, 0x18, 0xab, 0xba, 0xa2, 0xbc, 0x98, 0xc0, 0x08, 0x98, 0xc0, 0x92, 0xc1, 0xc4,
0x1a, 0xf7, 0x47, 0xf7, 0x5d, 0x07, 0x0e, 0xfa, 0xf1, 0xf8, 0x4a, 0x15, 0x82, 0x48, 0x7a, 0x4d,
0x71, 0x53, 0x71, 0x52, 0x69, 0x5b, 0x62, 0x63, 0x61, 0x62, 0x5a, 0x6c, 0x52, 0x75, 0x08, 0x74,
0x52, 0x4b, 0x80, 0x45, 0x1b, 0x4f, 0x55, 0x94, 0x9c, 0x5a, 0x1f, 0x5a, 0x9c, 0x5f, 0xa2, 0x65,
0xa9, 0x64, 0xa9, 0x6a, 0xae, 0x70, 0xb4, 0x6f, 0xb4, 0x74, 0xb7, 0x79, 0xbb, 0x78, 0xbb, 0x7e,
0xbd, 0x82, 0xc0, 0x82, 0xc0, 0x86, 0xc0, 0x8a, 0xc1, 0x08, 0xf7, 0x5f, 0x07, 0x8c, 0xc1, 0x90,
0xc0, 0x94, 0xc0, 0x94, 0xc0, 0x98, 0xbd, 0x9e, 0xbb, 0x9d, 0xbb, 0xa2, 0xb8, 0xa7, 0xb4, 0xa6,
0xb4, 0xac, 0xae, 0xb2, 0xa9, 0xb1, 0xa9, 0xb6, 0xa3, 0xbc, 0x9c, 0x08, 0x9c, 0xbc, 0xc1, 0x93,
0xc8, 0x1b, 0xd4, 0xcc, 0x80, 0x75, 0xc4, 0x1f, 0xc4, 0x74, 0xbd, 0x6c, 0xb4, 0x62, 0xb4, 0x62,
0xad, 0x59, 0xa4, 0x52, 0xa4, 0x52, 0x9b, 0x4b, 0x93, 0x46, 0x08, 0xfb, 0x4d, 0x06, 0x85, 0xb7,
0x81, 0xb4, 0x7c, 0xb1, 0x7c, 0xb1, 0x78, 0xac, 0x72, 0xa8, 0x72, 0xa8, 0x6d, 0xa1, 0x68, 0x9c,
0x08, 0x9b, 0x67, 0x61, 0x93, 0x5a, 0x1b, 0x5f, 0x64, 0x84, 0x7d, 0x6a, 0x1f, 0x69, 0x7c, 0x6e,
0x78, 0x73, 0x72, 0x72, 0x72, 0x77, 0x6f, 0x7b, 0x6a, 0x7a, 0x6a, 0x7e, 0x69, 0x81, 0x66, 0x81,
0x66, 0x84, 0x66, 0x87, 0x65, 0x08, 0x86, 0x64, 0x89, 0x66, 0x67, 0x1a, 0xfb, 0x61, 0x07, 0x67,
0x8d, 0x66, 0x90, 0x65, 0x1e, 0x8f, 0x64, 0x92, 0x66, 0x95, 0x66, 0x95, 0x66, 0x98, 0x68, 0x9b,
0x6a, 0x9b, 0x6a, 0x9f, 0x6f, 0xa4, 0x72, 0xa4, 0x72, 0xa8, 0x77, 0xac, 0x7d, 0x08, 0x7c, 0xac,
0xb2, 0x84, 0xb8, 0x1b, 0xbc, 0xb5, 0x93, 0x9a, 0xaf, 0x1f, 0xae, 0x9a, 0xa9, 0xa1, 0xa4, 0xa7,
0xa4, 0xa6, 0x9e, 0xac, 0x9a, 0xb1, 0x9a, 0xb0, 0x95, 0xb4, 0x91, 0xb7, 0x08, 0x0b, 0x5c, 0x1d,
0x52, 0x5b, 0x68, 0x0a, 0x73, 0x66, 0x73, 0x66, 0x7a, 0x61, 0x81, 0x5d, 0x08, 0x80, 0x5d, 0x86,
0x5d, 0x5c, 0x1a, 0x61, 0x07, 0x5c, 0x90, 0x5c, 0x96, 0x5d, 0x1e, 0x95, 0x5c, 0x9c, 0x62, 0xa3,
0x66, 0xa2, 0x66, 0xab, 0x6d, 0xb2, 0x74, 0x08, 0x74, 0xb2, 0xbb, 0x7f, 0xc5, 0x1b, 0x0b, 0x1c,
0xfa, 0x50, 0x05, 0x0b, 0x1c, 0x04, 0x84, 0x1c, 0x05, 0x12, 0x15, 0xfc, 0x56, 0x1c, 0xfa, 0xee,
0xfb, 0x48, 0x1c, 0x05, 0x12, 0xfc, 0x56, 0xf7, 0x32, 0xfa, 0xcc, 0x06, 0x0b, 0x7c, 0x90, 0x08,
0x90, 0x7c, 0x0b, 0xfa, 0x3c, 0xf8, 0x04, 0x15, 0xb8, 0x81, 0xb0, 0x77, 0xaa, 0x1e, 0x76, 0xaa,
0x71, 0xa5, 0x6b, 0xa0, 0x65, 0x0a, 0xa3, 0x56, 0xa2, 0x5a, 0xa8, 0x60, 0xac, 0x5d, 0x1d, 0xc1,
0x7a, 0xc1, 0x77, 0xc1, 0x74, 0xc1, 0x73, 0xbc, 0x6d, 0xb8, 0x66, 0xb7, 0x69, 0xaf, 0x61, 0xa6,
0x5a, 0x08, 0xa6, 0x5a, 0x98, 0x52, 0x4a, 0x1a, 0x4a, 0x7d, 0x52, 0x6e, 0x5a, 0x1e, 0x6e, 0x5a,
0x65, 0x63, 0x5d, 0x6b, 0x5d, 0x6a, 0x57, 0x73, 0x51, 0x7b, 0x08, 0x7a, 0x51, 0x51, 0x83, 0x51,
0x1b, 0x45, 0x47, 0x97, 0xa2, 0x48, 0x1f, 0x49, 0xa2, 0x50, 0xad, 0x5a, 0xb7, 0x5f, 0xb1, 0x68,
0xb7, 0x72, 0xbe, 0x71, 0xbe, 0x7d, 0xc4, 0x89, 0xca, 0x64, 0x1d, 0x0b, 0xf7, 0x42, 0x16, 0xfa,
0xce, 0xf7, 0x3a, 0x07, 0x98, 0xfb, 0x34, 0x9b, 0xa2, 0x9d, 0xa0, 0x9e, 0x9e, 0x19, 0x9e, 0x9e,
0x9f, 0x9b, 0xa0, 0x99, 0xab, 0xa0, 0xae, 0x9c, 0xb1, 0x97, 0xb0, 0x96, 0xb3, 0x91, 0xb5, 0x8c,
0x08, 0xc4, 0xbe, 0x83, 0x7b, 0xba, 0x1f, 0xb9, 0x7b, 0xb2, 0x72, 0xac, 0x69, 0xac, 0x69, 0xa4,
0x60, 0x9d, 0x57, 0x08, 0x9c, 0x56, 0x94, 0x4d, 0x43, 0x1a, 0xfd, 0x43, 0x48, 0x1d, 0xbb, 0x86,
0xb4, 0x80, 0xac, 0x1e, 0x80, 0xac, 0x7c, 0xa6, 0x76, 0xa0, 0x76, 0xa0, 0x71, 0x9a, 0x6d, 0x28,
0x0a, 0x6c, 0x68, 0x90, 0x64, 0x1b, 0x69, 0x6b, 0x86, 0x82, 0x6e, 0x1f, 0x6e, 0x81, 0x70, 0x7e,
0x72, 0x7a, 0x77, 0x7c, 0x79, 0x7a, 0x7a, 0x78, 0x7a, 0x78, 0x7c, 0x75, 0x7e, 0x74, 0x08, 0xfd,
0x9c, 0x07, 0x0b, 0xfa, 0xd2, 0x16, 0xfb, 0x50, 0x06, 0xfc, 0xc9, 0xfa, 0xd4, 0x88, 0xfe, 0xd4,
0x05, 0xfb, 0x4f, 0x21, 0x1d, 0xf7, 0x50, 0x06, 0xf8, 0xc9, 0xfe, 0xd2, 0x8e, 0xfa, 0xd2, 0x05,
0xf7, 0x4f, 0x06, 0x0b, 0xf7, 0xd9, 0xf7, 0x31, 0x15, 0xf9, 0x86, 0xfb, 0x31, 0xfe, 0x57, 0x06,
0x89, 0xf7, 0x24, 0xf9, 0x69, 0x1c, 0x04, 0x82, 0x05, 0xfd, 0x5c, 0xf7, 0x32, 0xfa, 0x2f, 0x06,
0x8d, 0xfb, 0x21, 0x05, 0x0b, 0xf8, 0x13, 0xf7, 0x31, 0x15, 0xf9, 0x5c, 0xfb, 0x31, 0xfe, 0x15,
0x69, 0x0a, 0x0b, 0xf9, 0x24, 0xf8, 0xe6, 0x15, 0xfb, 0xb7, 0xfc, 0xe6, 0xfb, 0x4c, 0x21, 0x1d,
0xf8, 0x3f, 0x06, 0xcf, 0x8a, 0xcb, 0x81, 0xc7, 0x79, 0xc7, 0x79, 0xc0, 0x70, 0xb8, 0x67, 0xb8,
0x67, 0xae, 0x5e, 0xa5, 0x55, 0x08, 0xa4, 0x54, 0x98, 0x4b, 0x42, 0x1a, 0x5c, 0x84, 0x5f, 0x7e,
0x64, 0x1e, 0x7d, 0x64, 0x78, 0x67, 0x73, 0x6b, 0x73, 0x6b, 0x6e, 0x6f, 0x6a, 0x72, 0x6a, 0x72,
0x66, 0x76, 0x63, 0x7a, 0xf7, 0xc9, 0xfd, 0x02, 0x18, 0x8a, 0x7f, 0x05, 0xfb, 0x57, 0x06, 0xfc,
0xd5, 0xf9, 0x7e, 0x15, 0xf7, 0x8c, 0x06, 0xb4, 0x8c, 0xb2, 0x91, 0xb0, 0x98, 0xb0, 0x97, 0xab,
0x9d, 0xa7, 0xa2, 0xa6, 0xa2, 0xa1, 0xa8, 0x9b, 0xad, 0x08, 0x9b, 0xac, 0x93, 0xb2, 0xb7, 0x1a,
0xba, 0x83, 0xb4, 0x7c, 0xae, 0x1e, 0x7c, 0xae, 0x75, 0xa8, 0x70, 0xa3, 0x70, 0xa2, 0x6a, 0x9d,
0x66, 0x97, 0x65, 0x97, 0x62, 0x91, 0x5e, 0x8c, 0x08, 0xfb, 0x87, 0x06, 0x0b, 0xf8, 0xba, 0x15,
0xdc, 0x95, 0xd5, 0xa0, 0xcf, 0x1e, 0x9f, 0xce, 0xa8, 0xc5, 0xb1, 0x57, 0x1d, 0xc7, 0x99, 0xcd,
0x1b, 0xcc, 0xc3, 0x80, 0x76, 0xbc, 0x1f, 0xbb, 0x75, 0xb5, 0x6b, 0xae, 0x62, 0x08, 0xf8, 0xc5,
0xf7, 0x4d, 0x1c, 0xfa, 0x00, 0xfb, 0x3e, 0x07, 0x83, 0xf7, 0x06, 0x67, 0x5f, 0x60, 0x6a, 0x59,
0x74, 0x19, 0x74, 0x59, 0x51, 0x80, 0x48, 0x74, 0x1d, 0xf7, 0x4d, 0x16, 0x56, 0x91, 0x59, 0x96,
0x5c, 0x1e, 0x96, 0x5c, 0x9d, 0x50, 0x1d, 0xc9, 0xbf, 0x99, 0xa7, 0xb3, 0x1f, 0xb3, 0xa7, 0xac,
0xb1, 0xa3, 0xba, 0x08, 0xf8, 0x8a, 0x07, 0x73, 0xb7, 0x6b, 0xaf, 0x62, 0xa8, 0x08, 0xa7, 0x62,
0x59, 0x99, 0x4e, 0x1b, 0x57, 0x5f, 0x80, 0x76, 0x66, 0x1f, 0x66, 0x76, 0x6c, 0x6e, 0x74, 0x67,
0x73, 0x66, 0x79, 0x61, 0x80, 0x5c, 0x08, 0x80, 0x5b, 0x85, 0x59, 0x56, 0x1a, 0x0b, 0x6c, 0x0a,
0x78, 0x6e, 0x80, 0x65, 0x56, 0x1d, 0xa4, 0xaa, 0x1a, 0x0e, 0xf8, 0x20, 0xf7, 0x2b, 0x15, 0xf9,
0x45, 0xfb, 0x2b, 0xfe, 0x31, 0xf7, 0x1c, 0x06, 0xf9, 0x1a, 0xf9, 0xad, 0x05, 0xfd, 0x11, 0xf7,
0x2d, 0xfa, 0x04, 0xfb, 0x17, 0x06, 0x0b, 0x15, 0xd9, 0x96, 0xd4, 0xa2, 0xce, 0x1e, 0xa2, 0xce,
0xab, 0xc5, 0xb6, 0xbc, 0xb5, 0xbc, 0xbe, 0xb2, 0xc8, 0xa8, 0x08, 0xa7, 0xc8, 0xcf, 0x99, 0xd7,
0x1b, 0x0b, 0x95, 0xa0, 0x79, 0x1f, 0x78, 0x9f, 0x82, 0xa4, 0x0b, 0x15, 0xfd, 0xd7, 0xf7, 0x2b,
0xf9, 0xd7, 0x06, 0x0e, 0xa6, 0x81, 0x76, 0x9e, 0x1f, 0x9e, 0x76, 0x94, 0x0b, 0x05, 0xf7, 0x68,
0x06, 0x0b, 0x65, 0x1d, 0xf7, 0x4d, 0x16, 0x56, 0x91, 0x58, 0x98, 0x5b, 0x1e, 0x98, 0x5a, 0x9e,
0x61, 0xa5, 0x66, 0xa4, 0x66, 0xab, 0x6e, 0xb2, 0x76, 0x08, 0x76, 0xb2, 0xb8, 0x80, 0xbe, 0x73,
0x1d, 0xa1, 0x07, 0xc0, 0x85, 0xbd, 0x7e, 0xbc, 0x1e, 0x7e, 0xbb, 0x77, 0xb5, 0x72, 0xb0, 0x71,
0xb0, 0x6b, 0xa8, 0x65, 0xa1, 0x08, 0xa0, 0x64, 0x5e, 0x96, 0x58, 0x61, 0x0a, 0x0b, 0xf8, 0xf8,
0x5e, 0x1d, 0x0b, 0xf8, 0x0c, 0xf8, 0xdc, 0x5f, 0x1d, 0x4b, 0x1d, 0x0e, 0x4d, 0x1d, 0x0e, 0xfb,
0x27, 0x68, 0x1d, 0x15, 0xaa, 0x8f, 0xac, 0x93, 0xae, 0x1e, 0x92, 0xae, 0x97, 0xad, 0x9a, 0xad,
0x9a, 0xac, 0x9d, 0xab, 0xa0, 0xaa, 0xa0, 0xaa, 0xa4, 0xa6, 0xa7, 0xa3, 0xf0, 0x43, 0x18, 0x6c,
0x5c, 0x73, 0x5a, 0x7c, 0x5a, 0x08, 0x7b, 0x5a, 0x83, 0x55, 0x52, 0x1a, 0xfb, 0x29, 0xfb, 0x49,
0x07, 0x0b, 0xf7, 0x5f, 0x78, 0x1d, 0x0b, 0x15, 0xfb, 0x21, 0xf8, 0xb1, 0x06, 0xfb, 0x56, 0x58,
0x05, 0xf7, 0x07, 0x07, 0xf7, 0xd3, 0xf4, 0x05, 0x9b, 0x06, 0x0b, 0x78, 0x76, 0x1e, 0x76, 0x77,
0x6e, 0x80, 0x66, 0x56, 0x1d, 0x0b, 0x15, 0xab, 0x95, 0xa6, 0x9e, 0x0b, 0x58, 0x1d, 0x0e, 0xf9,
0x18, 0x59, 0x1d, 0x0b, 0xfa, 0xec, 0xf9, 0x18, 0x15, 0x38, 0x80, 0x38, 0x75, 0x37, 0x1e, 0x75,
0x36, 0x69, 0x41, 0x5c, 0x4b, 0x62, 0x52, 0x58, 0x5d, 0x4e, 0x68, 0x08, 0x68, 0x4e, 0x43, 0x79,
0x38, 0x1b, 0x4e, 0x55, 0x94, 0x9e, 0x5c, 0x1f, 0x5c, 0x9d, 0x60, 0xa4, 0x65, 0xab, 0x23, 0xfb,
0x44, 0x18, 0xfb, 0x22, 0x06, 0xf7, 0x34, 0xf7, 0xa2, 0x74, 0xac, 0x78, 0xae, 0x7a, 0xb0, 0x19,
0x7a, 0xb0, 0x7e, 0xb2, 0x80, 0xb3, 0x80, 0xb3, 0x82, 0xb4, 0x86, 0xb5, 0x08, 0x86, 0xb4, 0x88,
0xb4, 0xb4, 0x1a, 0xf7, 0x3a, 0x07, 0x8c, 0xdc, 0x96, 0xde, 0xa0, 0xde, 0x9f, 0xde, 0xab, 0xd3,
0xb8, 0xca, 0xb2, 0xc6, 0xbe, 0xbb, 0xca, 0xb1, 0x08, 0xb0, 0xca, 0xd5, 0x9e, 0xe2, 0x1b, 0xb3,
0xb0, 0x87, 0x83, 0xae, 0x1f, 0xae, 0x82, 0xab, 0x80, 0xa8, 0x7c, 0xa0, 0x80, 0x9e, 0x7f, 0x9e,
0x7e, 0x9d, 0x7d, 0x9c, 0x7c, 0x9b, 0x7b, 0xee, 0xf7, 0x3c, 0x18, 0xf7, 0x22, 0x06, 0xfb, 0x35,
0xfb, 0xa4, 0xb0, 0x4c, 0xa7, 0x45, 0x9e, 0x3f, 0x19, 0x9d, 0x3f, 0x94, 0x40, 0x8a, 0x41, 0x08,
0xfd, 0xd5, 0xfb, 0x3a, 0x15, 0x6e, 0x8d, 0x6d, 0x8e, 0x6c, 0x1e, 0x8e, 0x6c, 0x8f, 0x6c, 0x92,
0x6c, 0x8f, 0x78, 0x90, 0x79, 0x91, 0x78, 0x90, 0x78, 0x92, 0x78, 0x92, 0x7a, 0xf8, 0x86, 0xf9,
0xdf, 0x18, 0x80, 0x9c, 0x7e, 0x9a, 0x7d, 0x99, 0x7d, 0x98, 0x7b, 0x97, 0x7a, 0x95, 0x78, 0x97,
0x75, 0x94, 0x74, 0x92, 0x08, 0x91, 0x74, 0x71, 0x8e, 0x6f, 0x1b, 0x4e, 0x59, 0x7c, 0x6d, 0x63,
0x1f, 0x62, 0x6c, 0x6b, 0x67, 0x72, 0x60, 0x70, 0x58, 0x77, 0x52, 0x80, 0x4d, 0x08, 0x7f, 0x4c,
0x85, 0x51, 0x56, 0x1a, 0xf9, 0x1e, 0x16, 0x8a, 0xb2, 0x89, 0xb4, 0x86, 0xb6, 0x86, 0xb6, 0x82,
0xb5, 0x7e, 0xb4, 0xfc, 0x7f, 0xfd, 0xd2, 0x18, 0xa4, 0x70, 0xa8, 0x75, 0xac, 0x7c, 0x08, 0x7b,
0xac, 0xb2, 0x83, 0xb7, 0x1b, 0xbe, 0xb7, 0x96, 0xa0, 0xb0, 0x1f, 0xaf, 0xa0, 0xaa, 0xa7, 0xa4,
0xae, 0xb3, 0xc2, 0xa5, 0xca, 0x98, 0xd0, 0x97, 0xd0, 0x92, 0xcd, 0x8c, 0xca, 0x08, 0x0b, 0xf7,
0x0e, 0xf8, 0xbb, 0x3c, 0x0a, 0xb1, 0xaf, 0x88, 0x84, 0xad, 0x1f, 0xac, 0x84, 0xab, 0x80, 0xa9,
0x7e, 0xd4, 0xf7, 0x28, 0x18, 0xf7, 0x0f, 0x06, 0x26, 0xfb, 0x61, 0xa8, 0x74, 0xa6, 0x70, 0xa3,
0x6d, 0x19, 0xa2, 0x6c, 0x9f, 0x6a, 0x9b, 0x68, 0x9d, 0x64, 0x99, 0x60, 0x95, 0x5d, 0x08, 0x94,
0x5c, 0x90, 0x5b, 0x58, 0x70, 0x1d, 0x67, 0x69, 0x8e, 0x92, 0x6c, 0x1f, 0x6b, 0x91, 0x6d, 0x94,
0x6e, 0x96, 0x41, 0xfb, 0x2b, 0x18, 0xfb, 0x0f, 0x06, 0xf0, 0xf7, 0x61, 0x49, 0xbc, 0x58, 0xcb,
0x68, 0xda, 0x19, 0x68, 0xda, 0x79, 0xe4, 0xee, 0x1a, 0xf7, 0x4d, 0x16, 0x4e, 0x93, 0x53, 0x9b,
0x57, 0x1e, 0x9b, 0x56, 0xa3, 0x5e, 0xab, 0x65, 0xf7, 0xea, 0xf9, 0x4a, 0x18, 0x78, 0x95, 0x76,
0x93, 0x76, 0x91, 0x08, 0x90, 0x75, 0x73, 0x8e, 0x72, 0x61, 0x0a, 0xf8, 0xfa, 0x16, 0xae, 0x88,
0xac, 0x86, 0xac, 0x1e, 0x86, 0xab, 0x83, 0xa9, 0x80, 0xa8, 0x84, 0x9e, 0x82, 0x9d, 0x82, 0x9c,
0x82, 0x9c, 0x80, 0x9b, 0x7f, 0x9a, 0xfb, 0xe8, 0xfd, 0x45, 0x18, 0x9e, 0x82, 0x9e, 0x85, 0xa0,
0x87, 0x08, 0x86, 0x9f, 0xa0, 0x89, 0xa2, 0x73, 0x1d, 0x0b, 0xf7, 0x41, 0xfc, 0x34, 0x15, 0x6e,
0x0a, 0x9e, 0x9b, 0x9c, 0x9c, 0x9a, 0x19, 0x9c, 0x9a, 0x9e, 0x97, 0x9f, 0x96, 0xa7, 0x9b, 0xaa,
0x97, 0xae, 0x94, 0x08, 0x93, 0xad, 0xb0, 0x8f, 0xb2, 0x60, 0x0a, 0x76, 0x07, 0x3e, 0x82, 0x43,
0x78, 0x48, 0x1e, 0x78, 0x48, 0x70, 0x50, 0x67, 0x5a, 0x67, 0x5a, 0x5f, 0x64, 0x56, 0x6f, 0x08,
0x6f, 0x56, 0x4e, 0x7d, 0x47, 0x1b, 0x62, 0x64, 0x8f, 0x94, 0x68, 0x1f, 0x67, 0x94, 0x6b, 0x97,
0x6e, 0x9b, 0x7a, 0x95, 0x7a, 0x96, 0x7c, 0x98, 0x7c, 0x97, 0x7c, 0x98, 0x7e, 0x9a, 0x08, 0xfc,
0x9c, 0x07, 0xf8, 0xb4, 0xfa, 0x5a, 0x15, 0x5f, 0x0a, 0x82, 0x78, 0x7e, 0x76, 0x7e, 0x78, 0x7c,
0x7a, 0x78, 0x7a, 0x78, 0x7d, 0x77, 0x7e, 0x74, 0x08, 0xfc, 0x9d, 0x07, 0x96, 0x77, 0x98, 0x78,
0x9a, 0x7a, 0x9a, 0x7a, 0x9b, 0x7c, 0x9e, 0x7f, 0xa0, 0x7d, 0xa3, 0x80, 0xa6, 0x83, 0x08, 0x83,
0xa5, 0xa8, 0x87, 0xab, 0x1b, 0xbe, 0xb8, 0x96, 0xa1, 0xb0, 0x1f, 0xb0, 0xa0, 0xaa, 0xa8, 0xa3,
0xb0, 0xa3, 0xb0, 0x9d, 0xb5, 0x97, 0x90, 0x1d, 0xf7, 0x97, 0x26, 0x0a, 0x90, 0x25, 0xa1, 0xb1,
0xa8, 0xa9, 0xaf, 0xa0, 0x19, 0xae, 0xa0, 0xb6, 0x96, 0xbe, 0x8c, 0x08, 0xa8, 0xa5, 0x88, 0x85,
0xa2, 0x1f, 0xa2, 0x84, 0x9f, 0x82, 0x9c, 0x7f, 0x98, 0x82, 0x96, 0x7f, 0x96, 0x7e, 0x95, 0x7e,
0x94, 0x7c, 0x92, 0x7a, 0x94, 0x9a, 0x96, 0x9a, 0x98, 0x98, 0x98, 0x98, 0x98, 0x97, 0x9a, 0x95,
0x9e, 0x96, 0xa0, 0x94, 0xa2, 0x92, 0xa2, 0x92, 0xa4, 0x8e, 0xa6, 0x8c, 0x08, 0xb0, 0xad, 0x86,
0x80, 0xa9, 0x1f, 0xa9, 0x80, 0xa4, 0x7a, 0xa0, 0x76, 0xa2, 0x73, 0x9c, 0x6c, 0x97, 0x65, 0x08,
0x97, 0x64, 0x91, 0x5e, 0x57, 0x1a, 0xfd, 0xbc, 0xfb, 0x44, 0xf9, 0xbe, 0x07, 0xa2, 0x88, 0x53,
0x1d, 0x9a, 0x81, 0x96, 0x80, 0x96, 0x7e, 0x93, 0x7c, 0x90, 0x08, 0x90, 0x7b, 0x79, 0x8e, 0x76,
0x1b, 0x75, 0x78, 0x88, 0x85, 0x7b, 0x1f, 0x7b, 0x85, 0x7e, 0x83, 0x80, 0x81, 0x80, 0x80, 0x83,
0x7f, 0x85, 0x7e, 0x85, 0x7d, 0x87, 0x7c, 0x89, 0x7a, 0x08, 0x88, 0x8b, 0x88, 0x88, 0x88, 0x8b,
0x87, 0x87, 0x1a, 0xfd, 0xbe, 0xfb, 0x44, 0xf9, 0xbf, 0x07, 0xa2, 0x89, 0x53, 0x1d, 0x9a, 0x80,
0x96, 0x81, 0x96, 0x7f, 0x93, 0x32, 0x0a, 0x79, 0x8d, 0x77, 0x1b, 0x75, 0x78, 0x89, 0x86, 0x7b,
0x1f, 0x7a, 0x86, 0x7d, 0x83, 0x80, 0x82, 0x82, 0x84, 0x84, 0x82, 0x85, 0x82, 0x84, 0x82, 0x86,
0x81, 0x87, 0x80, 0x08, 0xfd, 0xf1, 0xfb, 0x44, 0xfa, 0xce, 0x07, 0x0b, 0xf7, 0x2f, 0x16, 0x21,
0x1d, 0xf7, 0xe5, 0x07, 0xc4, 0x8a, 0xc0, 0x86, 0xbe, 0x80, 0xbd, 0x80, 0xb9, 0x7b, 0xb6, 0x77,
0xc6, 0x70, 0xc0, 0x67, 0xb8, 0x5f, 0xb9, 0x5e, 0xaf, 0x58, 0xa7, 0x51, 0xa4, 0x5a, 0x9e, 0x55,
0x98, 0x50, 0x98, 0x50, 0x91, 0x4d, 0x8c, 0x48, 0x08, 0x20, 0x07, 0x4b, 0x85, 0x4e, 0x7f, 0x52,
0x1e, 0x7e, 0x52, 0x79, 0x56, 0x74, 0x5b, 0x73, 0x59, 0x6d, 0x5d, 0x66, 0x63, 0x67, 0x62, 0x61,
0x68, 0x5e, 0x6f, 0x5b, 0x6d, 0x55, 0x74, 0x4f, 0x7b, 0x4e, 0x7b, 0x4a, 0x83, 0x45, 0x8a, 0x08,
0xfb, 0x29, 0x2e, 0x1d, 0x1c, 0xfb, 0x7f, 0xf7, 0x29, 0x07, 0xc0, 0x8c, 0xbc, 0x91, 0xb7, 0x98,
0xb6, 0x98, 0xb2, 0x9d, 0xad, 0xa2, 0xaf, 0xa3, 0xaa, 0xa9, 0xa5, 0xae, 0xa6, 0xae, 0x9f, 0xb2,
0x9b, 0xb6, 0x98, 0xae, 0x95, 0xb2, 0x92, 0xb4, 0x92, 0xb4, 0x8e, 0xb5, 0x8c, 0xb8, 0x08, 0xf7,
0x01, 0x07, 0x8a, 0xb8, 0x88, 0xb7, 0x84, 0xb5, 0x84, 0xb4, 0x80, 0xb2, 0x7d, 0xaf, 0x79, 0xba,
0x73, 0xb5, 0x6d, 0xb1, 0x6c, 0xb0, 0x66, 0xaa, 0x5f, 0xa2, 0x6c, 0x9c, 0x68, 0x99, 0x64, 0x95,
0x64, 0x94, 0x61, 0x90, 0x5d, 0x8c, 0x08, 0x0b, 0xf7, 0x3e, 0x16, 0xf9, 0x2e, 0xfb, 0x79, 0xf7,
0x2b, 0xf7, 0x79, 0xf9, 0x13, 0xf7, 0xe5, 0x07, 0xf0, 0x8a, 0xe6, 0x7a, 0xdb, 0x6a, 0xda, 0x6a,
0xcf, 0x5d, 0xc2, 0x50, 0xc2, 0x50, 0xb5, 0x44, 0xa8, 0x39, 0xa8, 0x38, 0x99, 0x30, 0x8c, 0x27,
0x08, 0x20, 0x07, 0x8a, 0x27, 0x7d, 0x30, 0x6e, 0x39, 0x6e, 0x38, 0x61, 0x45, 0x54, 0x50, 0x54,
0x50, 0x47, 0x5d, 0x3c, 0x6a, 0x3b, 0x6a, 0x30, 0x7a, 0x26, 0x8a, 0x08, 0xd2, 0xf9, 0x2e, 0x15,
0xfb, 0x70, 0xfc, 0x97, 0xf7, 0x29, 0x06, 0xda, 0x8c, 0xcf, 0x99, 0xc4, 0xa6, 0xc4, 0xa6, 0xbb,
0xaf, 0xb1, 0xba, 0xb0, 0xba, 0xa7, 0xc2, 0x9e, 0xca, 0x9d, 0xca, 0x94, 0xd0, 0x8c, 0xd5, 0x08,
0xf7, 0x01, 0x07, 0x8a, 0xd5, 0x82, 0xd0, 0x78, 0xca, 0x78, 0xca, 0x6f, 0xc1, 0x66, 0xba, 0x66,
0xb9, 0x5b, 0xaf, 0x52, 0xa6, 0x52, 0xa6, 0x47, 0x99, 0x3c, 0x8c, 0x08, 0xfb, 0x29, 0xfc, 0x7b,
0xf7, 0x70, 0x06, 0x0e, 0x55, 0x0a, 0x0e, 0xf7, 0xfb, 0xfa, 0x2d, 0x15, 0x9a, 0xa1, 0x9b, 0x9f,
0x9d, 0x9e, 0x9d, 0x9d, 0x9e, 0x9b, 0x9f, 0x99, 0xab, 0xa2, 0xae, 0x9d, 0xb2, 0x97, 0xb1, 0x97,
0xb4, 0x91, 0xb6, 0x71, 0x1d, 0xfd, 0x3d, 0x48, 0x1d, 0xb6, 0x86, 0xb0, 0x81, 0xac, 0x1e, 0x81,
0xab, 0x7c, 0xa6, 0x78, 0xa0, 0x76, 0xa2, 0x71, 0x9d, 0x6c, 0x97, 0x6c, 0x96, 0x67, 0x91, 0x62,
0x8a, 0x08, 0x6a, 0x6b, 0x86, 0x82, 0x6d, 0x1f, 0x6d, 0x86, 0x1d, 0x7b, 0x77, 0x7e, 0x76, 0x08,
0xfd, 0xa6, 0xfb, 0x4d, 0x1c, 0x06, 0x00, 0xf7, 0x4d, 0x07, 0x0b, 0xf8, 0x09, 0x26, 0x0a, 0xfd,
0x02, 0x07, 0x48, 0x90, 0x55, 0x96, 0x60, 0x1e, 0x96, 0x60, 0x9a, 0x6a, 0x9f, 0x72, 0x9e, 0x72,
0xa3, 0x7a, 0xa6, 0x26, 0x1d, 0xa6, 0xa8, 0x86, 0xab, 0x1b, 0xb6, 0xb1, 0x90, 0x96, 0xac, 0x1f,
0xac, 0x95, 0xa6, 0x9a, 0xa1, 0x9e, 0x9a, 0x98, 0x97, 0x99, 0x96, 0x9a, 0x96, 0x9a, 0x94, 0x9c,
0x92, 0x9e, 0x08, 0xf9, 0xb3, 0xf7, 0x4e, 0xfe, 0xce, 0xfb, 0x3b, 0x07, 0x82, 0xf7, 0x08, 0x7e,
0x79, 0x7e, 0x7b, 0x7c, 0x7c, 0x19, 0x7c, 0x7c, 0x7c, 0x7d, 0x7a, 0x80, 0x73, 0x7c, 0x71, 0x7f,
0x6e, 0x83, 0x08, 0x83, 0x6e, 0x6b, 0x87, 0x68, 0x1b, 0x5a, 0x60, 0x91, 0x98, 0x65, 0x1f, 0x65,
0x97, 0x6a, 0x9d, 0x70, 0xa3, 0x08, 0xfc, 0x69, 0xfb, 0x4d, 0x1c, 0x05, 0xda, 0x07, 0x0e, 0x58,
0x0a, 0x0e, 0xf9, 0xed, 0x2a, 0x0a, 0xf7, 0x51, 0xfe, 0x89, 0x06, 0x8a, 0x48, 0x7e, 0x4d, 0x73,
0x52, 0x72, 0x52, 0x6a, 0x5b, 0x61, 0x62, 0x61, 0x62, 0x5a, 0x6b, 0x52, 0x74, 0x08, 0x74, 0x52,
0x4c, 0x7f, 0x48, 0x1b, 0x47, 0x4d, 0x95, 0xa0, 0x54, 0x1f, 0x53, 0xa0, 0x5b, 0xa8, 0x62, 0xb2,
0x62, 0xb1, 0x6a, 0xb9, 0x72, 0xc2, 0x72, 0xc1, 0x7c, 0xc8, 0x85, 0xce, 0x08, 0xf7, 0x50, 0x06,
0x8d, 0x62, 0x93, 0x66, 0x9a, 0x68, 0x99, 0x68, 0x9e, 0x6d, 0xa4, 0x72, 0xa4, 0x71, 0xa8, 0x77,
0xae, 0x7d, 0x08, 0x7d, 0xad, 0xb1, 0x84, 0xb6, 0x1b, 0xb7, 0xb2, 0x93, 0x9c, 0xae, 0x1f, 0xae,
0x9b, 0xa8, 0xa1, 0xa4, 0xa7, 0xa3, 0xa7, 0x9e, 0xac, 0x98, 0xb0, 0x98, 0xb0, 0x92, 0xb2, 0x8c,
0xb4, 0x08, 0x0b, 0x62, 0x1d, 0x0e, 0x5b, 0x0a, 0x0e, 0x1c, 0x04, 0xab, 0x16, 0xfc, 0xa7, 0x06,
0x8a, 0xf7, 0xf5, 0x05, 0xfb, 0xca, 0x06, 0xfb, 0x0f, 0xfb, 0xf5, 0x05, 0xfb, 0x5a, 0x06, 0xf8,
0xc4, 0x21, 0x1d, 0x05, 0xf8, 0xd8, 0xfb, 0x2c, 0xfb, 0xe5, 0x06, 0x8d, 0xfc, 0x6b, 0x05, 0xf7,
0xc2, 0xfb, 0x2b, 0xfb, 0xc2, 0x06, 0x8c, 0xfc, 0xa7, 0x05, 0xf7, 0xf9, 0x06, 0xfd, 0xa1, 0xf8,
0x0c, 0x15, 0xf7, 0x8d, 0x06, 0x89, 0xf9, 0x56, 0x05, 0x0b, 0x63, 0x1d, 0x0e, 0x7c, 0x96, 0x7f,
0x99, 0x26, 0x1d, 0x98, 0x9c, 0x86, 0x9f, 0x1b, 0x9e, 0x9c, 0x90, 0x94, 0x98, 0x1f, 0x98, 0x94,
0x96, 0x97, 0x93, 0x6d, 0x0a, 0x9f, 0x79, 0x1d, 0x0b, 0x55, 0x1d, 0x68, 0x6c, 0x1d, 0x0b, 0xc0,
0x85, 0xbd, 0x80, 0xbb, 0x1e, 0x7f, 0xba, 0x79, 0xb5, 0x73, 0xb0, 0x72, 0xaf, 0x6c, 0xa8, 0x66,
0xa0, 0x08, 0xa0, 0x66, 0x5e, 0x96, 0x57, 0x1b, 0x6e, 0x71, 0x88, 0x84, 0x73, 0x1f, 0x72, 0x84,
0x75, 0x0b, 0x1b, 0xd0, 0xc9, 0x7d, 0x70, 0xc0, 0x1f, 0xc0, 0x70, 0xb8, 0x65, 0xaf, 0x5a, 0xaf,
0x5a, 0xa6, 0x51, 0x9e, 0x48, 0x08, 0x9e, 0x47, 0x94, 0x41, 0x3a, 0x1a, 0x0b, 0x1b, 0x58, 0x5e,
0x80, 0x76, 0x65, 0x1f, 0x65, 0x75, 0x6b, 0x6e, 0x72, 0x66, 0x71, 0x66, 0x78, 0x61, 0x7e, 0x5b,
0x08, 0x7e, 0x5a, 0x85, 0x59, 0x56, 0x1a, 0x0b, 0xfa, 0x6c, 0xf9, 0x17, 0x15, 0xfc, 0xf2, 0xfd,
0x17, 0xfb, 0x4f, 0x21, 0x1d, 0xfa, 0x12, 0xfb, 0x32, 0xfd, 0x57, 0xfc, 0x86, 0xf8, 0xf2, 0x06,
0x0b, 0x7a, 0x86, 0x82, 0x7e, 0x1f, 0x7e, 0x82, 0x80, 0x7f, 0x83, 0x7c, 0x82, 0x7c, 0x85, 0x7a,
0x88, 0x78, 0x08, 0x87, 0x78, 0x89, 0x77, 0x77, 0x1a, 0x0b, 0x9a, 0xa9, 0xa0, 0xa5, 0xa0, 0xa4,
0xa4, 0xa0, 0xaa, 0x2b, 0x1d, 0xa9, 0xae, 0x93, 0xb3, 0x1b, 0x0b, 0x6b, 0xa0, 0x68, 0x9c, 0x65,
0x99, 0x64, 0x99, 0x66, 0x98, 0x68, 0x96, 0x58, 0x9c, 0x57, 0x9f, 0x56, 0x0b, 0xa5, 0xa7, 0xa0,
0xac, 0x2b, 0x1d, 0xac, 0xb2, 0x92, 0xb6, 0x1b, 0xb7, 0xb2, 0x84, 0x7c, 0x0b, 0x1e, 0xa0, 0x9e,
0xa8, 0x96, 0xb1, 0x1b, 0xb0, 0xa8, 0x80, 0x76, 0x9f, 0x1f, 0x9e, 0x0b, 0x80, 0x74, 0x64, 0x1f,
0x64, 0x74, 0x6b, 0x6d, 0x0b, 0x21, 0x1d, 0xf7, 0x4d, 0x06, 0x0b, 0x06, 0xdd, 0xf8, 0x34, 0x05,
0xf7, 0x23, 0x06, 0x39, 0xfc, 0x34, 0x05, 0x0b, 0x62, 0x9e, 0x5c, 0x08, 0x9e, 0x5c, 0x94, 0x0b,
0x95, 0x70, 0x6b, 0x1a, 0x6c, 0x81, 0x72, 0x78, 0x76, 0x1e, 0x76, 0x0b, 0x9a, 0x93, 0x9a, 0x91,
0x9c, 0x8f, 0x9e, 0x08, 0x8e, 0x9e, 0x8d, 0x0b, 0x1c, 0x05, 0xda, 0xf7, 0x3d, 0x07, 0x94, 0xfb,
0x0a, 0x9a, 0x0b, 0x15, 0xfe, 0x29, 0xf7, 0x2b, 0xfa, 0x29, 0x06, 0x0e, 0x00, 0x01, 0x00, 0x00,
0x00, 0x0a, 0x00, 0x32, 0x00, 0x34, 0x00, 0x04, 0x44, 0x46, 0x4c, 0x54, 0x00, 0x1a, 0x63, 0x79,
0x72, 0x6c, 0x00, 0x24, 0x67, 0x72, 0x65, 0x6b, 0x00, 0x24, 0x6c, 0x61, 0x74, 0x6e, 0x00, 0x24,
0x00, 0x04, 0x00, 0x00, 0x00, 0x00, 0xff, 0xff, 0x00, 0x00, 0x00, 0x00, 0x00, 0x00, 0x00, 0x00,
0x00, 0x00, 0x00, 0x00, 0x00, 0x01, 0x00, 0x01, 0xff, 0xff, 0x00, 0x0f, 0x04, 0xcd, 0x00, 0x00,
0x00, 0x00, 0x00, 0x51, 0x00, 0xac, 0x00, 0x6b, 0x00, 0x9b, 0x00, 0xb6, 0x00, 0xbf, 0x00, 0x64,
0x00, 0x8d, 0x00, 0xae, 0x00, 0x62, 0x00, 0xac, 0x00, 0xc6, 0x00, 0x94, 0x00, 0x8f, 0x00, 0x6a,
0x00, 0xbf, 0x00, 0x5e, 0x00, 0xb5, 0x00, 0x76, 0x00, 0x4c, 0x00, 0x8b, 0x00, 0x47, 0x00, 0x49,
0x00, 0x57, 0x00, 0x3d, 0x00, 0x72, 0x00, 0x9c, 0x00, 0xaf, 0x00, 0x8f, 0x00, 0x8b, 0x00, 0x87,
0x00, 0x98, 0x00, 0x8c, 0x00, 0xae, 0x00, 0xcb, 0x00, 0xd3, 0x00, 0xb0, 0x00, 0xcb, 0x00, 0x5d,
0x00, 0xae, 0x00, 0x7a, 0x00, 0xad, 0x00, 0x8c, 0x01, 0x49, 0x00, 0xaf, 0x00, 0x8e, 0x00, 0xb4,
0x00, 0x62, 0x00, 0x30, 0x00, 0x6e, 0x00, 0x44, 0x00, 0xa0, 0x00, 0x91, 0x00, 0xd0, 0x00, 0x55,
0x00, 0x5e, 0x00, 0x4b, 0x00, 0xbb, 0x00, 0x8d, 0x00, 0x70, 0x00, 0xb1, 0x00, 0x95, 0x01, 0x82,
0x01, 0x3c, 0x01, 0x43, 0x01, 0x1c, 0x01, 0x10, 0x00, 0x24, 0x00, 0x30, 0x00, 0x26, 0x00, 0x20,
0x00, 0x2b, 0x00, 0x4f, 0x00, 0x2e, 0x00, 0x49, 0x00, 0xa8, 0x00, 0xad, 0x00, 0xa9, 0x00, 0xa2,
0x00, 0x93, 0x00, 0x71, 0x00, 0x21, 0x00, 0xa0, 0x00, 0x67, 0x01, 0xe6, 0x01, 0xf2, 0x00, 0xbf,
0x00, 0xcc, 0x01, 0x62, 0x01, 0xf0, 0x02, 0x22, 0x01, 0xe6, 0x01, 0x09, 0x01, 0xf8, 0x01, 0x9a,
0x00, 0x9b, 0x00, 0xda, 0x00, 0x4a, 0x00, 0x4f, 0x01, 0xee, 0x01, 0x62, 0x01, 0xec, 0x01, 0xcd,
0x01, 0xbc, 0x01, 0x49, 0x01, 0x2d, 0x01, 0x2f, 0x01, 0x65, 0x01, 0x40, 0x01, 0xaa, 0x01, 0x95,
0x01, 0x43, 0x01, 0x43, 0x01, 0x8c, 0x01, 0x8c, 0x00, 0x77, 0x00, 0xa9, 0x00, 0x9c, 0x00, 0xb5,
0x00, 0x73, 0x00, 0xad, 0x00, 0xa9, 0x00, 0xaa, 0x00, 0xb2, 0x00, 0xbb, 0x00, 0xc2, 0x00, 0xbd,
0x00, 0xfc, 0x00, 0xe7, 0x00, 0x2c, 0x00, 0x36, 0x02, 0x1c, 0x01, 0xff, 0x00, 0x77, 0x00, 0x79,
0x00, 0x5a, 0x00, 0x57, 0x00, 0x67, 0x01, 0x69, 0x00, 0xa0, 0x00, 0x3d, 0x00, 0x6b, 0x00, 0x44,
0x00, 0x57, 0x00, 0xd3, 0x00, 0xe7, 0x00, 0x30, 0x00, 0x51, 0x00, 0x51, 0x00, 0x51, 0x00, 0x51,
0x00, 0x51, 0x00, 0x51, 0x00, 0x6b, 0x00, 0xb6, 0x00, 0xb6, 0x00, 0xb6, 0x00, 0xb6, 0xff, 0xc5,
0x00, 0xae, 0x00, 0xae, 0x00, 0xae, 0x00, 0xae, 0x00, 0x8f, 0x00, 0x6a, 0x00, 0x6a, 0x00, 0x6a,
0x00, 0x6a, 0x00, 0x47, 0x00, 0x6a, 0x00, 0x8b, 0x00, 0x8b, 0x00, 0x8b, 0x00, 0x8b, 0x00, 0x3d,
0x00, 0x3d, 0x00, 0x9c, 0x00, 0x9c, 0x00, 0x9c, 0x00, 0x9c, 0x00, 0x9c, 0x00, 0x9c, 0x00, 0x8f,
0x00, 0x87, 0x00, 0x87, 0x00, 0x87, 0x00, 0x87, 0x00, 0xcb, 0x00, 0xcb, 0x00, 0xcb, 0x00, 0xcb,
0x00, 0xae, 0x00, 0x7a, 0x00, 0x7a, 0x00, 0x7a, 0x00, 0x7a, 0x00, 0x7a, 0x00, 0x7a, 0x00, 0xb4,
0x00, 0xb4, 0x00, 0xb4, 0x00, 0xb4, 0x00, 0x44, 0x00, 0x44, 0x01, 0x9f, 0x01, 0x9a, 0x00, 0xc1,
0x00, 0x8a, 0x01, 0x01, 0x01, 0x1f, 0x01, 0xcd, 0x00, 0xd4, 0x00, 0xbc, 0x00, 0xf1, 0x00, 0xcb,
0x00, 0x7f, 0x00, 0x35, 0x00, 0x0f, 0x00, 0x00, 0x00, 0xda, 0x00, 0xbc, 0xb8, 0x01, 0xff, 0x85,
0xb0, 0x04, 0x8d, 0x00
